/Users/hk00604ml/cjy/MscProject-NewsAgent2025/.venv/lib/python3.11/site-packages/jieba/_compat.py:18: UserWarning: pkg_resources is deprecated as an API. See https://setuptools.pypa.io/en/latest/pkg_resources.html. The pkg_resources package is slated for removal as early as 2025-11-30. Refrain from using this package or pin to Setuptools<81.
  import pkg_resources
2025-11-28 20:29:18,851 - INFO - libssl detected, it will be used for encryption
2025-11-28 20:29:18,882 - INFO - 正在加载 KeyBERT 模型: paraphrase-multilingual-MiniLM-L12-v2...
2025-11-28 20:29:18,882 - INFO - Use pytorch device_name: mps
2025-11-28 20:29:18,882 - INFO - Load pretrained SentenceTransformer: paraphrase-multilingual-MiniLM-L12-v2
2025-11-28 20:29:23,710 - INFO - ✓ 成功加载 KeyBERT 模型: paraphrase-multilingual-MiniLM-L12-v2
2025-11-28 20:29:23,710 - INFO - 正在加载 spaCy 模型: zh_core_web_sm...
2025-11-28 20:29:23,710 - INFO - 正在加载 spaCy 模型: zh_core_web_lg...
2025-11-28 20:29:24,807 - INFO - ✓ 成功加载 spaCy 模型: zh_core_web_lg
2025-11-28 20:29:24,816 - INFO - 生产者和消费者初始化成功 (DB: /Users/hk00604ml/cjy/MscProject-NewsAgent2025/testdb_cryptonews.db)
2025-11-28 20:29:24,816 - INFO - Connecting to 91.108.56.117:443/TcpFull...
2025-11-28 20:29:24,899 - INFO - Connection to 91.108.56.117:443/TcpFull complete!
2025-11-28 20:29:25,461 - INFO - >>> 开始实时模式
2025-11-28 20:29:25,462 - INFO - Channel: -1002395608815
2025-11-28 20:29:25,462 - INFO - Time: 2025-10-14T02:58:41+00:00
2025-11-28 20:29:25,462 - INFO - Content: 📢 **Binance: Introducing Enso (ENSO) on Binance HODLer Airdrops! Earn ENSO With Retroactive BNB Simple Earn Subscriptions
**

Binance: 在 Binance HODLer 空投中介绍 Enso (ENSO)！通过BNB简单赚币的追溯订阅来赚取ENSO。

----------
🔗 [查看来源](https://www.binance.com/en/support/articles/1760410712966)
🕒 __2025-10-14 10:58:39__
2025-11-28 20:29:25,462 - INFO - --------------------------------------------------
Building prefix dict from the default dictionary ...
2025-11-28 20:29:25,474 - DEBUG - Building prefix dict from the default dictionary ...
Loading model from cache /var/folders/5k/d6j1b_9n7_xffsspn3t0t79c0000gn/T/jieba.cache
2025-11-28 20:29:25,474 - DEBUG - Loading model from cache /var/folders/5k/d6j1b_9n7_xffsspn3t0t79c0000gn/T/jieba.cache
Loading model cost 0.253 seconds.
2025-11-28 20:29:25,727 - DEBUG - Loading model cost 0.253 seconds.
Prefix dict has been built successfully.
2025-11-28 20:29:25,727 - DEBUG - Prefix dict has been built successfully.
2025-11-28 20:29:26,832 - INFO - Channel: -1002395608815
2025-11-28 20:29:26,832 - INFO - Time: 2025-10-14T02:00:06+00:00
2025-11-28 20:29:26,832 - INFO - Content: 📢 **Binance Will Support the Terra Classic (LUNC) Network Upgrade - 2025-10-20
**

Binance 将支持 Terra Classic (LUNC) 网络升级 - 2025年10月20日

----------
🔗 [查看来源](https://www.binance.com/en/support/articles/1760407201337)
🕒 __2025-10-14 10:00:04__
2025-11-28 20:29:26,832 - INFO - --------------------------------------------------
2025-11-28 20:29:27,005 - INFO - Channel: -1002395608815
2025-11-28 20:29:27,005 - INFO - Time: 2025-10-13T15:30:08+00:00
2025-11-28 20:29:27,005 - INFO - Content: 📢 **New Binance Alpha Coin: 哈基米
CA: 0x82ec31d69b3c289e541b50e30681fd1acad24444
MC: 44.03M
币安 Alpha 新上线币种: 哈基米
合约地址: 0x82ec31d69b3c289e541b50e30681fd1acad24444
市值: 44.03M
**



----------
🔗 [查看来源](https://www.binance.com/en/web3wallet?v=0.8771840479120383)
🕒 __2025-10-13 23:30:00__
2025-11-28 20:29:27,005 - INFO - --------------------------------------------------
2025-11-28 20:29:27,289 - INFO - Channel: -1002395608815
2025-11-28 20:29:27,289 - INFO - Time: 2025-10-13T15:30:03+00:00
2025-11-28 20:29:27,289 - INFO - Content: 📢 **New Binance Alpha Coin: 修仙
CA: 0x44443dd87ec4d1bea3425acc118adb023f07f91b
MC: 11.23M
币安 Alpha 新上线币种: 修仙
合约地址: 0x44443dd87ec4d1bea3425acc118adb023f07f91b
市值: 11.23M
**



----------
🔗 [查看来源](https://www.binance.com/en/web3wallet?v=0.10427338089802851)
🕒 __2025-10-13 23:30:00__
2025-11-28 20:29:27,289 - INFO - --------------------------------------------------
2025-11-28 20:29:27,463 - INFO - Channel: -1002395608815
2025-11-28 20:29:27,463 - INFO - Time: 2025-10-13T15:13:34+00:00
2025-11-28 20:29:27,463 - INFO - Content: 📢 **【Aster】 新增代币(EUL)！
**



----------
🕒 __2025-10-13 23:13:33__
2025-11-28 20:29:27,463 - INFO - --------------------------------------------------
2025-11-28 20:29:27,602 - INFO - Channel: -1002395608815
2025-11-28 20:29:27,602 - INFO - Time: 2025-10-13T15:06:51+00:00
2025-11-28 20:29:27,602 - INFO - Content: 📢 **AggrNews(No accuracy guaranteed):LEADING EUROPEAN ASSET MANAGER AMUNDI WITH €2.3T AUM TO ENTER CRYPTO ETF MARKET: THE BIG WHALE

Link
**

AggrNews(不保证真实性):欧洲领先的资产管理公司 Amundi（管理资产达 2.3 万亿欧元）将进军加密 ETF 市场：大鲸鱼

链接

----------
🔗 [查看来源](https://t.me/AGGRNEWSWIRE/528)
🕒 __2025-10-13 23:06:48__
2025-11-28 20:29:27,602 - INFO - --------------------------------------------------
2025-11-28 20:29:27,758 - INFO - Channel: -1002395608815
2025-11-28 20:29:27,758 - INFO - Time: 2025-10-13T14:40:31+00:00
2025-11-28 20:29:27,758 - INFO - Content: 📢 **AggrNews(No accuracy guaranteed):PYTH NETWORK TEAMS UP WITH KALSHI FOR REAL-TIME PREDICTION MARKET DATA: PYTH

Link
**

AggrNews(不保证真实性):PYTH NETWORK与KALSHI合作，提供实时预测市场数据：PYTH链接。

----------
🔗 [查看来源](https://t.me/AGGRNEWSWIRE/527)
🕒 __2025-10-13 22:40:29__
2025-11-28 20:29:27,758 - INFO - --------------------------------------------------
2025-11-28 20:29:28,049 - INFO - Channel: -1002395608815
2025-11-28 20:29:28,049 - INFO - Time: 2025-10-13T14:00:12+00:00
2025-11-28 20:29:28,049 - INFO - Content: 📢 **Binance Will Add Euler (EUL) on Earn, Buy Crypto, Convert, Margin & Futures
**

Binance 将在 Earn、购买加密货币、转换、保证金和期货交易中添加 Euler (EUL)。

----------
🔗 [查看来源](https://www.binance.com/en/support/articles/1760364007564)
🕒 __2025-10-13 22:00:10__
2025-11-28 20:29:28,049 - INFO - --------------------------------------------------
2025-11-28 20:29:28,112 - INFO - Channel: -1002395608815
2025-11-28 20:29:28,112 - INFO - Time: 2025-10-13T11:13:06+00:00
2025-11-28 20:29:28,112 - INFO - Content: 📢 **The first Binance Wallet Pre-TGE Prime Sale with Yieldbasis (YB) has successfully concluded!

The event was oversubscribed by 23,772%, raising a total of 456,060 BNB (worth over 600M USD), with more than 212K participants joining.

A huge thank you to our community for the…
**

Binance钱包Yieldbasis（YB）首次Pre-TGE Prime销售已圆满结束！

此次活动超额认购了23,772%，共筹集了456,060 BNB（价值超过6亿美元），吸引了超过21.2万名参与者参与。

我们非常感還有社区的支持...

----------
🔗 [查看来源](https://x.com/BinanceWallet/status/1977694061080502273)
🕒 __2025-10-13 19:13:03__
2025-11-28 20:29:28,112 - INFO - --------------------------------------------------
2025-11-28 20:29:28,438 - INFO - Channel: -1002395608815
2025-11-28 20:29:28,438 - INFO - Time: 2025-10-13T10:12:48+00:00
2025-11-28 20:29:28,438 - INFO - Content: 📢 **VeloNews:CHINA RENAISSANCE BANK IN TALKS TO RAISE $600M FOR VEHICLE THAT WOULD INVEST IN ****$BNB****, WITH YZI LABS TO ALSO PARTICIPATE
Source: Bloomberg
**

VeloNews:华兴资本正在洽谈筹集6亿美元，将投资于BNB，且YZI Labs也将参与。
来源：Bloomberg

----------
🕒 __2025-10-13 18:12:46__
2025-11-28 20:29:28,438 - INFO - --------------------------------------------------
2025-11-28 20:29:28,714 - INFO - Channel: -1002395608815
2025-11-28 20:29:28,714 - INFO - Time: 2025-10-13T09:22:53+00:00
2025-11-28 20:29:28,714 - INFO - Content: 📢 **Binance: Introducing Euler (EUL) on Binance HODLer Airdrops! Earn EUL With Retroactive BNB Simple Earn Subscriptions
**

Binance: 在 Binance HODLer 空投活动中推出 Euler（EUL）！通过回溯性 BNB Simple Earn 订阅赚取 EUL。

----------
🔗 [查看来源](https://www.binance.com/en/support/articles/1760347368185)
🕒 __2025-10-13 17:22:51__
2025-11-28 20:29:28,714 - INFO - --------------------------------------------------
2025-11-28 20:29:28,781 - INFO - Channel: -1002395608815
2025-11-28 20:29:28,781 - INFO - Time: 2025-10-13T08:13:01+00:00
2025-11-28 20:29:28,781 - INFO - Content: 📢 **【Aster】 新增代币(1000CHEEMS)！
**



----------
🕒 __2025-10-13 16:13:00__
2025-11-28 20:29:28,781 - INFO - --------------------------------------------------
2025-11-28 20:29:28,872 - INFO - Channel: -1002395608815
2025-11-28 20:29:28,873 - INFO - Time: 2025-10-13T06:01:03+00:00
2025-11-28 20:29:28,873 - INFO - Content: 📢 **Binance Wallet users with 144 or more Binance Alpha Points can join this Pre-TGE Prime Sale event via the Alpha event page. Participating in this event will not consume any of your points.
**

拥有 144 个或以上 Binance Alpha Points 的 Binance Wallet 用户可前往 Alpha 活动页面参与本次预先代币生成（Pre-TGE）Prime Sale 活动。参与此次活动不会消耗您的任何积分。

----------
🔗 [查看来源](https://x.com/BinanceWallet/status/1977615533312008555)
🕒 __2025-10-13 14:01:01__
2025-11-28 20:29:28,873 - INFO - --------------------------------------------------
2025-11-28 20:29:29,044 - INFO - Channel: -1002395608815
2025-11-28 20:29:29,044 - INFO - Time: 2025-10-13T06:00:46+00:00
2025-11-28 20:29:29,044 - INFO - Content: 📢 **Binance: Recall (RECALL) Will Be Available on Binance Alpha and Binance Futures (2025-10-15)
**

Binance: Recall (RECALL) 将上线 Binance Alpha 和 Binance 期货 (2025-10-15)

----------
🔗 [查看来源](https://www.binance.com/en/support/articles/1760335241433)
🕒 __2025-10-13 14:00:43__
2025-11-28 20:29:29,044 - INFO - --------------------------------------------------
2025-11-28 20:29:29,195 - INFO - Channel: -1002117032512
2025-11-28 20:29:29,195 - INFO - Time: 2025-11-17T14:35:28+00:00
2025-11-28 20:29:29,195 - INFO - Content: ETHENA提议以低于1.00的价格回购9500万美元的USDE，以稳定二级市场
2025-11-28 20:29:29,195 - INFO - --------------------------------------------------
2025-11-28 20:29:29,317 - INFO - Channel: -1002117032512
2025-11-28 20:29:29,317 - INFO - Time: 2025-11-13T13:08:11+00:00
2025-11-28 20:29:29,317 - INFO - Content: USUAL 发布更新代币经济学提案，提议减少代币25%的最大供应量和85%的排放量
2025-11-28 20:29:29,317 - INFO - --------------------------------------------------
2025-11-28 20:29:29,358 - INFO - Channel: -1002117032512
2025-11-28 20:29:29,358 - INFO - Time: 2025-11-09T09:10:11+00:00
2025-11-28 20:29:29,358 - INFO - Content: CZ 正在链上销毁钱包中的多个meme代币
2025-11-28 20:29:29,358 - INFO - --------------------------------------------------
2025-11-28 20:29:29,434 - INFO - Channel: -1002117032512
2025-11-28 20:29:29,434 - INFO - Time: 2025-11-06T13:57:39+00:00
2025-11-28 20:29:29,434 - INFO - Content: 币安加入Sei Network成为验证者，提升机构对区块链6.8亿美元TVL生态系统的信心
2025-11-28 20:29:29,434 - INFO - --------------------------------------------------
2025-11-28 20:29:29,473 - INFO - Channel: -1002117032512
2025-11-28 20:29:29,473 - INFO - Time: 2025-11-04T15:34:59+00:00
2025-11-28 20:29:29,473 - INFO - Content: Jupiter 提案通过关于销毁Litterbox中1.3 亿枚JUP代币，约占流通供应量的4%
2025-11-28 20:29:29,473 - INFO - --------------------------------------------------
2025-11-28 20:29:29,544 - INFO - Channel: -1002117032512
2025-11-28 20:29:29,544 - INFO - Time: 2025-11-04T14:16:09+00:00
2025-11-28 20:29:29,544 - INFO - Content: ZKsync 更新代币经济学：所有费用将回购与销毁ZK代币等
2025-11-28 20:29:29,544 - INFO - --------------------------------------------------
2025-11-28 20:29:29,582 - INFO - Channel: -1002117032512
2025-11-28 20:29:29,583 - INFO - Time: 2025-10-23T14:09:43+00:00
2025-11-28 20:29:29,583 - INFO - Content: MANTRA 计划将代币名称从 $OM 更改为$MANTRA，并实施1:4 代币拆分
2025-11-28 20:29:29,583 - INFO - --------------------------------------------------
2025-11-28 20:29:29,603 - INFO - Channel: -1002117032512
2025-11-28 20:29:29,603 - INFO - Time: 2025-10-22T11:46:45+00:00
2025-11-28 20:29:29,603 - INFO - Content: Aave DAO 提议每年 5000 万美元的Aave回购计划以增强 Aavenomics
2025-11-28 20:29:29,603 - INFO - --------------------------------------------------
2025-11-28 20:29:29,646 - INFO - Channel: -1002117032512
2025-11-28 20:29:29,646 - INFO - Time: 2025-10-22T11:00:36+00:00
2025-11-28 20:29:29,646 - INFO - Content: 参议院民主党人要求特朗普特使史蒂夫·维特科夫剥离 1.2 亿美元的World Liberty Financial股份，并解释其持有的加密货币，理由是存在潜在的利益冲突
2025-11-28 20:29:29,646 - INFO - --------------------------------------------------
2025-11-28 20:29:29,691 - INFO - Channel: -1002117032512
2025-11-28 20:29:29,691 - INFO - Time: 2025-10-21T13:33:18+00:00
2025-11-28 20:29:29,691 - INFO - Content: YZi Labs 领投 Sign 2500 万美元融资
2025-11-28 20:29:29,691 - INFO - --------------------------------------------------
2025-11-28 20:29:29,837 - INFO - Channel: -1002117032512
2025-11-28 20:29:29,837 - INFO - Time: 2025-10-16T01:04:28+00:00
2025-11-28 20:29:29,837 - INFO - Content: Jupiter将发起关键治理投票，决定是否销毁已经回购的1.21亿枚 JUP代币
2025-11-28 20:29:29,837 - INFO - --------------------------------------------------
2025-11-28 20:29:29,862 - INFO - Channel: -1002117032512
2025-11-28 20:29:29,862 - INFO - Time: 2025-10-10T08:54:20+00:00
2025-11-28 20:29:29,862 - INFO - Content: Fourmeme 已宕机超过半个小时，无法创建新代币和迁移
2025-11-28 20:29:29,862 - INFO - --------------------------------------------------
2025-11-28 20:29:29,897 - INFO - Channel: -1002117032512
2025-11-28 20:29:29,897 - INFO - Time: 2025-10-09T12:37:55+00:00
2025-11-28 20:29:29,897 - INFO - Content: Rezolve Ai 收购 Subsquid并进行代币更名，并每年收购相当于年收入至少 1% 的 SQD 代币（以 1.5 亿美元 ARR为例相当于代币市值的 3%）
2025-11-28 20:29:29,897 - INFO - --------------------------------------------------
2025-11-28 20:29:30,024 - INFO - Channel: -1002117032512
2025-11-28 20:29:30,024 - INFO - Time: 2025-10-09T11:16:41+00:00
2025-11-28 20:29:30,024 - INFO - Content: Trust Wallet 上线第一个Trust Alpha项目，需锁定 TWT 代币已在APP内上线
2025-11-28 20:29:30,024 - INFO - --------------------------------------------------
2025-11-28 20:29:30,046 - INFO - Channel: -1002117032512
2025-11-28 20:29:30,046 - INFO - Time: 2025-10-09T01:42:18+00:00
2025-11-28 20:29:30,046 - INFO - Content: 目前并不知道下跌原因，但 $AB 已反弹60倍
2025-11-28 20:29:30,046 - INFO - --------------------------------------------------
2025-11-28 20:29:30,066 - INFO - Channel: -1002117032512
2025-11-28 20:29:30,066 - INFO - Time: 2025-10-09T01:31:22+00:00
2025-11-28 20:29:30,066 - INFO - Content: 币安ALPHA板块 “AB” 代币两分钟下跌99%
2025-11-28 20:29:30,066 - INFO - --------------------------------------------------
2025-11-28 20:29:30,124 - INFO - Channel: -1002117032512
2025-11-28 20:29:30,124 - INFO - Time: 2025-10-08T14:34:53+00:00
2025-11-28 20:29:30,124 - INFO - Content: THE: THENA路线图计划启动THE Launchpad
2025-11-28 20:29:30,124 - INFO - --------------------------------------------------
2025-11-28 20:29:30,286 - INFO - Channel: -1002117032512
2025-11-28 20:29:30,286 - INFO - Time: 2025-10-08T07:17:56+00:00
2025-11-28 20:29:30,286 - INFO - Content: YZi Labs 宣布设立 10 亿美元 Builder Fund，为BNB生态系统创始人提供双倍支持
2025-11-28 20:29:30,286 - INFO - --------------------------------------------------
2025-11-28 20:29:30,310 - INFO - Channel: -1002117032512
2025-11-28 20:29:30,310 - INFO - Time: 2025-10-08T01:25:58+00:00
2025-11-28 20:29:30,310 - INFO - Content: Four.meme 过去24小时协议收入超越 Pump.fun
2025-11-28 20:29:30,310 - INFO - --------------------------------------------------
2025-11-28 20:29:30,350 - INFO - Channel: -1002117032512
2025-11-28 20:29:30,350 - INFO - Time: 2025-10-07T12:01:28+00:00
2025-11-28 20:29:30,350 - INFO - Content: CEA Industries ($BNC) 宣布持有 480,000 个BNB代币，加密货币和现金总持有量达 6.63 亿美元
2025-11-28 20:29:30,350 - INFO - --------------------------------------------------
2025-11-28 20:29:30,454 - INFO - Channel: -1002117032512
2025-11-28 20:29:30,454 - INFO - Time: 2025-10-07T00:50:51+00:00
2025-11-28 20:29:30,454 - INFO - Content: Tether 将参与尤文图斯 1.1 亿欧元增资计划，并在下月提交董事会候选名单
2025-11-28 20:29:30,454 - INFO - --------------------------------------------------
2025-11-28 20:29:30,536 - INFO - Channel: -1002117032512
2025-11-28 20:29:30,536 - INFO - Time: 2025-10-02T10:48:26+00:00
2025-11-28 20:29:30,536 - INFO - Content: 币安博客：加密货币造福全球——Giggle Academy 和 Memecoins 如何革新慈善基金

https://www.binance.com/en/blog/charity/3816520953215564972
2025-11-28 20:29:30,536 - INFO - --------------------------------------------------
2025-11-28 20:29:30,594 - INFO - Channel: -1002117032512
2025-11-28 20:29:30,594 - INFO - Time: 2025-10-01T11:02:39+00:00
2025-11-28 20:29:30,594 - INFO - Content: VisionSys AI Inc. 与 Marinade Finance 合作推出基于Solana的 20 亿美元数字财务计划
2025-11-28 20:29:30,594 - INFO - --------------------------------------------------
2025-11-28 20:29:30,623 - INFO - Channel: -1002117032512
2025-11-28 20:29:30,623 - INFO - Time: 2025-09-30T11:35:12+00:00
2025-11-28 20:29:30,623 - INFO - Content: xMoney获得由Sui Foundation领投的 2150 万美元战略融资
2025-11-28 20:29:30,623 - INFO - --------------------------------------------------
2025-11-28 20:29:30,647 - INFO - Channel: -1002117032512
2025-11-28 20:29:30,647 - INFO - Time: 2025-09-29T12:16:36+00:00
2025-11-28 20:29:30,647 - INFO - Content: MetaMask 将在APP中推出 Perp Dex和积分奖励计划
2025-11-28 20:29:30,647 - INFO - --------------------------------------------------
2025-11-28 20:29:30,672 - INFO - Channel: -1002117032512
2025-11-28 20:29:30,672 - INFO - Time: 2025-09-23T14:52:33+00:00
2025-11-28 20:29:30,672 - INFO - Content: Memeland 创始人：已收购一家香港上市公司成立Meme Strategy，现在是Meme Strategy董事长兼CEO
2025-11-28 20:29:30,672 - INFO - --------------------------------------------------
2025-11-28 20:29:30,725 - INFO - Channel: -1002117032512
2025-11-28 20:29:30,725 - INFO - Time: 2025-09-23T02:35:42+00:00
2025-11-28 20:29:30,725 - INFO - Content: 受黑客增发消息影响， UXLINK已下跌40%
2025-11-28 20:29:30,725 - INFO - --------------------------------------------------
2025-11-28 20:29:30,745 - INFO - Channel: -1002117032512
2025-11-28 20:29:30,745 - INFO - Time: 2025-09-23T01:51:40+00:00
2025-11-28 20:29:30,745 - INFO - Content: 黑客又额外发行了10亿个 UXLINK 

https://arbiscan.io/tx/0x35edac40767f65d4d1382f0f55cda2f4db321313e16fe059079f0113f9cb5696
2025-11-28 20:29:30,745 - INFO - --------------------------------------------------
2025-11-28 20:29:30,859 - INFO - Channel: -1002117032512
2025-11-28 20:29:30,859 - INFO - Time: 2025-09-22T11:00:27+00:00
2025-11-28 20:29:30,859 - INFO - Content: AgriFORCE Growing Systems (AGRI) 将成为纳斯达克首家专注于Avalanche的上市公司，并制定了 5.5 亿美元的融资策略
2025-11-28 20:29:30,859 - INFO - --------------------------------------------------
2025-11-28 20:29:30,940 - INFO - Channel: -1002117032512
2025-11-28 20:29:30,940 - INFO - Time: 2025-09-21T11:27:36+00:00
2025-11-28 20:29:30,940 - INFO - Content: Ronin Treasury 将于 9 月 29 日起回购 RON 流通量的 1.3%
2025-11-28 20:29:30,940 - INFO - --------------------------------------------------
2025-11-28 20:29:30,967 - INFO - Channel: -1002117032512
2025-11-28 20:29:30,967 - INFO - Time: 2025-09-21T09:25:22+00:00
2025-11-28 20:29:30,967 - INFO - Content: Trend Research 清仓所有 NeiroETH ，向交易所转入价值1435万美元代币
2025-11-28 20:29:30,967 - INFO - --------------------------------------------------
2025-11-28 20:29:31,016 - INFO - Channel: -1002117032512
2025-11-28 20:29:31,016 - INFO - Time: 2025-09-18T12:08:40+00:00
2025-11-28 20:29:31,016 - INFO - Content: Trust Wallet 推出新的路线图，计划通过独家TGE前空投和Trust Alpha提高 TWT 持有者的收益
2025-11-28 20:29:31,016 - INFO - --------------------------------------------------
2025-11-28 20:29:31,046 - INFO - Channel: -1002117032512
2025-11-28 20:29:31,046 - INFO - Time: 2025-09-17T13:02:33+00:00
2025-11-28 20:29:31,046 - INFO - Content: Wormhole 将推出 w 储备库，用于累积链上和链下协议价值
2025-11-28 20:29:31,046 - INFO - --------------------------------------------------
2025-11-28 20:29:31,071 - INFO - Channel: -1002117032512
2025-11-28 20:29:31,071 - INFO - Time: 2025-09-17T10:00:30+00:00
2025-11-28 20:29:31,071 - INFO - Content: Forward Industries 提交 40 亿美元 ATM 计划，以支持Solana财务战略
2025-11-28 20:29:31,071 - INFO - --------------------------------------------------
2025-11-28 20:29:31,125 - INFO - Channel: -1002117032512
2025-11-28 20:29:31,125 - INFO - Time: 2025-09-16T11:00:44+00:00
2025-11-28 20:29:31,125 - INFO - Content: Sharps Technology 和 BONK 宣布进行质押合作，通过 BonkSOL 质押 2M SOL（价值 400M 美元）
2025-11-28 20:29:31,125 - INFO - --------------------------------------------------
2025-11-28 20:29:31,147 - INFO - Channel: -1002117032512
2025-11-28 20:29:31,147 - INFO - Time: 2025-09-14T02:33:02+00:00
2025-11-28 20:29:31,147 - INFO - Content: Yala 协议疑似遭到黑客攻击，稳定币YU已脱锚
2025-11-28 20:29:31,147 - INFO - --------------------------------------------------
2025-11-28 20:29:31,183 - INFO - Channel: -1002117032512
2025-11-28 20:29:31,183 - INFO - Time: 2025-09-11T04:04:42+00:00
2025-11-28 20:29:31,183 - INFO - Content: Avalanche 区块链旨在为加密货币囤积公司筹集 10 亿美元，资金将用于购买数百万个 Avax
2025-11-28 20:29:31,183 - INFO - --------------------------------------------------
2025-11-28 20:29:31,241 - INFO - Channel: -1002117032512
2025-11-28 20:29:31,241 - INFO - Time: 2025-09-09T09:10:24+00:00
2025-11-28 20:29:31,241 - INFO - Content: 纳斯达克将向GEMINI投资5000万美元丨路透社
2025-11-28 20:29:31,241 - INFO - --------------------------------------------------
2025-11-28 20:29:31,276 - INFO - Channel: -1002117032512
2025-11-28 20:29:31,276 - INFO - Time: 2025-09-09T07:05:20+00:00
2025-11-28 20:29:31,276 - INFO - Content: ETHENA 已满足费用转换指标，很快将开启费用开关
2025-11-28 20:29:31,276 - INFO - --------------------------------------------------
2025-11-28 20:29:31,298 - INFO - Channel: -1002117032512
2025-11-28 20:29:31,298 - INFO - Time: 2025-09-08T10:49:15+00:00
2025-11-28 20:29:31,298 - INFO - Content: Eightco Holdings Inc. （OCTO） 宣布 2.5 亿美元私募，BitMine （BMNR） 额外投资 2000 万美元，以启动全球首个世界币 （WLD） 国库战略
2025-11-28 20:29:31,298 - INFO - --------------------------------------------------
2025-11-28 20:29:31,344 - INFO - Channel: -1002117032512
2025-11-28 20:29:31,344 - INFO - Time: 2025-09-04T12:46:57+00:00
2025-11-28 20:29:31,345 - INFO - Content: Mega Matrix Inc. 申请 20 亿美元通用搁置注册，以 $ ENA 为主要目标加速稳定币治理代币储备（“DAT”）战略
2025-11-28 20:29:31,345 - INFO - --------------------------------------------------
2025-11-28 20:29:31,375 - INFO - Channel: -1002117032512
2025-11-28 20:29:31,375 - INFO - Time: 2025-09-04T12:09:56+00:00
2025-11-28 20:29:31,375 - INFO - Content: Trend Research 继续清仓三个地址中 NeiroETH 代币，价值824万美元
2025-11-28 20:29:31,375 - INFO - --------------------------------------------------
2025-11-28 20:29:31,404 - INFO - Channel: -1002117032512
2025-11-28 20:29:31,404 - INFO - Time: 2025-09-04T02:19:44+00:00
2025-11-28 20:29:31,404 - INFO - Content: Trend Research 关联三个地址向交易所转入全部 NeiroETH 持仓，价值 1000 万美元
2025-11-28 20:29:31,404 - INFO - --------------------------------------------------
2025-11-28 20:29:31,437 - INFO - Channel: -1002117032512
2025-11-28 20:29:31,437 - INFO - Time: 2025-09-02T12:30:40+00:00
2025-11-28 20:29:31,437 - INFO - Content: Cleancore Solutions 筹集 $175M 以实施狗狗币国库战略，DOGE 作为主要国库储备资产
2025-11-28 20:29:31,437 - INFO - --------------------------------------------------
2025-11-28 20:29:31,488 - INFO - Channel: -1002117032512
2025-11-28 20:29:31,489 - INFO - Time: 2025-09-02T10:22:48+00:00
2025-11-28 20:29:31,489 - INFO - Content: Ether Machine 8月额外筹集了15万枚以太坊（价值6.54亿美元），花旗银行正在领投第三轮融资至少5亿美元
2025-11-28 20:29:31,489 - INFO - --------------------------------------------------
2025-11-28 20:29:31,527 - INFO - Channel: -1002117032512
2025-11-28 20:29:31,527 - INFO - Time: 2025-09-02T09:58:44+00:00
2025-11-28 20:29:31,527 - INFO - Content: Conflux 基金会：授权生态系统基金与上市公司在 DAT 的合作，注入的CFX代币锁定期不少于4年
2025-11-28 20:29:31,527 - INFO - --------------------------------------------------
2025-11-28 20:29:31,563 - INFO - Channel: -1002117032512
2025-11-28 20:29:31,563 - INFO - Time: 2025-09-01T11:34:43+00:00
2025-11-28 20:29:31,563 - INFO - Content: World Liberty Financial 文章已经重新上线 

https://medium.com/@wlfi/understanding-the-wlfi-circulating-supply-at-launch-061f904e6923
2025-11-28 20:29:31,563 - INFO - --------------------------------------------------
2025-11-28 20:29:31,665 - INFO - Channel: -1002117032512
2025-11-28 20:29:31,665 - INFO - Time: 2025-09-01T10:46:34+00:00
2025-11-28 20:29:31,665 - INFO - Content: World Liberty Financial 公布初始流通供应量为 24,669,070,265 个代币
2025-11-28 20:29:31,665 - INFO - --------------------------------------------------
2025-11-28 20:29:31,707 - INFO - Channel: -1002117032512
2025-11-28 20:29:31,708 - INFO - Time: 2025-08-30T08:27:54+00:00
2025-11-28 20:29:31,708 - INFO - Content: Loopring Protocol CEO 决定辞职，理由是在扩展业务和流动性问题方面面临挑战
2025-11-28 20:29:31,708 - INFO - --------------------------------------------------
2025-11-28 20:29:31,733 - INFO - Channel: -1002117032512
2025-11-28 20:29:31,733 - INFO - Time: 2025-08-29T06:10:34+00:00
2025-11-28 20:29:31,733 - INFO - Content: 曾提取8000万美元的 Form 巨鲸疑似抛售，已向币安转入价值1861万美元代币
2025-11-28 20:29:31,733 - INFO - --------------------------------------------------
2025-11-28 20:29:31,760 - INFO - Channel: -1002117032512
2025-11-28 20:29:31,760 - INFO - Time: 2025-08-28T14:01:09+00:00
2025-11-28 20:29:31,760 - INFO - Content: 受此消息影响，$PYTH 涨幅超40%👀
2025-11-28 20:29:31,760 - INFO - --------------------------------------------------
2025-11-28 20:29:31,784 - INFO - Channel: -1002117032512
2025-11-28 20:29:31,784 - INFO - Time: 2025-08-28T13:46:47+00:00
2025-11-28 20:29:31,784 - INFO - Content: 美国商务部选择 Pyth Network 在链上验证和分发经济数据
2025-11-28 20:29:31,784 - INFO - --------------------------------------------------
2025-11-28 20:29:31,825 - INFO - Channel: -1002117032512
2025-11-28 20:29:31,825 - INFO - Time: 2025-08-28T07:44:44+00:00
2025-11-28 20:29:31,825 - INFO - Content: Ethena关联多签钱包沉寂400天后向币安转入1500万枚ENA，仍持3.6亿枚ENA
2025-11-28 20:29:31,825 - INFO - --------------------------------------------------
2025-11-28 20:29:31,880 - INFO - Channel: -1002117032512
2025-11-28 20:29:31,880 - INFO - Time: 2025-08-18T06:06:53+00:00
2025-11-28 20:29:31,880 - INFO - Content: AERGO 品牌重塑为 House Party Protocol，$AERGO 1:1 比例兑换为 $HPP
2025-11-28 20:29:31,880 - INFO - --------------------------------------------------
2025-11-28 20:29:31,918 - INFO - Channel: -1002117032512
2025-11-28 20:29:31,918 - INFO - Time: 2025-08-14T15:02:42+00:00
2025-11-28 20:29:31,918 - INFO - Content: Lido联创：计划用stETH回购LDO机制，年底确定最终回购方案
2025-11-28 20:29:31,918 - INFO - --------------------------------------------------
2025-11-28 20:29:31,942 - INFO - Channel: -1002117032512
2025-11-28 20:29:31,942 - INFO - Time: 2025-08-14T12:17:45+00:00
2025-11-28 20:29:31,942 - INFO - Content: 加密货币储备的要点：不会购买，将使用没收的资产 - RTRS
2025-11-28 20:29:31,942 - INFO - --------------------------------------------------
2025-11-28 20:29:31,969 - INFO - Channel: -1002117032512
2025-11-28 20:29:31,969 - INFO - Time: 2025-08-13T13:03:57+00:00
2025-11-28 20:29:31,969 - INFO - Content: Sign Foundation 已执行了价值 1200 万美元 $SIGN代币回购计划
2025-11-28 20:29:31,969 - INFO - --------------------------------------------------
2025-11-28 20:29:31,994 - INFO - Channel: -1002117032512
2025-11-28 20:29:31,994 - INFO - Time: 2025-08-13T09:20:43+00:00
2025-11-28 20:29:31,994 - INFO - Content: OKX 在过去半小时内已向销毁地址转入6525万个OKB
2025-11-28 20:29:31,994 - INFO - --------------------------------------------------
2025-11-28 20:29:32,018 - INFO - Channel: -1002117032512
2025-11-28 20:29:32,018 - INFO - Time: 2025-08-13T06:42:33+00:00
2025-11-28 20:29:32,018 - INFO - Content: OKB突破历史新高，币价最高达到$99.27，最高涨幅超过110%👀
2025-11-28 20:29:32,018 - INFO - --------------------------------------------------
2025-11-28 20:29:32,045 - INFO - Channel: -1002117032512
2025-11-28 20:29:32,045 - INFO - Time: 2025-08-13T06:24:35+00:00
2025-11-28 20:29:32,045 - INFO - Content: OKX 将对历史回购以及预留的 65256712.097 枚 OKB 进行一次性销毁，此后OKB的总发行量将固定为 2100万枚
2025-11-28 20:29:32,045 - INFO - --------------------------------------------------
2025-11-28 20:29:32,094 - INFO - Channel: -1002117032512
2025-11-28 20:29:32,094 - INFO - Time: 2025-08-13T01:10:49+00:00
2025-11-28 20:29:32,094 - INFO - Content: 据知情人士透露，World Liberty 近几个月来一直在谈论接受香港加密服务提供商 HashKey 的投资  —WSJ
2025-11-28 20:29:32,094 - INFO - --------------------------------------------------
Mentioned Currencies:  
Keywords:  [('enso', 0.4406), ('bnb', 0.3774), ('binance', 0.3161), ('introducing', 0.3052), ('airdrops', 0.2836), ('subscriptions', 0.2706), ('介绍', 0.2674), ('订阅', 0.2635), ('hodler', 0.2492), ('空投', 0.2256)]
Mentioned Currencies:  
Keywords:  [('upgrade', 0.4196), ('2025', 0.3762), ('升级', 0.3143), ('network', 0.2903), ('classic', 0.2422), ('网络', 0.1815), ('support', 0.1745), ('terra', 0.1493), ('支持', 0.1403), ('lunc', 0.1213)]
Mentioned Currencies:  MemeCore
Keywords:  [('coin', 0.6439), ('0x82ec31d69b3c289e541b50e30681fd1acad24444', 0.5942), ('币种', 0.5452), ('币安', 0.5136), ('市值', 0.3843), ('alpha', 0.3469), ('binance', 0.3342), ('上线', 0.2929), ('mc', 0.2864), ('合约', 0.2672)]
Mentioned Currencies:  MemeCore
Keywords:  [('coin', 0.6674), ('币种', 0.576), ('0x44443dd87ec4d1bea3425acc118adb023f07f91b', 0.5655), ('币安', 0.5416), ('市值', 0.4179), ('alpha', 0.3367), ('binance', 0.3199), ('修仙', 0.3173), ('上线', 0.2963), ('mc', 0.2906)]
Mentioned Currencies:  Aster
Keywords:  [('aster', 0.5994), ('代币', 0.4819), ('新增', 0.4466), ('eul', 0.4062)]
Mentioned Currencies:  Chainlink
Keywords:  [('crypto', 0.3967), ('加密', 0.3671), ('欧元', 0.3401), ('enter', 0.3358), ('etf', 0.3215), ('欧洲', 0.3177), ('asset', 0.3), ('european', 0.2963), ('资产', 0.2937), ('市场', 0.2907)]
Mentioned Currencies:  Chainlink
Keywords:  [('预测', 0.4952), ('prediction', 0.4755), ('实时', 0.4227), ('数据', 0.3479), ('market', 0.3461), ('市场', 0.3461), ('network', 0.3269), ('aggrnews', 0.3175), ('data', 0.31), ('accuracy', 0.3086)]
Mentioned Currencies:  
Keywords:  [('euler', 0.4518), ('crypto', 0.45), ('期货交易', 0.3883), ('保证金', 0.3762), ('货币', 0.3461), ('加密', 0.3226), ('binance', 0.2888), ('futures', 0.2529), ('购买', 0.2444), ('添加', 0.2362)]
Mentioned Currencies:  MemeCore
Keywords:  [('060bnb', 0.4692), ('亿美元', 0.4553), ('wallet', 0.4492), ('钱包', 0.4436), ('超额', 0.4324), ('total', 0.4095), ('oversubscribed', 0.4081), ('价值', 0.3933), ('销售', 0.3813), ('worth', 0.3711)]
Mentioned Currencies:  MemeCore
Keywords:  [('亿美元', 0.3761), ('raise', 0.372), ('china', 0.3657), ('投资', 0.3644), ('bank', 0.3354), ('资本', 0.306), ('invest', 0.305), ('筹集', 0.261), ('yzi', 0.2446), ('velonews', 0.2284)]
Mentioned Currencies:  
Keywords:  [('euler', 0.5376), ('bnb', 0.4715), ('hodler', 0.3195), ('subscriptions', 0.2879), ('binance', 0.2804), ('订阅', 0.2762), ('airdrops', 0.2745), ('introducing', 0.2502), ('空投', 0.2131), ('retroactive', 0.2048)]
Mentioned Currencies:  Aster
Keywords:  [('1000cheems', 0.7083), ('代币', 0.6369), ('aster', 0.4811), ('新增', 0.4794)]
Mentioned Currencies:  
Keywords:  [('participating', 0.3619), ('wallet', 0.3356), ('event', 0.3272), ('join', 0.3158), ('with144or', 0.303), ('users', 0.2768), ('参与', 0.2768), ('用户', 0.2741), ('代币', 0.2724), ('points', 0.2688)]
Mentioned Currencies:  
Keywords:  [('binance', 0.4776), ('futures', 0.3995), ('recall', 0.3829), ('期货', 0.3689), ('2025', 0.2964), ('上线', 0.2099), ('alpha', 0.1667)]
Mentioned Currencies:  Ethena
Keywords:  [('价格', 0.4179), ('ethena', 0.3449), ('回购', 0.2736), ('市场', 0.2642), ('usde', 0.2622), ('万美元', 0.2385), ('低于', 0.2101), ('提议', 0.1886), ('稳定', 0.1137), ('二级', 0.0795)]
Mentioned Currencies:  
Keywords:  [('排放量', 0.4489), ('经济学', 0.4179), ('提案', 0.3776), ('供应量', 0.3204), ('减少', 0.2915), ('更新', 0.2855), ('提议', 0.2772), ('代币', 0.2354), ('发布', 0.1942), ('最大', 0.1038)]
Mentioned Currencies:  
Keywords:  [('钱包', 0.5407), ('代币', 0.4068), ('销毁', 0.3889), ('链上', 0.3798), ('meme', 0.3678), ('多个', 0.2275), ('正在', 0.1754), ('cz', 0.1694)]
Mentioned Currencies:  
Keywords:  [('network', 0.3649), ('生态系统', 0.2411), ('亿美元', 0.2024), ('信心', 0.1646), ('验证', 0.154), ('机构', 0.1116), ('币安', 0.0708), ('tvl', 0.0641), ('加入', 0.0514), ('区块', 0.0325)]
Mentioned Currencies:  
Keywords:  [('jupiter', 0.4683), ('亿枚', 0.4008), ('供应量', 0.3447), ('代币', 0.2775), ('流通', 0.2749), ('提案', 0.1834), ('litterbox', 0.1787), ('销毁', 0.1515), ('jup', 0.0742)]
Mentioned Currencies:  
Keywords:  [('zk', 0.5434), ('费用', 0.5095), ('代币', 0.4999), ('zksync', 0.4709), ('经济学', 0.4656), ('回购', 0.3986), ('更新', 0.2998), ('销毁', 0.2978), ('所有', 0.2857)]
Mentioned Currencies:  
Keywords:  [('代币', 0.3959), ('mantra', 0.3073), ('改为', 0.2903), ('名称', 0.2369), ('拆分', 0.2009), ('计划', 0.1889), ('实施', 0.1684), ('om', 0.1623)]
Mentioned Currencies:  Aave
Keywords:  [('aavenomics', 0.5531), ('aave', 0.485), ('dao', 0.411), ('提议', 0.361), ('计划', 0.3361), ('万美元', 0.2705), ('回购', 0.2415), ('增强', 0.2413), ('每年', 0.224)]
Mentioned Currencies:  World Liberty Financial
Keywords:  [('特朗普', 0.4118), ('参议院', 0.403), ('liberty', 0.4021), ('民主党人', 0.3509), ('亿美元', 0.3241), ('加密', 0.3086), ('货币', 0.2434), ('利益冲突', 0.222), ('financial', 0.1823), ('股份', 0.1617)]
Mentioned Currencies:  
Keywords:  [('yzi', 0.3676), ('融资', 0.3137), ('sign2500', 0.2169), ('万美元', 0.1112), ('labs', -0.0064), ('领投', -0.0455)]
Mentioned Currencies:  
Keywords:  [('jupiter', 0.5603), ('投票', 0.2709), ('亿枚', 0.2254), ('治理', 0.2246), ('决定', 0.2187), ('代币', 0.1924), ('关键', 0.1254), ('销毁', 0.1244), ('回购', 0.0959), ('是否', 0.0554)]
Mentioned Currencies:  
Keywords:  [('fourmeme', 0.4238), ('宕机', 0.3077), ('小时', 0.285), ('无法', 0.2753), ('半个', 0.195), ('迁移', 0.1764), ('代币', 0.1259), ('超过', 0.07), ('创建', 0.0683)]
Mentioned Currencies:  
Keywords:  [('市值', 0.4965), ('亿美元', 0.4441), ('年收入', 0.4435), ('代币', 0.4278), ('收购', 0.3691), ('subsquid', 0.3132), ('sqd', 0.2542), ('每年', 0.2476), ('arr', 0.2324), ('ai', 0.1899)]
Mentioned Currencies:  
Keywords:  [('trust', 0.5768), ('wallet', 0.386), ('app', 0.3643), ('twt', 0.2631), ('alpha', 0.2266), ('锁定', 0.2061), ('代币', 0.1996), ('第一个', 0.1852), ('项目', 0.116), ('上线', 0.1085)]
Mentioned Currencies:  
Keywords:  [('下跌', 0.3924), ('并不知道', 0.2698), ('反弹', 0.2554), ('ab', 0.2252), ('原因', 0.1637), ('目前', 0.1598)]
Mentioned Currencies:  
Keywords:  [('下跌', 0.4944), ('两分钟', 0.3807), ('代币', 0.2762), ('ab', 0.2261), ('币安', 0.2084), ('板块', 0.1168), ('alpha', 0.0658)]
Mentioned Currencies:  
Keywords:  [('launchpad', 0.8686), ('启动', 0.6186), ('路线图', 0.3652), ('thena', 0.3106), ('计划', 0.2835)]
Mentioned Currencies:  
Keywords:  [('亿美元', 0.3117), ('bnb', 0.2824), ('yzi', 0.2626), ('生态系统', 0.2553), ('fund', 0.2454), ('创始人', 0.1876), ('builder', 0.1741), ('双倍', 0.099), ('设立', 0.011), ('支持', 0.0029)]
Mentioned Currencies:  Pump.fun
Keywords:  [('meme', 0.4831), ('小时', 0.3677), ('fun', 0.3629), ('过去', 0.2735), ('超越', 0.2571), ('协议', 0.2555), ('收入', 0.2486), ('pump', 0.096)]
Mentioned Currencies:  
Keywords:  [('bnc', 0.4682), ('亿美元', 0.4237), ('bnb', 0.3923), ('加密', 0.376), ('现金', 0.3221), ('货币', 0.294), ('代币', 0.2325), ('industries', 0.1743), ('持有', 0.0485), ('宣布', 0.021)]
Mentioned Currencies:  Tether
Keywords:  [('tether', 0.5122), ('提交', 0.2721), ('增资', 0.2629), ('董事会', 0.2521), ('计划', 0.2455), ('候选', 0.2023), ('参与', 0.1684), ('名单', 0.167), ('欧元', 0.1587), ('尤文图斯', 0.1024)]
Mentioned Currencies:  
Keywords:  [('慈善', 0.5117), ('加密', 0.44), ('基金', 0.4365), ('革新', 0.4023), ('博客', 0.3984), ('币安', 0.3864), ('货币', 0.3823), ('全球', 0.3771), ('memecoins', 0.3466), ('giggle', 0.3079)]
Mentioned Currencies:  
Keywords:  [('visionsys', 0.4664), ('财务计划', 0.4103), ('finance', 0.2907), ('亿美元', 0.2593), ('solana', 0.2367), ('ai', 0.1975), ('基于', 0.1267), ('marinade', 0.1229), ('合作', 0.1015), ('数字', 0.0641)]
Mentioned Currencies:  Sui
Keywords: 2025-11-28 20:29:32,176 - INFO - Channel: -1002117032512
2025-11-28 20:29:32,176 - INFO - Time: 2025-08-12T13:00:14+00:00
2025-11-28 20:29:32,176 - INFO - Content: Grayscale 推出DeepBook和Walrus信托，用于投资 DEEP 和WAL代币（两种Sui协议）
2025-11-28 20:29:32,176 - INFO - --------------------------------------------------
2025-11-28 20:29:32,199 - INFO - Channel: -1002117032512
2025-11-28 20:29:32,199 - INFO - Time: 2025-08-11T12:34:15+00:00
2025-11-28 20:29:32,199 - INFO - Content: Heritage Distilling（纳斯达克股票代码：CASK）和 Story Foundation 宣布推出价值 3.6 亿美元的IP代币储备，a16z crypto 和其他知名投资者将参与其中
2025-11-28 20:29:32,199 - INFO - --------------------------------------------------
2025-11-28 20:29:32,269 - INFO - Channel: -1002117032512
2025-11-28 20:29:32,269 - INFO - Time: 2025-08-07T07:38:56+00:00
2025-11-28 20:29:32,269 - INFO - Content: Sign 向币安转入全部社区激励1.5 亿代币，占流通数量的11%
2025-11-28 20:29:32,269 - INFO - --------------------------------------------------
2025-11-28 20:29:32,295 - INFO - Channel: -1002117032512
2025-11-28 20:29:32,295 - INFO - Time: 2025-08-06T11:12:39+00:00
2025-11-28 20:29:32,295 - INFO - Content: PUMPFUN 在日交易量、收入、毕业数、发行数全面反超BONKFUN，自7月5日以来首次实现反转
2025-11-28 20:29:32,295 - INFO - --------------------------------------------------
2025-11-28 20:29:32,323 - INFO - Channel: -1002117032512
2025-11-28 20:29:32,323 - INFO - Time: 2025-08-04T14:11:06+00:00
2025-11-28 20:29:32,323 - INFO - Content: PUMPFUN 在网站中测试了“奖励”功能，交易量激励计划即将上线
2025-11-28 20:29:32,323 - INFO - --------------------------------------------------
2025-11-28 20:29:32,348 - INFO - Channel: -1002117032512
2025-11-28 20:29:32,348 - INFO - Time: 2025-08-04T12:27:31+00:00
2025-11-28 20:29:32,348 - INFO - Content: Verb Technology Company（纳斯达克股票代码：VERB）宣布与 Kingsway Capital 合作进行约 5.58 亿美元的私募，成立首家上市的TON财务策略公司
2025-11-28 20:29:32,348 - INFO - --------------------------------------------------
2025-11-28 20:29:32,379 - INFO - Channel: -1002117032512
2025-11-28 20:29:32,379 - INFO - Time: 2025-08-04T00:52:51+00:00
2025-11-28 20:29:32,379 - INFO - Content: Kaia 基金会已申请多个稳定币商标，包括“KRWKaia”和“KaKRW”
2025-11-28 20:29:32,379 - INFO - --------------------------------------------------
2025-11-28 20:29:32,405 - INFO - Channel: -1002117032512
2025-11-28 20:29:32,405 - INFO - Time: 2025-07-31T13:01:32+00:00
2025-11-28 20:29:32,405 - INFO - Content: Grayscale推出 Grayscale Story Trust  $IP
2025-11-28 20:29:32,405 - INFO - --------------------------------------------------
2025-11-28 20:29:32,431 - INFO - Channel: -1002117032512
2025-11-28 20:29:32,431 - INFO - Time: 2025-07-30T13:54:11+00:00
2025-11-28 20:29:32,431 - INFO - Content: Polygon网络已宕机，超过一个小时未出块
2025-11-28 20:29:32,431 - INFO - --------------------------------------------------
2025-11-28 20:29:32,549 - INFO - Channel: -1002117032512
2025-11-28 20:29:32,549 - INFO - Time: 2025-07-29T13:18:13+00:00
2025-11-28 20:29:32,549 - INFO - Content: PUMPFUN 加大回购力度，将100%日收入用于代币回购
2025-11-28 20:29:32,549 - INFO - --------------------------------------------------
2025-11-28 20:29:32,570 - INFO - Channel: -1002117032512
2025-11-28 20:29:32,571 - INFO - Time: 2025-07-28T13:54:30+00:00
2025-11-28 20:29:32,571 - INFO - Content: Movement 从回购钱包中转移5000万枚代币充值回币安
2025-11-28 20:29:32,571 - INFO - --------------------------------------------------
2025-11-28 20:29:32,592 - INFO - Channel: -1002117032512
2025-11-28 20:29:32,592 - INFO - Time: 2025-07-28T12:00:55+00:00
2025-11-28 20:29:32,592 - INFO - Content: Mill City Ventures III, Ltd. 宣布进行 4.5 亿美元私募，启动Sui Treasury Strategy
2025-11-28 20:29:32,592 - INFO - --------------------------------------------------
2025-11-28 20:29:32,614 - INFO - Channel: -1002117032512
2025-11-28 20:29:32,614 - INFO - Time: 2025-07-28T12:00:30+00:00
2025-11-28 20:29:32,614 - INFO - Content: CEA Industries 和 10X Capital 在 YZi Labs 的支持下宣布进行 5 亿美元私募，以建立全球最大的公开上市BNB资金公司（纳斯达克股票代码：VAPE）
2025-11-28 20:29:32,614 - INFO - --------------------------------------------------
2025-11-28 20:29:32,661 - INFO - Channel: -1002117032512
2025-11-28 20:29:32,661 - INFO - Time: 2025-07-18T13:05:51+00:00
2025-11-28 20:29:32,661 - INFO - Content: 百亚国际集团宣布（股票代码：BIYA）战略收购UpTop.Meme平台，加速 Web3 转型
2025-11-28 20:29:32,661 - INFO - --------------------------------------------------
2025-11-28 20:29:32,702 - INFO - Channel: -1002117032512
2025-11-28 20:29:32,702 - INFO - Time: 2025-07-17T13:16:41+00:00
2025-11-28 20:29:32,702 - INFO - Content: Enlightify Inc.（纽交所代码：ENFY）宣布计划 在未来 12个月内收购价值高达2000万美元的CYBER代币
2025-11-28 20:29:32,702 - INFO - --------------------------------------------------
2025-11-28 20:29:32,749 - INFO - Channel: -1002117032512
2025-11-28 20:29:32,749 - INFO - Time: 2025-07-17T11:02:56+00:00
2025-11-28 20:29:32,749 - INFO - Content: PancakeSwap 24小时内协议费用飙升至2375万美元，超越Tether登顶第一
2025-11-28 20:29:32,749 - INFO - --------------------------------------------------
2025-11-28 20:29:32,774 - INFO - Channel: -1002117032512
2025-11-28 20:29:32,774 - INFO - Time: 2025-07-16T12:45:45+00:00
2025-11-28 20:29:32,774 - INFO - Content: ORCA 计划在七月底或八月初发布一个代币Launchpad
2025-11-28 20:29:32,774 - INFO - --------------------------------------------------
2025-11-28 20:29:32,803 - INFO - Channel: -1002117032512
2025-11-28 20:29:32,803 - INFO - Time: 2025-07-14T23:54:31+00:00
2025-11-28 20:29:32,803 - INFO - Content: Treasure 拟一次性解锁剩余1300万生态基金代币，由市商按市场中性汇率逐步出售   $MAGIC
2025-11-28 20:29:32,803 - INFO - --------------------------------------------------
2025-11-28 20:29:32,847 - INFO - Channel: -1002117032512
2025-11-28 20:29:32,847 - INFO - Time: 2025-07-09T13:43:33+00:00
2025-11-28 20:29:32,847 - INFO - Content: GMX 遭受攻击约4000万美元资产被盗

https://debank.com/profile/0xdf3340a436c27655ba62f8281565c9925c3a5221
2025-11-28 20:29:32,847 - INFO - --------------------------------------------------
2025-11-28 20:29:32,876 - INFO - Channel: -1002117032512
2025-11-28 20:29:32,876 - INFO - Time: 2025-07-07T07:48:21+00:00
2025-11-28 20:29:32,876 - INFO - Content: 某巨鲸三天内从币安提出价值5400万美元的 $FORM 代币
2025-11-28 20:29:32,876 - INFO - --------------------------------------------------
2025-11-28 20:29:32,901 - INFO - Channel: -1002117032512
2025-11-28 20:29:32,901 - INFO - Time: 2025-07-03T13:28:05+00:00
2025-11-28 20:29:32,901 - INFO - Content: FTX 获法院批准在49国实施新“受限处理程序”，中国等国债权人若无合法赔付意见或被没收份额
2025-11-28 20:29:32,901 - INFO - --------------------------------------------------
2025-11-28 20:29:32,946 - INFO - Channel: -1002117032512
2025-11-28 20:29:32,946 - INFO - Time: 2025-06-28T22:07:21+00:00
2025-11-28 20:29:32,946 - INFO - Content: 独家：Leverfi 链上新增发137亿 $LEVER 代币，其中部分已充值到Bybit和MEXC交易所（项目方开始作恶）
2025-11-28 20:29:32,946 - INFO - --------------------------------------------------
2025-11-28 20:29:32,991 - INFO - Channel: -1002117032512
2025-11-28 20:29:32,991 - INFO - Time: 2025-06-28T15:03:21+00:00
2025-11-28 20:29:32,991 - INFO - Content: Polymath Labs已收购Polymesh，计划通过反向收购交易上市 $POLYX
2025-11-28 20:29:32,991 - INFO - --------------------------------------------------
2025-11-28 20:29:33,013 - INFO - Channel: -1002117032512
2025-11-28 20:29:33,013 - INFO - Time: 2025-06-27T00:12:51+00:00
2025-11-28 20:29:33,013 - INFO - Content: Across Protocol 被WLFI 顾问ogle曝出其团队通过秘密投票从DAO宝库中提取约2300万美元，惠及自身公司Risk Labs $ACX
2025-11-28 20:29:33,013 - INFO - --------------------------------------------------
2025-11-28 20:29:33,041 - INFO - Channel: -1002117032512
2025-11-28 20:29:33,041 - INFO - Time: 2025-06-27T00:00:57+00:00
2025-11-28 20:29:33,041 - INFO - Content: LayerZero  关于“开启协议费用开关”的投票因未达法定人数未获通过
2025-11-28 20:29:33,041 - INFO - --------------------------------------------------
2025-11-28 20:29:33,062 - INFO - Channel: -1002117032512
2025-11-28 20:29:33,062 - INFO - Time: 2025-06-26T12:13:19+00:00
2025-11-28 20:29:33,062 - INFO - Content: YZi Labs 投资去中心化娱乐平台 MEET48，通过 $IDOL 代币实现粉丝参与偶像经济的民主化
2025-11-28 20:29:33,062 - INFO - --------------------------------------------------
2025-11-28 20:29:33,108 - INFO - Channel: -1002117032512
2025-11-28 20:29:33,108 - INFO - Time: 2025-06-26T07:28:09+00:00
2025-11-28 20:29:33,108 - INFO - Content: LEVER 项目方刚刚已将此前增发地址中“开发者奖励“地址中全部 LEVER充值到抹茶交易所，此前多次小额将增发“质押奖励”地址充值到交易所。（防止项目方作恶）
2025-11-28 20:29:33,108 - INFO - --------------------------------------------------
2025-11-28 20:29:33,151 - INFO - Channel: -1002117032512
2025-11-28 20:29:33,151 - INFO - Time: 2025-06-25T07:03:42+00:00
2025-11-28 20:29:33,151 - INFO - Content: Movement 未兑现三个月回购3800万USDT的MOVE代币承诺，仅完成3800万个MOVE代币回购
2025-11-28 20:29:33,151 - INFO - --------------------------------------------------
2025-11-28 20:29:33,176 - INFO - Channel: -1002117032512
2025-11-28 20:29:33,176 - INFO - Time: 2025-06-20T09:13:21+00:00
2025-11-28 20:29:33,176 - INFO - Content: Lisk 将在7月1日投票决定销毁DAO国库中1亿 LSK 代币，占总供应量的25%

https://forum.lisk.com/t/should-100-million-lsk-of-the-dao-treasury-be-burned/416
2025-11-28 20:29:33,176 - INFO - --------------------------------------------------
2025-11-28 20:29:33,199 - INFO - Channel: -1002117032512
2025-11-28 20:29:33,199 - INFO - Time: 2025-06-17T12:47:28+00:00
2025-11-28 20:29:33,199 - INFO - Content: Eigen Labs 凭借 EigenCloud 重新定义以太坊再抵押，A16z 提供 7000 万美元新融资

https://www.forbes.com/sites/digital-assets/2025/06/17/eigenlabs-redefines-ethereum-restaking-with-eigencloud-fueled-by-70m-from-a16z/
2025-11-28 20:29:33,199 - INFO - --------------------------------------------------
2025-11-28 20:29:33,226 - INFO - Channel: -1002117032512
2025-11-28 20:29:33,226 - INFO - Time: 2025-06-14T02:04:38+00:00
2025-11-28 20:29:33,226 - INFO - Content: Terra Classic 市场模块2.0提案草案，重新启动 $USTC 与 $LUNC 互换螺旋机制

https://common.xyz/terra-luna-classic-lunc/discussion/1274038-terra-classic-marketmodule-20
2025-11-28 20:29:33,226 - INFO - --------------------------------------------------
2025-11-28 20:29:33,254 - INFO - Channel: -1002117032512
2025-11-28 20:29:33,254 - INFO - Time: 2025-06-12T08:14:30+00:00
2025-11-28 20:29:33,254 - INFO - Content: 消息称，腾讯正在研究以150亿美元收购游戏开发商Nexon  $NXPC

https://www.bloomberg.com/news/articles/2025-06-12/tencent-said-to-study-deal-for-15-billion-game-developer-nexon?taid=684a8afe3f6f39000107fb10&utm_campaign=trueanthem&utm_content=business&utm_medium=social&utm_source=twitter
2025-11-28 20:29:33,254 - INFO - --------------------------------------------------
2025-11-28 20:29:33,279 - INFO - Channel: -1002117032512
2025-11-28 20:29:33,279 - INFO - Time: 2025-06-10T12:34:07+00:00
2025-11-28 20:29:33,279 - INFO - Content: LayerZero 将于6月20日再次开启协议费用开关公投，或将降低公投法定人数百分比 $ZRO

https://info.layerzero.foundation/fee-switch-referendum-2-d68a7fc8dab1
2025-11-28 20:29:33,279 - INFO - --------------------------------------------------
2025-11-28 20:29:33,324 - INFO - Channel: -1002117032512
2025-11-28 20:29:33,324 - INFO - Time: 2025-06-09T07:24:04+00:00
2025-11-28 20:29:33,324 - INFO - Content: LOKA启动 $LOKA智能合约置换成 $A2Z智能合约，为品牌重塑做铺垫

https://arena-z.medium.com/loka-network-upgrade-bf86a16cb151
2025-11-28 20:29:33,324 - INFO - --------------------------------------------------
2025-11-28 20:29:33,350 - INFO - Channel: -1002117032512
2025-11-28 20:29:33,350 - INFO - Time: 2025-05-26T13:56:25+00:00
2025-11-28 20:29:33,350 - INFO - Content: YZi Labs 投资 Avalon Labs，以开启比特币驱动金融的下一次演变 $AVL

https://x.com/yzilabs/status/1927000818680541674
2025-11-28 20:29:33,350 - INFO - --------------------------------------------------
2025-11-28 20:29:33,372 - INFO - Channel: -1002117032512
2025-11-28 20:29:33,372 - INFO - Time: 2025-05-20T02:03:49+00:00
2025-11-28 20:29:33,372 - INFO - Content: BIO 计划推迟下周团队与顾问1.4亿代币解锁，改为半年后线性解锁
2025-11-28 20:29:33,372 - INFO - --------------------------------------------------
2025-11-28 20:29:33,393 - INFO - Channel: -1002117032512
2025-11-28 20:29:33,393 - INFO - Time: 2025-05-19T04:41:24+00:00
2025-11-28 20:29:33,393 - INFO - Content: Drift DIP-4提案：使用协议费用回购 DRIFT 代币，成立战略激励基金助力生态扩张

https://app.realms.today/dao/FVVXu18aNUqyFCfq8sGktPM62mqJAGaenv4z6UGUs5em/proposal/6WRFHbKbKy72ExYs1NFoQBuBG7zPp1AxXcXYrorYJPzM
2025-11-28 20:29:33,393 - INFO - --------------------------------------------------
 [('xmoney', 0.5584), ('融资', 0.4187), ('foundation', 0.3255), ('万美元', 0.1368), ('战略', 0.1282), ('sui', -0.0193), ('领投', -0.0287), ('获得', -0.069)]
Mentioned Currencies:  
Keywords:  [('perp', 0.4514), ('metamask', 0.3027), ('dex', 0.3023), ('app', 0.283), ('奖励', 0.1796), ('计划', 0.1005), ('积分', 0.008), ('推出', -0.013)]
Mentioned Currencies:  
Keywords:  [('memeland', 0.5959), ('meme', 0.5925), ('创始人', 0.3668), ('董事长', 0.3333), ('上市公司', 0.3271), ('香港', 0.3192), ('strategy', 0.2869), ('收购', 0.2833), ('成立', 0.1685), ('现在', 0.1318)]
Mentioned Currencies:  
Keywords:  [('uxlink', 0.4406), ('黑客', 0.3325), ('下跌', 0.305), ('消息', 0.1647), ('影响', 0.1214), ('增发', 0.0548)]
Mentioned Currencies:  
Keywords:  [('黑客', 0.4391), ('uxlink', 0.438), ('亿个', 0.4129), ('发行', 0.1201), ('额外', 0.1166)]
Mentioned Currencies:  Avalanche
Keywords:  [('agriforce', 0.5764), ('growing', 0.3096), ('上市公司', 0.2964), ('融资', 0.2708), ('策略', 0.2329), ('agri', 0.203), ('systems', 0.1827), ('纳斯达克', 0.1572), ('首家', 0.1438), ('亿美元', 0.1278)]
Mentioned Currencies:  
Keywords:  [('treasury', 0.4985), ('回购', 0.3227), ('流通量', 0.1963), ('ron', 0.1025), ('日起', 0.0908), ('ronin', 0.0711)]
Mentioned Currencies:  
Keywords:  [('交易所', 0.3299), ('trend', 0.318), ('代币', 0.2694), ('价值', 0.2639), ('万美元', 0.2416), ('research', 0.2023), ('neiroeth', 0.1655), ('转入', 0.0373), ('所有', 0.0332), ('清仓', 0.0043)]
Mentioned Currencies:  
Keywords:  [('trust', 0.5309), ('wallet', 0.3912), ('twt', 0.3477), ('收益', 0.1992), ('路线图', 0.1898), ('持有者', 0.1744), ('alpha', 0.165), ('tge', 0.1564), ('独家', 0.1097), ('计划', 0.1079)]
Mentioned Currencies:  
Keywords:  [('wormhole', 0.7021), ('链上', 0.3167), ('链下', 0.3162), ('储备库', 0.2719), ('协议', 0.2011), ('价值', 0.0999), ('用于', 0.0846), ('累积', 0.0709), ('推出', 0.0465)]
Mentioned Currencies:  
Keywords:  [('财务', 0.4529), ('战略', 0.3727), ('计划', 0.3456), ('亿美元', 0.3196), ('industries', 0.253), ('提交', 0.2441), ('支持', 0.2057), ('atm', 0.176), ('solana', 0.1312)]
Mentioned Currencies:  MemeCore,Solana
Keywords:  [('bonksol', 0.4365), ('sharps', 0.4292), ('bonk', 0.388), ('technology', 0.3387), ('2m', 0.2087), ('400m', 0.204), ('合作', 0.1661), ('sol', 0.1093), ('质押', 0.0991), ('美元', 0.087)]
Mentioned Currencies:  
Keywords:  [('yala', 0.5467), ('黑客攻击', 0.5201), ('yu', 0.3655), ('协议', 0.3464), ('已脱', 0.337), ('遭到', 0.3348), ('疑似', 0.261), ('稳定', 0.1731)]
Mentioned Currencies:  Avalanche
Keywords:  [('亿美元', 0.3642), ('加密', 0.3603), ('资金', 0.3072), ('avalanche', 0.2765), ('货币', 0.2653), ('数百万个', 0.2616), ('囤积', 0.1892), ('avax', 0.1542), ('购买', 0.14), ('筹集', 0.1375)]
Mentioned Currencies:  
Keywords:  [('纳斯达克', 0.674), ('万美元', 0.6142), ('路透社', 0.594), ('投资', 0.3987), ('gemini', 0.3709)]
Mentioned Currencies:  Ethena
Keywords:  [('ethena', 0.5054), ('费用', 0.4676), ('指标', 0.2971), ('很快', 0.2228), ('开启', 0.221), ('转换', 0.201), ('开关', 0.1955), ('满足', 0.193)]
Mentioned Currencies:  Worldcoin
Keywords:  [('投资', 0.3454), ('eightco', 0.3239), ('bmnr', 0.2661), ('wld', 0.2555), ('holdings', 0.2497), ('亿美元', 0.2342), ('私募', 0.1838), ('战略', 0.1395), ('全球', 0.1126), ('bitmine', 0.1055)]
Mentioned Currencies:  
Keywords:  [('mega', 0.3794), ('ena', 0.3594), ('matrix', 0.3522), ('亿美元', 0.3483), ('储备', 0.2959), ('申请', 0.2494), ('主要', 0.2105), ('代币', 0.2096), ('战略', 0.2082), ('目标', 0.1991)]
Mentioned Currencies:  
Keywords:  [('trend', 0.3873), ('research', 0.3174), ('三个', 0.2848), ('价值', 0.2335), ('代币', 0.2265), ('万美元', 0.2058), ('地址', 0.196), ('neiroeth', 0.1475), ('继续', 0.0885), ('清仓', 0.0334)]
Mentioned Currencies:  
Keywords:  [('交易所', 0.4665), ('trend', 0.2595), ('地址', 0.2431), ('价值', 0.2213), ('三个', 0.2031), ('neiroeth', 0.2021), ('万美元', 0.1938), ('research', 0.1534), ('关联', 0.1475), ('全部', 0.083)]
Mentioned Currencies:  Dogecoin,MemeCore
Keywords:  [('doge', 0.3912), ('cleancore', 0.3351), ('狗狗', 0.2815), ('储备', 0.2447), ('资产', 0.2256), ('筹集', 0.2109), ('战略', 0.196), ('175m', 0.1827), ('solutions', 0.1458), ('主要', 0.0963)]
Mentioned Currencies:  
Keywords:  [('ether', 0.436), ('亿美元', 0.3458), ('machine8', 0.2606), ('融资', 0.2482), ('价值', 0.1085), ('筹集', 0.0891), ('额外', 0.0555), ('第三轮', 0.0484), ('万枚', 0.0268), ('花旗银行', -0.0236)]
Mentioned Currencies:  
Keywords:  [('基金会', 0.4505), ('基金', 0.4434), ('cfx', 0.4068), ('conflux', 0.3849), ('授权', 0.3415), ('生态系统', 0.3167), ('上市公司', 0.2796), ('锁定', 0.2695), ('代币', 0.2666), ('合作', 0.1969)]
Mentioned Currencies:  World Liberty Financial
Keywords:  [('liberty', 0.5162), ('financial', 0.4333), ('world', 0.3552), ('重新', 0.314), ('文章', 0.3126), ('上线', 0.2633), ('已经', 0.1864)]
Mentioned Currencies:  World Liberty Financial
Keywords:  [('供应量', 0.4274), ('liberty', 0.4219), ('financial', 0.42), ('代币', 0.3589), ('流通', 0.3141), ('world', 0.2009), ('公布', 0.1487), ('初始', 0.1335)]
Mentioned Currencies:  
Keywords:  [('辞职', 0.4602), ('业务', 0.3145), ('loopring', 0.3096), ('protocol', 0.2781), ('流动性', 0.2601), ('决定', 0.2278), ('挑战', 0.2098), ('问题', 0.1765), ('理由', 0.168), ('方面', 0.1548)]
Mentioned Currencies:  
Keywords:  [('巨鲸', 0.5603), ('代币', 0.4766), ('万美元', 0.4005), ('抛售', 0.3649), ('已向币安', 0.3649), ('价值', 0.3597), ('提取', 0.2091), ('疑似', 0.2061), ('转入', 0.0597), ('form', 0.0504)]
Mentioned Currencies:  
Keywords:  [('涨幅', 0.4183), ('pyth', 0.3903), ('消息', 0.2861), ('影响', 0.1876), ('受此', 0.1579)]
Mentioned Currencies:  
Keywords:  [('network', 0.471), ('美国商务部', 0.3731), ('数据', 0.3032), ('经济', 0.2492), ('验证', 0.2491), ('选择', 0.183), ('pyth', 0.1351), ('分发', 0.0146)]
Mentioned Currencies:  Ethena
Keywords:  [('ethena', 0.5107), ('ena', 0.402), ('亿枚', 0.3586), ('钱包', 0.3246), ('多签', 0.2566), ('向币安', 0.1981), ('万枚', 0.1767), ('天后', 0.088), ('转入', 0.0702), ('仍持', 0.0613)]
Mentioned Currencies:  
Keywords:  [('aergo1', 0.6181), ('aergo', 0.4779), ('protocol', 0.32), ('party', 0.3107), ('兑换', 0.288), ('品牌', 0.2724), ('比例', 0.2712), ('hpp', 0.2487), ('house', 0.2476), ('重塑', 0.2211)]
Mentioned Currencies:  
Keywords:  [('ldo', 0.497), ('回购', 0.4515), ('最终', 0.4101), ('方案', 0.3693), ('计划', 0.3408), ('机制', 0.3202), ('年底', 0.305), ('lido', 0.2897), ('联创', 0.2727), ('steth', 0.2132)]
Mentioned Currencies:  
Keywords:  [('加密', 0.6118), ('资产', 0.4021), ('货币', 0.3693), ('储备', 0.3142), ('rtrs', 0.3129), ('购买', 0.2248), ('使用', 0.223), ('没收', 0.203), ('不会', 0.1725), ('要点', 0.0665)]
Mentioned Currencies:  
Keywords:  [('sign', 0.5125), ('foundation', 0.4601), ('代币', 0.2946), ('万美元', 0.2408), ('价值', 0.2318), ('回购', 0.1975), ('计划', 0.1113), ('执行', 0.0292)]
Mentioned Currencies:  
Keywords:  [('okx', 0.4345), ('okb', 0.3215), ('地址', 0.2549), ('销毁', 0.2432), ('半小时', 0.2124), ('过去', 0.1793), ('万个', 0.1505), ('转入', 0.1494)]
Mentioned Currencies:  
Keywords:  [('新高', 0.4655), ('涨幅', 0.4095), ('币价', 0.3779), ('最高', 0.3286), ('okb', 0.2807), ('突破', 0.2568), ('超过', 0.2568), ('达到', 0.2412), ('历史', 0.1282)]
Mentioned Currencies:  
Keywords:  [('okx', 0.4551), ('okb', 0.3682), ('发行量', 0.2999), ('销毁', 0.2694), ('回购', 0.2599), ('万枚', 0.2189), ('此后', 0.1697), ('一次性', 0.1651), ('固定', 0.1622), ('预留', 0.1539)]
Mentioned Currencies:  
Keywords:  [('加密', 0.4297), ('香港', 0.3847), ('liberty', 0.371), ('hashkey', 0.3455), ('world', 0.2038), ('服务提供商', 0.1482), ('投资', 0.145), ('近几个月', 0.1442), ('wsj', 0.144), ('知情', 0.1152)]2025-11-28 20:29:33,418 - INFO - Channel: -1002117032512
2025-11-28 20:29:33,418 - INFO - Time: 2025-05-13T09:47:27+00:00
2025-11-28 20:29:33,418 - INFO - Content: ChainGPT 启动 200 万个$CGPT代币回购， 以促进 Solana 扩张和去中心化流动性

https://www.chaingpt.org/blog/chaingpt-begins-utility-focused-token-buyback-to-seed-solana-liquidity
2025-11-28 20:29:33,418 - INFO - --------------------------------------------------
2025-11-28 20:29:33,441 - INFO - Channel: -1002117032512
2025-11-28 20:29:33,441 - INFO - Time: 2025-05-12T09:39:39+00:00
2025-11-28 20:29:33,441 - INFO - Content: BNBchain 基金会链上买入 $AIOT $SKYAI $TST

https://bscscan.com/address/0x511dfe9e248c887e32ca8bf9d1cb76f101965060
2025-11-28 20:29:33,441 - INFO - --------------------------------------------------
2025-11-28 20:29:33,478 - INFO - Channel: -1002117032512
2025-11-28 20:29:33,478 - INFO - Time: 2025-05-08T13:13:13+00:00
2025-11-28 20:29:33,478 - INFO - Content: Zksync 新提案投票：将追回的价值350万美元ETH兑换回 ZK 代币

https://vote.zknation.io/dao/proposal/103259976736823883300634095721999212673593591495252565610431467445162492146868?govId=eip155:324:0xEEEa739a8b6fB1b8f703E23C9Be03CeeA643b160
2025-11-28 20:29:33,478 - INFO - --------------------------------------------------
2025-11-28 20:29:33,503 - INFO - Channel: -1002117032512
2025-11-28 20:29:33,503 - INFO - Time: 2025-05-08T04:25:23+00:00
2025-11-28 20:29:33,503 - INFO - Content: Tranchess CEO：首次回购CHESS代币已完成并存入国库地址，回购计划将持续六个月
2025-11-28 20:29:33,503 - INFO - --------------------------------------------------
2025-11-28 20:29:33,530 - INFO - Channel: -1002117032512
2025-11-28 20:29:33,530 - INFO - Time: 2025-05-06T14:58:30+00:00
2025-11-28 20:29:33,530 - INFO - Content: 由于 FIDA 代币经济学的不可持续性，计划推出新币 $SNS

https://www.bonfida.org/blog/welcoming-a-new-era
2025-11-28 20:29:33,530 - INFO - --------------------------------------------------
2025-11-28 20:29:33,555 - INFO - Channel: -1002117032512
2025-11-28 20:29:33,555 - INFO - Time: 2025-05-05T15:01:42+00:00
2025-11-28 20:29:33,555 - INFO - Content: $ICX   ICON 品牌重塑为 Soda Xchange (SODAX)，$ICX 向 $SODA 的迁移将以 1:1 的比例进行

https://forum.icon.community/t/soda-xchange-sodax-icon-s-next-chapter/3992
2025-11-28 20:29:33,555 - INFO - --------------------------------------------------
2025-11-28 20:29:33,586 - INFO - Channel: -1002117032512
2025-11-28 20:29:33,586 - INFO - Time: 2025-05-02T14:44:13+00:00
2025-11-28 20:29:33,586 - INFO - Content: $AAVE 新提案批准600 万美元从公开市场回购AAVE代币
2025-11-28 20:29:33,586 - INFO - --------------------------------------------------
2025-11-28 20:29:33,612 - INFO - Channel: -1002117032512
2025-11-28 20:29:33,613 - INFO - Time: 2025-05-02T09:02:30+00:00
2025-11-28 20:29:33,613 - INFO - Content: $ALPHA Alpha Finance Treasury 一小时内向币安大额转账1.5亿代币

https://etherscan.io/tx/0x1226e325218e028d351d91b98e350b842669f2895790e6bbc56e55cc404596a1
2025-11-28 20:29:33,613 - INFO - --------------------------------------------------
2025-11-28 20:29:33,638 - INFO - Channel: -1002117032512
2025-11-28 20:29:33,638 - INFO - Time: 2025-05-02T05:26:22+00:00
2025-11-28 20:29:33,638 - INFO - Content: $EOS 将于5月7日公布品牌重塑新代币代码与合约提案，月底启动代币置换
2025-11-28 20:29:33,638 - INFO - --------------------------------------------------
2025-11-28 20:29:33,665 - INFO - Channel: -1002117032512
2025-11-28 20:29:33,665 - INFO - Time: 2025-05-01T00:59:58+00:00
2025-11-28 20:29:33,665 - INFO - Content: $WLD  Alex Blania 与 Sam Altman 主持“At Last”活动，揭晓 Worldcoin产品新进展

https://live.world.org
2025-11-28 20:29:33,665 - INFO - --------------------------------------------------
2025-11-28 20:29:33,691 - INFO - Channel: -1002117032512
2025-11-28 20:29:33,691 - INFO - Time: 2025-04-29T14:18:38+00:00
2025-11-28 20:29:33,691 - INFO - Content: $OM  1.5亿OM代币（价值7500万美元）已经被发送到销毁钱包
2025-11-28 20:29:33,691 - INFO - --------------------------------------------------
2025-11-28 20:29:33,716 - INFO - Channel: -1002117032512
2025-11-28 20:29:33,716 - INFO - Time: 2025-04-25T11:39:03+00:00
2025-11-28 20:29:33,716 - INFO - Content: $HIFI  启动HIP16提案投票：制定基准计划，包含未来协议关闭方案

https://www.tally.xyz/gov/hifi-dao/proposal/15
2025-11-28 20:29:33,716 - INFO - --------------------------------------------------
2025-11-28 20:29:33,742 - INFO - Channel: -1002117032512
2025-11-28 20:29:33,742 - INFO - Time: 2025-04-24T13:57:15+00:00
2025-11-28 20:29:33,742 - INFO - Content: $ETHFI   Ether.Fi 预计本年收入4000万-9000万美元，回购ETHFI代币超千万美元
2025-11-28 20:29:33,742 - INFO - --------------------------------------------------
2025-11-28 20:29:33,771 - INFO - Channel: -1002117032512
2025-11-28 20:29:33,771 - INFO - Time: 2025-04-24T12:46:23+00:00
2025-11-28 20:29:33,771 - INFO - Content: USDT： Tether 增持尤文图斯足球俱乐部 10% 股份，巩固重要股东地位   $JUV

https://tether.io/news/tether-crosses-10-stake-in-juventus-football-club-solidifies-position-as-a-significant-shareholder/
2025-11-28 20:29:33,771 - INFO - --------------------------------------------------
2025-11-28 20:29:33,810 - INFO - Channel: -1002117032512
2025-11-28 20:29:33,810 - INFO - Time: 2025-04-21T13:11:03+00:00
2025-11-28 20:29:33,810 - INFO - Content: FOX 商业高级记者称，Paul Atkins最早将于周二宣誓就任SECGov 主席

https://x.com/CGasparino/status/1914305666384027871
2025-11-28 20:29:33,810 - INFO - --------------------------------------------------
2025-11-28 20:29:33,831 - INFO - Channel: -1002117032512
2025-11-28 20:29:33,831 - INFO - Time: 2025-04-21T12:35:42+00:00
2025-11-28 20:29:33,831 - INFO - Content: $OM   MANTRA 销毁 1.5 亿个团队代币，减少供应量

https://www.mantrachain.io/resources/announcements/token-update-300m-om-burn
2025-11-28 20:29:33,831 - INFO - --------------------------------------------------
2025-11-28 20:29:33,851 - INFO - Channel: -1002117032512
2025-11-28 20:29:33,851 - INFO - Time: 2025-04-19T07:25:11+00:00
2025-11-28 20:29:33,851 - INFO - Content: $TRUMP  据报道特朗普总统计划为 TRUMP 代币持有者举办晚宴，特朗普团队正在为此制作[网页](https://trumpdinner.gettrumpmemes.com/)

https://x.com/trenchdiver101/status/1913492038151987682
2025-11-28 20:29:33,851 - INFO - --------------------------------------------------
2025-11-28 20:29:33,874 - INFO - Channel: -1002117032512
2025-11-28 20:29:33,874 - INFO - Time: 2025-04-18T13:16:24+00:00
2025-11-28 20:29:33,874 - INFO - Content: $SYN  Synapse品牌重塑为Cortex（$CX）团队预计5月11日前获交易所支持
2025-11-28 20:29:33,874 - INFO - --------------------------------------------------
2025-11-28 20:29:33,896 - INFO - Channel: -1002117032512
2025-11-28 20:29:33,896 - INFO - Time: 2025-04-18T10:08:12+00:00
2025-11-28 20:29:33,896 - INFO - Content: $CAKE  PancakeSwap 3.0提案获批，代币通缩机制启动，CAKE将参与币安钱包TGE
2025-11-28 20:29:33,896 - INFO - --------------------------------------------------
2025-11-28 20:29:33,922 - INFO - Channel: -1002117032512
2025-11-28 20:29:33,922 - INFO - Time: 2025-04-15T13:29:06+00:00
2025-11-28 20:29:33,922 - INFO - Content: $ZK  Zksync链上印发1.1亿代币，已经在链上不断出售6600万代币，根据代币解锁信息团队和投资者代币仍处于锁定状态，据官方Discord回复称已经通知团队仍在调查中

https://debank.com/profile/0xb1027ed67f89c9f588e097f70807163fec1005d3/history?chain=era
2025-11-28 20:29:33,922 - INFO - --------------------------------------------------
2025-11-28 20:29:33,968 - INFO - Channel: -1002117032512
2025-11-28 20:29:33,968 - INFO - Time: 2025-04-15T11:36:58+00:00
2025-11-28 20:29:33,968 - INFO - Content: $GPS  Goplus已销毁所有回购的1.77枚代币，价值307万美元
2025-11-28 20:29:33,968 - INFO - --------------------------------------------------
2025-11-28 20:29:33,990 - INFO - Channel: -1002117032512
2025-11-28 20:29:33,990 - INFO - Time: 2025-04-12T14:58:57+00:00
2025-11-28 20:29:33,990 - INFO - Content: $ORCA  新提案已通过：销毁2500万枚代币，1000万美元启动公开回购和20%协议费用回购代币
2025-11-28 20:29:33,990 - INFO - --------------------------------------------------
2025-11-28 20:29:34,013 - INFO - Channel: -1002117032512
2025-11-28 20:29:34,013 - INFO - Time: 2025-04-11T09:00:55+00:00
2025-11-28 20:29:34,013 - INFO - Content: $LOKA AIP002提案已通过，流通量将增加1.77亿枚，将一次性铸造所有剩余代币2.76亿枚
2025-11-28 20:29:34,013 - INFO - --------------------------------------------------
2025-11-28 20:29:34,036 - INFO - Channel: -1002117032512
2025-11-28 20:29:34,036 - INFO - Time: 2025-04-08T09:07:10+00:00
2025-11-28 20:29:34,036 - INFO - Content: $CAKE   CAKE 代币经济学提案 3.0：CAKE 将很快可用于订阅币安钱包的TGE活动
2025-11-28 20:29:34,036 - INFO - --------------------------------------------------
2025-11-28 20:29:34,062 - INFO - Channel: -1002117032512
2025-11-28 20:29:34,062 - INFO - Time: 2025-04-07T09:02:40+00:00
2025-11-28 20:29:34,062 - INFO - Content: $AAVE 计划从本周三开始执行回购AAVE代币计划，每月回购金额400万美元

https://app.aave.com/governance/v3/proposal/?proposalId=286
2025-11-28 20:29:34,062 - INFO - --------------------------------------------------
2025-11-28 20:29:34,088 - INFO - Channel: -1002117032512
2025-11-28 20:29:34,088 - INFO - Time: 2025-04-03T01:17:12+00:00
2025-11-28 20:29:34,088 - INFO - Content: $MAGIC   Treasure DAO因遇财务困难将实施重组 终止游戏业务以及Treasure Chain

https://x.com/Treasure_DAO/status/1907570535875375265
2025-11-28 20:29:34,088 - INFO - --------------------------------------------------
2025-11-28 20:29:34,121 - INFO - Channel: -1002117032512
2025-11-28 20:29:34,121 - INFO - Time: 2025-04-01T15:28:25+00:00
2025-11-28 20:29:34,121 - INFO - Content: $ORCA 理事会新提案：销毁2500万枚国库中的ORCA，1000万USDC在市场上购买ORCA，建立xORCA池子20%协议费用回购ORCA
2025-11-28 20:29:34,121 - INFO - --------------------------------------------------
2025-11-28 20:29:34,170 - INFO - Channel: -1002117032512
2025-11-28 20:29:34,170 - INFO - Time: 2025-03-31T14:53:29+00:00
2025-11-28 20:29:34,170 - INFO - Content: CZ 销毁了钱包里价值200万美元的 TUT 代币

https://bscscan.com/tx/0x4cdf3f402bbaa2dfbee4c2360ff3381c0a8c9451a26150325b6f493783a64901
2025-11-28 20:29:34,170 - INFO - --------------------------------------------------
2025-11-28 20:29:34,194 - INFO - Channel: -1002117032512
2025-11-28 20:29:34,194 - INFO - Time: 2025-03-28T08:25:22+00:00
2025-11-28 20:29:34,194 - INFO - Content: LOKA新提案：将立即铸造所有剩余代币，流通量从1.92亿增加到3.69亿枚
2025-11-28 20:29:34,194 - INFO - --------------------------------------------------
2025-11-28 20:29:34,220 - INFO - Channel: -1002117032512
2025-11-28 20:29:34,220 - INFO - Time: 2025-03-25T12:51:50+00:00
2025-11-28 20:29:34,220 - INFO - Content: World Liberty Financial 计划推出机构级稳定币 USD1

https://medium.com/@wlfi/world-liberty-financial-plans-to-launch-usd1-the-institutional-ready-stablecoin-2606f48d72d0
2025-11-28 20:29:34,220 - INFO - --------------------------------------------------
2025-11-28 20:29:34,247 - INFO - Channel: -1002117032512
2025-11-28 20:29:34,247 - INFO - Time: 2025-03-25T07:04:44+00:00
2025-11-28 20:29:34,247 - INFO - Content: Movement Network Foundation 从做市商收回3800 万美元并启动回购计划

https://www.movementnetwork.xyz/article/movement-network-foundation-statement
2025-11-28 20:29:34,247 - INFO - --------------------------------------------------
2025-11-28 20:29:34,273 - INFO - Channel: -1002117032512
2025-11-28 20:29:34,273 - INFO - Time: 2025-03-19T08:07:15+00:00
2025-11-28 20:29:34,273 - INFO - Content: cz新头像
2025-11-28 20:29:34,273 - INFO - --------------------------------------------------
2025-11-28 20:29:34,465 - INFO - Channel: -1002117032512
2025-11-28 20:29:34,465 - INFO - Time: 2025-03-17T13:00:28+00:00
2025-11-28 20:29:34,465 - INFO - Content: YZi Labs 投资 Plume Network，将现实世界资产上链并推进 RWAfi

https://x.com/yzilabs/status/1901619591987769440
2025-11-28 20:29:34,465 - INFO - --------------------------------------------------
2025-11-28 20:29:34,486 - INFO - Channel: -1002117032512
2025-11-28 20:29:34,486 - INFO - Time: 2025-03-15T14:06:10+00:00
2025-11-28 20:29:34,486 - INFO - Content: Telegram创始人 Pavel Durov经法院批准离开法国前往迪拜，结束拘留
2025-11-28 20:29:34,486 - INFO - --------------------------------------------------
2025-11-28 20:29:34,507 - INFO - Channel: -1002117032512
2025-11-28 20:29:34,507 - INFO - Time: 2025-02-28T10:43:26+00:00
2025-11-28 20:29:34,507 - INFO - Content: Fourmeme 计划从启动板交易费中获得的 BNB 的 100％将用于回购 $FORM 代币
2025-11-28 20:29:34,507 - INFO - --------------------------------------------------
2025-11-28 20:29:34,528 - INFO - Channel: -1002117032512
2025-11-28 20:29:34,528 - INFO - Time: 2025-02-28T10:22:42+00:00
2025-11-28 20:29:34,528 - INFO - Content: KOMA   销毁价值 100 万美元的KOMA（占总供应量的 2%）

https://bscscan.com/tx/0xa99624f77176b11decb031e3bc47fa0318b01e916d49b2c477d0006f8b1d276d
2025-11-28 20:29:34,528 - INFO - --------------------------------------------------
2025-11-28 20:29:34,553 - INFO - Channel: -1002117032512
2025-11-28 20:29:34,553 - INFO - Time: 2025-02-25T16:06:07+00:00
2025-11-28 20:29:34,554 - INFO - Content: Jupiter 正在链上进行第一次协议收入50%的回购，回购金额为300万USDC
2025-11-28 20:29:34,554 - INFO - --------------------------------------------------
2025-11-28 20:29:34,581 - INFO - Channel: -1002117032512
2025-11-28 20:29:34,581 - INFO - Time: 2025-02-24T15:11:29+00:00
2025-11-28 20:29:34,581 - INFO - Content: Moonbeam提案： 基金会建议将销毁的交易费用比例从80%提高到 100％
2025-11-28 20:29:34,581 - INFO - --------------------------------------------------

Mentioned Currencies:  Sui
Keywords:  [('deepbook', 0.4339), ('信托', 0.3844), ('grayscale', 0.3108), ('投资', 0.3015), ('walrus', 0.2493), ('协议', 0.2173), ('deep', 0.2065), ('代币', 0.2018), ('wal', 0.1523), ('两种', 0.1299)]
Mentioned Currencies:  
Keywords:  [('crypto', 0.4525), ('heritage', 0.3909), ('投资者', 0.3653), ('foundation', 0.3601), ('亿美元', 0.3337), ('储备', 0.2947), ('股票代码', 0.2686), ('ip', 0.2661), ('价值', 0.2471), ('代币', 0.2188)]
Mentioned Currencies:  
Keywords:  [('代币', 0.4109), ('向币安', 0.3449), ('社区', 0.3433), ('sign', 0.2943), ('数量', 0.281), ('流通', 0.2463), ('全部', 0.2051), ('激励', 0.2023), ('转入', 0.1638)]
Mentioned Currencies:  
Keywords:  [('交易量', 0.4298), ('收入', 0.366), ('发行', 0.3074), ('以来', 0.2965), ('反超', 0.2962), ('bonkfun', 0.2619), ('全面', 0.249), ('首次', 0.2402), ('实现', 0.2351), ('反转', 0.2254)]
Mentioned Currencies:  
Keywords:  [('奖励', 0.4762), ('测试', 0.4), ('激励', 0.38), ('交易量', 0.359), ('网站', 0.3537), ('功能', 0.2782), ('上线', 0.2695), ('计划', 0.2268), ('即将', 0.1827), ('pumpfun', 0.122)]
Mentioned Currencies:  Toncoin
Keywords:  [('company', 0.363), ('私募', 0.3401), ('财务', 0.3081), ('公司', 0.2779), ('kingsway', 0.2725), ('capital', 0.2649), ('亿美元', 0.2248), ('股票代码', 0.2241), ('策略', 0.1777), ('合作', 0.1439)]
Mentioned Currencies:  
Keywords:  [('kakrw', 0.4241), ('商标', 0.3734), ('kaia', 0.3712), ('基金会', 0.3475), ('申请', 0.1713), ('稳定', 0.1678), ('krwkaia', 0.1307), ('包括', 0.1052), ('多个', 0.0946)]
Mentioned Currencies:  
Keywords:  [('trust', 0.6526), ('story', 0.396), ('ip', 0.3932), ('grayscale', 0.3502), ('推出', 0.2417)]
Mentioned Currencies:  Polygon (prev.MATIC)
Keywords:  [('polygon', 0.5), ('宕机', 0.3492), ('小时', 0.2996), ('未出', 0.2491), ('网络', 0.2419), ('超过', 0.1078), ('一个', 0.0928)]
Mentioned Currencies:  
Keywords:  [('代币', 0.3751), ('回购', 0.34), ('收入', 0.3373), ('用于', 0.1822), ('加大', 0.1629), ('力度', 0.0816), ('pumpfun', -0.0064)]
Mentioned Currencies:  
Keywords:  [('钱包', 0.5695), ('代币', 0.4539), ('回币安', 0.4414), ('回购', 0.4161), ('转移', 0.3799), ('充值', 0.3357), ('万枚', 0.2574), ('movement', 0.2179)]
Mentioned Currencies:  Sui
Keywords:  [('mill', 0.422), ('ventures', 0.3741), ('treasury', 0.3205), ('私募', 0.2769), ('亿美元', 0.242), ('strategy', 0.2213), ('city', 0.1157), ('启动', -0.0033), ('sui', -0.0522), ('宣布', -0.0664)]
Mentioned Currencies:  
Keywords:  [('亿美元', 0.3239), ('私募', 0.3076), ('bnb', 0.2701), ('资金', 0.2632), ('industries', 0.2527), ('capital', 0.2392), ('股票代码', 0.2368), ('公司', 0.2349), ('最大', 0.1949), ('10x', 0.1659)]
Mentioned Currencies:  
Keywords:  [('meme', 0.4209), ('web3', 0.3962), ('biya', 0.3748), ('平台', 0.2547), ('收购', 0.2069), ('uptop', 0.1915), ('转型', 0.1558), ('国际', 0.1463), ('战略', 0.1423), ('百亚', 0.099)]
Mentioned Currencies:  
Keywords:  [('enlightify', 0.5477), ('enfy', 0.3891), ('cyber', 0.3256), ('收购', 0.1422), ('2000', 0.1118), ('万美元', 0.0811), ('价值', 0.0596), ('代币', 0.0363), ('未来', -0.002), ('代码', -0.0166)]
Mentioned Currencies:  Tether
Keywords:  [('pancakeswap24', 0.4832), ('费用', 0.4602), ('登顶', 0.2291), ('飙升', 0.2171), ('万美元', 0.1709), ('tether', 0.1533), ('小时', 0.1407), ('协议', 0.1124), ('超越', 0.1027), ('第一', 0.046)]
Mentioned Currencies:  
Keywords:  [('orca', 0.6079), ('七月', 0.3747), ('八月', 0.3581), ('计划', 0.2279), ('launchpad', 0.2174), ('发布', 0.2026), ('代币', 0.1958), ('一个', 0.1193)]
Mentioned Currencies:  
Keywords:  [('treasure', 0.531), ('代币', 0.4615), ('市场', 0.4124), ('出售', 0.4113), ('基金', 0.408), ('汇率', 0.3799), ('magic', 0.3487), ('生态', 0.2154), ('解锁', 0.2061), ('剩余', 0.1637)]
Mentioned Currencies:  
Keywords:  [('被盗', 0.3905), ('gmx', 0.3583), ('资产', 0.2683), ('攻击', 0.1806), ('万美元', 0.083), ('遭受', 0.0809)]
Mentioned Currencies:  
Keywords:  [('巨鲸', 0.5914), ('代币', 0.5472), ('万美元', 0.4684), ('从币安', 0.4315), ('价值', 0.4226), ('三天', 0.3235), ('提出', 0.223), ('form', 0.1506)]
Mentioned Currencies:  
Keywords:  [('法院', 0.3925), ('批准', 0.3834), ('合法', 0.3382), ('ftx', 0.3214), ('债权人', 0.3204), ('中国', 0.2968), ('赔付', 0.1914), ('受限', 0.1848), ('处理程序', 0.1661), ('实施', 0.1458)]
Mentioned Currencies:  
Keywords:  [('代币', 0.4204), ('交易所', 0.4022), ('充值', 0.3029), ('bybit', 0.2875), ('链上', 0.2545), ('leverfi', 0.2542), ('mexc', 0.2282), ('增发', 0.1414), ('部分', 0.1374), ('项目', 0.1039)]
Mentioned Currencies:  
Keywords:  [('polymesh', 0.5609), ('polyx', 0.5483), ('polymath', 0.5285), ('收购', 0.2292), ('上市', 0.1304), ('交易', 0.105), ('计划', 0.0365), ('labs', 0.0226), ('反向', 0.0132)]
Mentioned Currencies:  
Keywords:  [('protocol', 0.2897), ('wlfi', 0.2391), ('秘密', 0.2282), ('risk', 0.2017), ('顾问', 0.1796), ('acx', 0.1563), ('万美元', 0.1562), ('投票', 0.1479), ('公司', 0.1461), ('团队', 0.1062)]
Mentioned Currencies:  
Keywords:  [('投票', 0.4142), ('未获', 0.3333), ('法定人数', 0.3075), ('因未达', 0.3021), ('协议', 0.2956), ('费用', 0.2723), ('开关', 0.1827), ('layerzero', 0.1536), ('开启', 0.1032)]
Mentioned Currencies:  
Keywords:  [('yzi', 0.3632), ('投资', 0.3609), ('idol', 0.2794), ('平台', 0.2485), ('娱乐', 0.2447), ('偶像', 0.2174), ('经济', 0.2157), ('粉丝', 0.214), ('代币', 0.204), ('meet48', 0.1763)]
Mentioned Currencies:  
Keywords:  [('交易所', 0.4389), ('奖励', 0.3736), ('开发者', 0.3591), ('地址', 0.2436), ('增发', 0.2432), ('充值', 0.2311), ('项目', 0.1863), ('多次', 0.1575), ('全部', 0.1484), ('质押', 0.0821)]
Mentioned Currencies:  
Keywords:  [('move', 0.4271), ('回购', 0.3826), ('代币', 0.2935), ('movement', 0.2542), ('承诺', 0.2497), ('三个', 0.234), ('完成', 0.1978), ('usdt', 0.1789), ('兑现', 0.1638), ('万个', 0.1029)]
Mentioned Currencies:  
Keywords:  [('投票决定', 0.2611), ('销毁', 0.2258), ('lisk', 0.2235), ('lsk', 0.2097), ('dao', 0.1989), ('供应量', 0.1364), ('国库', 0.129), ('代币', 0.1124)]
Mentioned Currencies:  Ethereum
Keywords:  [('eigencloud', 0.5618), ('融资', 0.3328), ('a16z', 0.3319), ('eigen', 0.3266), ('抵押', 0.2916), ('万美元', 0.1482), ('重新', 0.0646), ('提供', 0.0594), ('labs', 0.0293), ('定义', 0.0137)]
Mentioned Currencies:  
Keywords:  [('模块', 0.3197), ('螺旋', 0.2701), ('市场', 0.2578), ('提案', 0.2297), ('重新启动', 0.2188), ('机制', 0.2181), ('classic', 0.2063), ('互换', 0.181), ('草案', 0.1552), ('terra', 0.1298)]
Mentioned Currencies:  
Keywords:  [('nxpc', 0.3558), ('nexon', 0.3215), ('亿美元', 0.3001), ('收购', 0.1904), ('腾讯', 0.1848), ('开发商', 0.1366), ('游戏', 0.0747), ('研究', 0.0364), ('消息', 0.0224), ('正在', -0.0792)]
Mentioned Currencies:  
Keywords:  [('公投', 0.4871), ('降低', 0.3392), ('费用', 0.3095), ('开关', 0.2888), ('layerzero', 0.2283), ('协议', 0.2246), ('法定人数', 0.2068), ('百分比', 0.203), ('开启', 0.2001), ('再次', 0.1823)]
Mentioned Currencies:  
Keywords:  [('品牌', 0.3737), ('合约', 0.3118), ('重塑', 0.3028), ('置换', 0.3), ('a2z', 0.2855), ('智能', 0.2334), ('启动', 0.1968), ('铺垫', 0.1784), ('loka', 0.1778)]
Mentioned Currencies:  Bitcoin
Keywords:  [('投资', 0.314), ('yzi', 0.3135), ('金融', 0.3097), ('avl', 0.1625), ('演变', 0.1213), ('比特', 0.0906), ('开启', 0.0667), ('avalon', 0.0552), ('labs', 0.0483), ('一次', 0.0141)]
Mentioned Currencies:  
Keywords:  [('推迟', 0.385), ('下周', 0.3554), ('解锁', 0.3501), ('半年', 0.3401), ('计划', 0.268), ('bio', 0.2095), ('顾问', 0.1635), ('团队', 0.1608), ('改为', 0.1429), ('代币', 0.1055)]
Mentioned Currencies:  
Keywords:  [('战略', 0.4037), ('提案', 0.3968), ('drift', 0.3886), ('费用', 0.3774), ('基金', 0.3604), ('扩张', 0.335), ('生态', 0.3111), ('协议', 0.2889), ('dip', 0.2862), ('代币', 0.2678)]2025-11-28 20:29:34,607 - INFO - Channel: -1002117032512
2025-11-28 20:29:34,607 - INFO - Time: 2025-02-24T14:58:37+00:00
2025-11-28 20:29:34,607 - INFO - Content: YZi Labs 投资加密人工智能初创公司Vana，CZ加入担任顾问

https://www.theblock.co/post/342999/yzi-labs-crypto-ai-vana-cz-joins-advisor
2025-11-28 20:29:34,607 - INFO - --------------------------------------------------
2025-11-28 20:29:34,631 - INFO - Channel: -1002117032512
2025-11-28 20:29:34,631 - INFO - Time: 2025-02-24T07:33:52+00:00
2025-11-28 20:29:34,631 - INFO - Content: BinaryX品牌升级更新： 代币符号从 $Four 修改为 $FORM

https://binary-x.medium.com/the-four-token-symbol-has-been-revised-to-form-for-greater-token-identity-on-bnb-chain-2db169fa4039
2025-11-28 20:29:34,631 - INFO - --------------------------------------------------
2025-11-28 20:29:34,655 - INFO - Channel: -1002117032512
2025-11-28 20:29:34,655 - INFO - Time: 2025-02-21T22:27:01+00:00
2025-11-28 20:29:34,655 - INFO - Content: Canary 已提交 HBAR ETF S-1/A
2025-11-28 20:29:34,655 - INFO - --------------------------------------------------
2025-11-28 20:29:34,690 - INFO - Channel: -1002117032512
2025-11-28 20:29:34,690 - INFO - Time: 2025-02-21T14:18:45+00:00
2025-11-28 20:29:34,690 - INFO - Content: Four.meme 已销毁LP收入中TST代币

https://x.com/four_meme_/status/1892941908194037847
2025-11-28 20:29:34,690 - INFO - --------------------------------------------------
2025-11-28 20:29:34,715 - INFO - Channel: -1002117032512
2025-11-28 20:29:34,715 - INFO - Time: 2025-02-21T10:47:41+00:00
2025-11-28 20:29:34,716 - INFO - Content: BNX：BinaryX正式更名为 Four：DeFi 创新的新时代

https://binary-x.medium.com/binaryx-officially-rebrands-to-four-a-new-era-for-defi-innovation-1e1fcdf355b1
2025-11-28 20:29:34,716 - INFO - --------------------------------------------------
2025-11-28 20:29:34,740 - INFO - Channel: -1002117032512
2025-11-28 20:29:34,740 - INFO - Time: 2025-02-19T06:13:20+00:00
2025-11-28 20:29:34,740 - INFO - Content: Jupiter回购钱包显示，两天内累积用于回购JUP代币的USDC已超过100万
2025-11-28 20:29:34,740 - INFO - --------------------------------------------------
2025-11-28 20:29:34,767 - INFO - Channel: -1002117032512
2025-11-28 20:29:34,768 - INFO - Time: 2025-02-19T04:32:53+00:00
2025-11-28 20:29:34,768 - INFO - Content: LOKA 将按1:20的比例（1 LOKA = 20 A2Z）品牌重塑为 $A2Z，计划于2025年初过渡到 Arena-Z (A2Z)
2025-11-28 20:29:34,768 - INFO - --------------------------------------------------
2025-11-28 20:29:34,796 - INFO - Channel: -1002117032512
2025-11-28 20:29:34,796 - INFO - Time: 2025-02-18T11:25:44+00:00
2025-11-28 20:29:34,796 - INFO - Content: 疑似BNBCHAIN 团队泄露 MONKY 预上市信息

https://www.bnbchain.org/en/blog/memecoin-landscape-on-bnb-chain-a-path-to-community-engagement-and-innovation
2025-11-28 20:29:34,796 - INFO - --------------------------------------------------
2025-11-28 20:29:34,821 - INFO - Channel: -1002117032512
2025-11-28 20:29:34,821 - INFO - Time: 2025-02-10T11:27:28+00:00
2025-11-28 20:29:34,821 - INFO - Content: COINSHARES 向纳斯达克提交莱特币和XRP ETF 文件
2025-11-28 20:29:34,821 - INFO - --------------------------------------------------
2025-11-28 20:29:34,859 - INFO - Channel: -1002117032512
2025-11-28 20:29:34,859 - INFO - Time: 2025-02-10T07:35:51+00:00
2025-11-28 20:29:34,859 - INFO - Content: $BURGER  短期涨幅40%👀
2025-11-28 20:29:34,859 - INFO - --------------------------------------------------
2025-11-28 20:29:35,042 - INFO - Channel: -1002117032512
2025-11-28 20:29:35,042 - INFO - Time: 2025-02-10T07:31:35+00:00
2025-11-28 20:29:35,042 - INFO - Content: $BURGER   新提案：BURGER品牌重塑 

代币从 $BURGER 1:1 迁移到 $SI
2025-11-28 20:29:35,042 - INFO - --------------------------------------------------
2025-11-28 20:29:35,062 - INFO - Channel: -1002117032512
2025-11-28 20:29:35,062 - INFO - Time: 2025-02-10T05:08:13+00:00
2025-11-28 20:29:35,062 - INFO - Content: $GHST   新提案：回购价值200万美元的GHST
2025-11-28 20:29:35,062 - INFO - --------------------------------------------------
2025-11-28 20:29:35,083 - INFO - Channel: -1002117032512
2025-11-28 20:29:35,083 - INFO - Time: 2025-01-24T09:13:36+00:00
2025-11-28 20:29:35,083 - INFO - Content: $CLV   Clover 品牌重塑为 Lucent Network，代币名称从 $CLV 更名为 $LUX
2025-11-28 20:29:35,083 - INFO - --------------------------------------------------
2025-11-28 20:29:35,104 - INFO - Channel: -1002117032512
2025-11-28 20:29:35,104 - INFO - Time: 2025-01-24T07:25:30+00:00
2025-11-28 20:29:35,104 - INFO - Content: $JUP   Jupiter创始人透露，Catstanbul议程第二天结束将销毁3B JUP代币
2025-11-28 20:29:35,104 - INFO - --------------------------------------------------
2025-11-28 20:29:35,145 - INFO - Channel: -1002117032512
2025-11-28 20:29:35,145 - INFO - Time: 2025-01-23T14:59:08+00:00
2025-11-28 20:29:35,145 - INFO - Content: $USUAL   usualmoney计划将 USD0++ 下限提高至 0.92
2025-11-28 20:29:35,145 - INFO - --------------------------------------------------
2025-11-28 20:29:35,169 - INFO - Channel: -1002117032512
2025-11-28 20:29:35,169 - INFO - Time: 2025-01-23T13:59:35+00:00
2025-11-28 20:29:35,169 - INFO - Content: BinanceLabs 更名为 YZi Labs

https://www.yzilabs.io/
2025-11-28 20:29:35,169 - INFO - --------------------------------------------------
2025-11-28 20:29:35,189 - INFO - Channel: -1002117032512
2025-11-28 20:29:35,189 - INFO - Time: 2025-01-23T13:56:09+00:00
2025-11-28 20:29:35,189 - INFO - Content: $SYN   $SYN 代币升级至 $CX，兑换比例为1:5.5
2025-11-28 20:29:35,189 - INFO - --------------------------------------------------
2025-11-28 20:29:35,210 - INFO - Channel: -1002117032512
2025-11-28 20:29:35,210 - INFO - Time: 2025-01-22T08:23:08+00:00
2025-11-28 20:29:35,210 - INFO - Content: 受此消息影响，$TORN 涨幅超过100%👀
2025-11-28 20:29:35,210 - INFO - --------------------------------------------------
2025-11-28 20:29:35,232 - INFO - Channel: -1002117032512
2025-11-28 20:29:35,232 - INFO - Time: 2025-01-22T08:07:58+00:00
2025-11-28 20:29:35,232 - INFO - Content: $TORN   地区法院正式下令撤销对 Tornado Cash 的制裁

https://www.ca5.uscourts.gov/opinions/pub/23/23-50669-CV0.pdf
2025-11-28 20:29:35,232 - INFO - --------------------------------------------------
2025-11-28 20:29:35,259 - INFO - Channel: -1002117032512
2025-11-28 20:29:35,259 - INFO - Time: 2025-01-21T14:40:55+00:00
2025-11-28 20:29:35,259 - INFO - Content: 一份包含TRUMP ETF ，BONK ETF和BTC ETH SOL XRP DOGE ETF的文件

https://www.sec.gov/Archives/edgar/data/1771146/000199937125000494/rexosprey-485apos_012125.htm#rexospreyprosaia001
2025-11-28 20:29:35,259 - INFO - --------------------------------------------------
2025-11-28 20:29:35,285 - INFO - Channel: -1002117032512
2025-11-28 20:29:35,285 - INFO - Time: 2025-01-20T07:10:05+00:00
2025-11-28 20:29:35,285 - INFO - Content: $NULS   NULS 品牌重塑为 NULS AI，代币名称 $NAI，代币互换比例 1 NULS = 10000 NAI
2025-11-28 20:29:35,285 - INFO - --------------------------------------------------
2025-11-28 20:29:35,313 - INFO - Channel: -1002117032512
2025-11-28 20:29:35,313 - INFO - Time: 2025-01-20T00:16:08+00:00
2025-11-28 20:29:35,313 - INFO - Content: $GMT  FSL web3 宣布销毁6000 万 GMT
2025-11-28 20:29:35,313 - INFO - --------------------------------------------------
2025-11-28 20:29:35,337 - INFO - Channel: -1002117032512
2025-11-28 20:29:35,337 - INFO - Time: 2025-01-15T01:51:48+00:00
2025-11-28 20:29:35,337 - INFO - Content: OPENAI 预计很快发布AI agent “operator”，子域名 operator.chatgpt.com 已上线
2025-11-28 20:29:35,337 - INFO - --------------------------------------------------
2025-11-28 20:29:35,364 - INFO - Channel: -1002117032512
2025-11-28 20:29:35,364 - INFO - Time: 2025-01-10T00:54:14+00:00
2025-11-28 20:29:35,364 - INFO - Content: 稳定币USD0++/USD0 curve池子倾斜，脱锚近6%
2025-11-28 20:29:35,364 - INFO - --------------------------------------------------
2025-11-28 20:29:35,402 - INFO - Channel: -1002117032512
2025-11-28 20:29:35,402 - INFO - Time: 2025-01-07T14:02:01+00:00
2025-11-28 20:29:35,402 - INFO - Content: $ILV   Illuvium与 Virtuals 合作，通过动态 AI 驱动的游戏玩法彻底改变 Overworld MMO Lite 中的 NPC

https://x.com/illuviumio/status/1876630222453555678
2025-11-28 20:29:35,402 - INFO - --------------------------------------------------
2025-11-28 20:29:35,445 - INFO - Channel: -1002117032512
2025-11-28 20:29:35,445 - INFO - Time: 2025-01-07T11:08:53+00:00
2025-11-28 20:29:35,445 - INFO - Content: $AGLD   Adventure Gold 代币经济学提案V4，总供应量增发1550万枚
2025-11-28 20:29:35,445 - INFO - --------------------------------------------------
2025-11-28 20:29:35,485 - INFO - Channel: -1002117032512
2025-11-28 20:29:35,485 - INFO - Time: 2025-01-06T12:32:02+00:00
2025-11-28 20:29:35,485 - INFO - Content: $NEIRO   V神钱包卖出NEIRO

https://etherscan.io/tx/0x2a277364e5eedc4cd136d239d2ed9f09aa2cc1e9b8324e70ee28114274f701d9
2025-11-28 20:29:35,485 - INFO - --------------------------------------------------
2025-11-28 20:29:35,513 - INFO - Channel: -1002117032512
2025-11-28 20:29:35,513 - INFO - Time: 2025-01-03T08:02:32+00:00
2025-11-28 20:29:35,513 - INFO - Content: $TAOCAT   DWF已投资@taocat_agent，作2000 万美元 AI 代理基金的一部分

https://x.com/DWFLabs/status/1875090202227822718
2025-11-28 20:29:35,513 - INFO - --------------------------------------------------
2025-11-28 20:29:35,541 - INFO - Channel: -1002117032512
2025-11-28 20:29:35,541 - INFO - Time: 2025-01-03T06:13:05+00:00
2025-11-28 20:29:35,541 - INFO - Content: #VIRTUAL   安全员报告Virtuals Protocol代码漏洞 团队选择忽略问题

https://x.com/lj1nu/status/1875021257210736870
2025-11-28 20:29:35,541 - INFO - --------------------------------------------------
2025-11-28 20:29:35,566 - INFO - Channel: -1002117032512
2025-11-28 20:29:35,566 - INFO - Time: 2024-12-31T15:59:58+00:00
2025-11-28 20:29:35,566 - INFO - Content: ✅ **祝半只香蕉News的家人们2025新年快乐！
**
🎉 2024年圆满收官，2025年迎来新的开始，感谢所有家人的支持，祝一切买入都如愿猛涨！
2025-11-28 20:29:35,566 - INFO - --------------------------------------------------
2025-11-28 20:29:35,614 - INFO - Channel: -1002117032512
2025-11-28 20:29:35,614 - INFO - Time: 2024-12-31T06:46:54+00:00
2025-11-28 20:29:35,614 - INFO - Content: $THE   币安实验室投资THENA以推动去中心化金融的大规模采用
2025-11-28 20:29:35,614 - INFO - --------------------------------------------------
2025-11-28 20:29:35,639 - INFO - Channel: -1002117032512
2025-11-28 20:29:35,639 - INFO - Time: 2024-12-26T12:23:47+00:00
2025-11-28 20:29:35,639 - INFO - Content: $LIT   新提案：Litentry 更名为 Heima Network，LIT品牌重塑HEI，代币的总供应量将保持不变
2025-11-28 20:29:35,639 - INFO - --------------------------------------------------
2025-11-28 20:29:35,667 - INFO - Channel: -1002117032512
2025-11-28 20:29:35,667 - INFO - Time: 2024-12-26T11:56:00+00:00
2025-11-28 20:29:35,667 - INFO - Content: $MOODENGETH   V神透露，除了捐赠1000万泰铢外未来可能会捐赠更多，因为还预留了 88 ETH
2025-11-28 20:29:35,667 - INFO - --------------------------------------------------
2025-11-28 20:29:35,698 - INFO - Channel: -1002117032512
2025-11-28 20:29:35,698 - INFO - Time: 2024-12-25T11:00:22+00:00
2025-11-28 20:29:35,698 - INFO - Content: $FLOKI   Floki ETP 将于 2025 年第一季度推出，寻求 DAO 批准提供流动性和销毁代币
2025-11-28 20:29:35,698 - INFO - --------------------------------------------------
2025-11-28 20:29:35,727 - INFO - Channel: -1002117032512
2025-11-28 20:29:35,727 - INFO - Time: 2024-12-24T15:48:23+00:00
2025-11-28 20:29:35,727 - INFO - Content: #LUNA   黑山宪法法院一致驳回Do Kwon的上诉，司法部长将做出引渡决定
2025-11-28 20:29:35,727 - INFO - --------------------------------------------------
2025-11-28 20:29:35,749 - INFO - Channel: -1002117032512
2025-11-28 20:29:35,749 - INFO - Time: 2024-12-23T15:22:10+00:00
2025-11-28 20:29:35,749 - INFO - Content: #OS   [Opensea Foundation](https://www.opensea.foundation/) 网址已上线
2025-11-28 20:29:35,749 - INFO - --------------------------------------------------
2025-11-28 20:29:35,866 - INFO - Channel: -1002117032512
2025-11-28 20:29:35,866 - INFO - Time: 2024-12-23T15:02:05+00:00
2025-11-28 20:29:35,866 - INFO - Content: $USUAL   币安孵化器投资Usual ，以社区优先的创新重新定义稳定币
2025-11-28 20:29:35,866 - INFO - --------------------------------------------------
2025-11-28 20:29:35,888 - INFO - Channel: -1002117032512
2025-11-28 20:29:35,888 - INFO - Time: 2024-12-17T14:06:32+00:00
2025-11-28 20:29:35,888 - INFO - Content: $TURBO   Aurora Labs 推出 TurboChain 和 TurboSwap

https://chainwire.org/2024/12/17/aurora-labs-introduces-turbochain-and-turboswap-empowering-the-turbo-ecosystem/
2025-11-28 20:29:35,888 - INFO - --------------------------------------------------
2025-11-28 20:29:35,923 - INFO - Channel: -1002117032512
2025-11-28 20:29:35,923 - INFO - Time: 2024-12-17T00:29:03+00:00
2025-11-28 20:29:35,923 - INFO - Content: $CRO  Crypto CEO发布与特朗普合照，配文“很荣幸能有一席之地”
2025-11-28 20:29:35,923 - INFO - --------------------------------------------------
2025-11-28 20:29:35,949 - INFO - Channel: -1002117032512
2025-11-28 20:29:35,949 - INFO - Time: 2024-12-16T14:19:53+00:00
2025-11-28 20:29:35,949 - INFO - Content: $ETHFI   发布提案：分配 5% 的协议收入来购买 ETHFI

https://governance.ether.fi/t/8-ether-fi-dao-proposal-enhancing-ethfi-utility-and-liquidity-with-protocol-rebates-for-governance-participants/2691
2025-11-28 20:29:35,949 - INFO - --------------------------------------------------
2025-11-28 20:29:35,976 - INFO - Channel: -1002117032512
2025-11-28 20:29:35,976 - INFO - Time: 2024-12-13T08:47:25+00:00
2025-11-28 20:29:35,976 - INFO - Content: 一场闹剧👀：

15:43 @naniXBT 仅仅靠朋友的消息在个人电报群发布消息 “ gate got hacked  withdraw if you still can”
15:52 AggrNews 仅靠此消息发布Gate被黑客入侵消息，方程式新闻转发
15:57 通过链上并未发现Gate异常提现数据且此时经测试提现一切正常
16:23 @naniXBT 发推证实自己没有做过任何检查就发布了消息
16:28 Gate CEO 证实目前充值、提现、交易均正常运行——请勿相信谣言
2025-11-28 20:29:35,976 - INFO - --------------------------------------------------
2025-11-28 20:29:36,120 - INFO - Channel: -1002117032512
2025-11-28 20:29:36,120 - INFO - Time: 2024-12-13T07:58:13+00:00
2025-11-28 20:29:36,120 - INFO - Content: 在Arkm后台数据没有查到Gate交易所任何异常活动

https://intel.arkm.com/explorer/entity/gate-io
2025-11-28 20:29:36,120 - INFO - --------------------------------------------------
2025-11-28 20:29:36,166 - INFO - Channel: -1002117032512
2025-11-28 20:29:36,166 - INFO - Time: 2024-12-12T13:41:02+00:00
2025-11-28 20:29:36,166 - INFO - Content: $LIDO  灰度Lido 信托基金

https://x.com/Grayscale/status/1867214822066332108
2025-11-28 20:29:36,166 - INFO - --------------------------------------------------

Mentioned Currencies:  
Keywords:  [('cgpt', 0.4315), ('流动性', 0.2957), ('扩张', 0.2951), ('中心化', 0.2837), ('回购', 0.2407), ('代币', 0.2225), ('促进', 0.2078), ('chaingpt', 0.1281), ('启动', 0.0947), ('solana', 0.0837)]
Mentioned Currencies:  
Keywords:  [('bnbchain', 0.6729), ('tst', 0.4838), ('基金会', 0.3898), ('买入', 0.3143), ('链上', 0.2523), ('aiot', 0.2267), ('skyai', 0.0966)]
Mentioned Currencies:  
Keywords:  [('zksync', 0.5194), ('zk', 0.5043), ('代币', 0.4599), ('兑换', 0.4444), ('万美元', 0.3499), ('投票', 0.3376), ('价值', 0.3232), ('提案', 0.295), ('追回', 0.2868), ('eth', 0.2085)]
Mentioned Currencies:  
Keywords:  [('回购', 0.421), ('六个月', 0.4061), ('存入', 0.3129), ('代币', 0.2952), ('国库', 0.2874), ('完成', 0.2814), ('tranchess', 0.2802), ('首次', 0.2719), ('地址', 0.2434), ('持续', 0.2231)]
Mentioned Currencies:  
Keywords:  [('新币', 0.4978), ('经济学', 0.4233), ('代币', 0.4004), ('sns', 0.3643), ('可持续性', 0.3477), ('计划', 0.2163), ('fida', 0.1815), ('推出', 0.0918)]
Mentioned Currencies:  
Keywords:  [('icx', 0.5911), ('icxicon', 0.4342), ('sodax', 0.413), ('xchange', 0.3782), ('品牌', 0.3425), ('比例', 0.2661), ('soda', 0.2609), ('重塑', 0.257), ('进行', 0.1132), ('迁移', 0.0971)]
Mentioned Currencies:  
Keywords:  [('代币', 0.3527), ('提案', 0.3263), ('公开市场', 0.3006), ('回购', 0.2951), ('aave', 0.2903), ('万美元', 0.2887), ('批准', 0.2619)]
Mentioned Currencies:  
Keywords:  [('treasury', 0.5709), ('finance', 0.5422), ('代币', 0.4756), ('币安', 0.3897), ('alpha', 0.353), ('转账', 0.3228), ('小时', 0.2934), ('大额', 0.1828), ('内向', 0.0967)]
Mentioned Currencies:  
Keywords:  [('品牌', 0.3304), ('eos', 0.2597), ('代币', 0.2552), ('代码', 0.2344), ('合约', 0.2316), ('公布', 0.2236), ('重塑', 0.2005), ('提案', 0.193), ('置换', 0.19), ('月底', 0.1365)]
Mentioned Currencies:  Worldcoin
Keywords:  [('worldcoin', 0.5552), ('altman', 0.5057), ('wldalex', 0.41), ('主持', 0.3756), ('blania', 0.3639), ('sam', 0.3394), ('新进展', 0.3187), ('揭晓', 0.3164), ('活动', 0.2782), ('产品', 0.2298)]
Mentioned Currencies:  
Keywords:  [('钱包', 0.5899), ('代币', 0.4898), ('万美元', 0.3876), ('销毁', 0.3598), ('价值', 0.3159), ('发送到', 0.1939), ('om', 0.1091), ('已经', 0.0746)]
Mentioned Currencies:  
Keywords:  [('提案', 0.4577), ('计划', 0.4234), ('投票', 0.4181), ('hifi', 0.3849), ('协议', 0.3687), ('hip16', 0.3664), ('方案', 0.3654), ('未来', 0.3345), ('关闭', 0.2609), ('启动', 0.2528)]
Mentioned Currencies:  
Keywords:  [('千万美元', 0.5627), ('年收入', 0.5435), ('ethfiether', 0.3661), ('代币', 0.323), ('万美元', 0.2956), ('ethfi', 0.2143), ('回购', 0.1975), ('预计', 0.1745), ('fi', 0.1693)]
Mentioned Currencies:  Tether
Keywords:  [('股份', 0.5243), ('usdt', 0.4541), ('股东', 0.4465), ('tether', 0.4167), ('俱乐部', 0.3532), ('增持', 0.316), ('尤文图斯', 0.2884), ('地位', 0.2827), ('足球', 0.2822), ('juv', 0.2517)]
Mentioned Currencies:  
Keywords:  [('atkins', 0.4607), ('主席', 0.3124), ('记者', 0.2192), ('周二', 0.2007), ('最早', 0.1756), ('宣誓', 0.1413), ('secgov', 0.086), ('就任', 0.0804), ('高级', 0.0649), ('paul', 0.0614)]
Mentioned Currencies:  
Keywords:  [('销毁', 0.4387), ('亿个', 0.3931), ('减少', 0.2902), ('供应量', 0.244), ('代币', 0.2142), ('团队', 0.2052), ('ommantra', 0.0621)]
Mentioned Currencies:  
Keywords:  [('特朗普', 0.5548), ('trump', 0.5055), ('晚宴', 0.5015), ('总统', 0.4245), ('代币', 0.3801), ('计划', 0.2653), ('为此', 0.2096), ('网页', 0.1964), ('举办', 0.1938), ('持有者', 0.192)]
Mentioned Currencies:  
Keywords:  [('品牌', 0.4056), ('cx', 0.3556), ('交易所', 0.3305), ('synsynapse', 0.2674), ('团队', 0.2499), ('重塑', 0.2061), ('支持', 0.2006), ('预计', 0.1698), ('cortex', 0.1265), ('日前', 0.1024)]
Mentioned Currencies:  
Keywords:  [('cake', 0.6531), ('代币', 0.3411), ('钱包', 0.3181), ('币安', 0.2929), ('提案', 0.2762), ('获批', 0.2315), ('启动', 0.1712), ('机制', 0.1607), ('参与', 0.154), ('通缩', 0.1118)]
Mentioned Currencies:  
Keywords:  [('zkzksync', 0.342), ('代币', 0.3129), ('链上', 0.2945), ('解锁', 0.2888), ('出售', 0.2808), ('投资者', 0.27), ('锁定', 0.2553), ('信息', 0.2034), ('官方', 0.1628), ('印发', 0.1577)]
Mentioned Currencies:  
Keywords:  [('gpsgoplus', 0.3007), ('销毁', 0.2792), ('代币', 0.2124), ('万美元', 0.2084), ('回购', 0.2062), ('价值', 0.1673), ('所有', 0.0669)]
Mentioned Currencies:  
Keywords:  [('orca', 0.4768), ('费用', 0.4433), ('代币', 0.3408), ('协议', 0.3142), ('提案', 0.3136), ('万美元', 0.2926), ('销毁', 0.2417), ('回购', 0.2352), ('万枚', 0.1605), ('公开', 0.1597)]
Mentioned Currencies:  
Keywords:  [('流通量', 0.4993), ('亿枚', 0.4634), ('增加', 0.4343), ('aip002', 0.3895), ('提案', 0.3424), ('代币', 0.3419), ('一次性', 0.2092), ('所有', 0.1828), ('loka', 0.1351), ('剩余', 0.1201)]
Mentioned Currencies:  
Keywords:  [('cakecake', 0.601), ('cake', 0.5872), ('钱包', 0.52), ('代币', 0.4981), ('币安', 0.4565), ('订阅', 0.3881), ('经济学', 0.3858), ('用于', 0.3396), ('提案', 0.321), ('活动', 0.3011)]
Mentioned Currencies:  Aave
Keywords:  [('金额', 0.4131), ('回购', 0.3513), ('代币', 0.3396), ('aave', 0.3189), ('计划', 0.2598), ('万美元', 0.2576), ('每月', 0.2494), ('本周', 0.1588), ('执行', 0.0823)]
Mentioned Currencies:  
Keywords:  [('magictreasure', 0.4953), ('treasure', 0.3262), ('终止', 0.2993), ('dao', 0.2714), ('财务', 0.2516), ('重组', 0.2485), ('游戏', 0.2281), ('业务', 0.2272), ('chain', 0.1814), ('困难', 0.161)]
Mentioned Currencies:  
Keywords:  [('orca', 0.6645), ('费用', 0.3252), ('理事会', 0.2771), ('协议', 0.2679), ('提案', 0.2661), ('购买', 0.253), ('市场', 0.2381), ('usdc', 0.2132), ('国库', 0.1835), ('xorca', 0.182)]
Mentioned Currencies:  
Keywords:  [('钱包', 0.4741), ('代币', 0.3894), ('销毁', 0.3707), ('万美元', 0.2889), ('tut', 0.2337), ('价值', 0.2289), ('cz', 0.1015)]
Mentioned Currencies:  
Keywords:  [('流通量', 0.58), ('代币', 0.5235), ('增加', 0.4909), ('亿枚', 0.4763), ('提案', 0.4191), ('所有', 0.3205), ('立即', 0.2817), ('剩余', 0.2762), ('铸造', 0.2669), ('loka', 0.2234)]
Mentioned Currencies:  World Liberty Financial
Keywords:  [('liberty', 0.5109), ('financial', 0.3766), ('usd1', 0.2228), ('world', 0.2093), ('计划', 0.1557), ('稳定', 0.1551), ('机构', 0.1421), ('推出', 0.0438)]
Mentioned Currencies:  
Keywords:  [('foundation', 0.3836), ('movement', 0.2838), ('network', 0.16), ('计划', 0.1245), ('回购', 0.0912), ('收回', 0.0746), ('万美元', 0.0574), ('做市商', 0.0506), ('启动', 0.0261)]
Mentioned Currencies:  
Keywords:  [('头像', 0.7666), ('cz', 0.5138)]
Mentioned Currencies:  
Keywords:  [('yzi', 0.5075), ('投资', 0.3832), ('network', 0.3683), ('资产', 0.3438), ('rwafi', 0.286), ('现实', 0.2462), ('世界', 0.235), ('上链', 0.2062), ('推进', 0.167), ('labs', 0.1214)]
Mentioned Currencies:  
Keywords:  [('durov', 0.3651), ('迪拜', 0.3616), ('法国', 0.3114), ('离开', 0.3), ('telegram', 0.1934), ('拘留', 0.1769), ('批准', 0.167), ('结束', 0.1453), ('法院', 0.1159), ('pavel', 0.1004)]
Mentioned Currencies:  
Keywords:  [('代币', 0.3567), ('bnb', 0.3559), ('fourmeme', 0.3208), ('交易', 0.2956), ('费中', 0.2388), ('form', 0.2301), ('回购', 0.2042), ('计划', 0.1763), ('用于', 0.1634), ('获得', 0.1418)]
Mentioned Currencies:  
Keywords:  [('销毁', 0.3299), ('供应量', 0.2914), ('万美元', 0.2743), ('价值', 0.1975), ('koma', 0.1474)]
Mentioned Currencies:  
Keywords:  [('jupiter', 0.476), ('金额', 0.2916), ('回购', 0.2217), ('收入', 0.2117), ('usdc', 0.1993), ('协议', 0.1467), ('第一次', 0.1091), ('链上', 0.1038), ('进行', 0.0224), ('正在', 0.0095)]
Mentioned Currencies:  
Keywords:  [('费用', 0.5451), ('比例', 0.3466), ('提高', 0.3077), ('moonbeam', 0.2956), ('提案', 0.261), ('基金会', 0.245), ('交易', 0.2435), ('销毁', 0.1717), ('建议', 0.0848)]2025-11-28 20:29:36,211 - INFO - Channel: -1002117032512
2025-11-28 20:29:36,211 - INFO - Time: 2024-12-12T13:22:15+00:00
2025-11-28 20:29:36,211 - INFO - Content: $OP   灰度推出Optimism信托基金

https://www.globenewswire.com/news-release/2024/12/12/2996242/0/en/Grayscale-Investments-Introduces-Two-New-Investment-Vehicles-Grayscale-Lido-DAO-Trust-and-Grayscale-Optimism-Trust.html
2025-11-28 20:29:36,211 - INFO - --------------------------------------------------
2025-11-28 20:29:36,265 - INFO - Channel: -1002117032512
2025-11-28 20:29:36,265 - INFO - Time: 2024-12-12T13:20:28+00:00
2025-11-28 20:29:36,265 - INFO - Content: $AVAX   Avalanche 从 Galaxy 和其他公司筹集了 2.5 亿美元

https://www.forbes.com/sites/digital-assets/2024/12/12/despite-being-flush-avalanche-raises-250-million-from-galaxy-and-others/
2025-11-28 20:29:36,265 - INFO - --------------------------------------------------
2025-11-28 20:29:36,315 - INFO - Channel: -1002117032512
2025-11-28 20:29:36,315 - INFO - Time: 2024-12-12T03:24:46+00:00
2025-11-28 20:29:36,315 - INFO - Content: $CRO   成为CFTC主席头号候选人a16z 政策主管 Brian Quintenz 曾担任 Crypto.com 的顾问委员会成员
2025-11-28 20:29:36,315 - INFO - --------------------------------------------------
2025-11-28 20:29:36,375 - INFO - Channel: -1002117032512
2025-11-28 20:29:36,375 - INFO - Time: 2024-12-11T14:00:52+00:00
2025-11-28 20:29:36,375 - INFO - Content: #BNB   币安实验室投资 Perena

https://x.com/BinanceLabs/status/1866845495257403596
2025-11-28 20:29:36,375 - INFO - --------------------------------------------------
2025-11-28 20:29:36,404 - INFO - Channel: -1002117032512
2025-11-28 20:29:36,404 - INFO - Time: 2024-12-10T22:26:17+00:00
2025-11-28 20:29:36,404 - INFO - Content: $SYN   [SIP-41回购提案](https://snapshot.box/#/s:synapseprotocol.eth/proposal/0x3e8a9ad0cd5c2fb7bab2a4a6b452524d66af253f82596d8ae2dc6bb30d4d61a6)：国库拨款 3个月内回购价值 350 万美元的 $SYN
2025-11-28 20:29:36,404 - INFO - --------------------------------------------------
2025-11-28 20:29:36,431 - INFO - Channel: -1002117032512
2025-11-28 20:29:36,431 - INFO - Time: 2024-12-10T22:05:33+00:00
2025-11-28 20:29:36,431 - INFO - Content: $ONE   Harmonyprotocol将推出memecoin平台
2025-11-28 20:29:36,431 - INFO - --------------------------------------------------
2025-11-28 20:29:36,504 - INFO - Channel: -1002117032512
2025-11-28 20:29:36,504 - INFO - Time: 2024-12-06T09:00:44+00:00
2025-11-28 20:29:36,504 - INFO - Content: **官方公告：**
2024年12月6日，OKB完成了第26次销毁。销毁的OKB数量为18,488,690.46枚

https://www.oklink.com/eth/address/0xff1ee8604f9ec9c3bb292633bb939321ae861b30
2025-11-28 20:29:36,504 - INFO - --------------------------------------------------
2025-11-28 20:29:36,551 - INFO - Channel: -1002117032512
2025-11-28 20:29:36,551 - INFO - Time: 2024-12-06T07:44:24+00:00
2025-11-28 20:29:36,551 - INFO - Content: $OKB   OK回购和销毁地址转入216万枚OKB，价值1.2亿美元

https://etherscan.io/token/0x75231f58b43240c9718dd58b4967c5114342a86c?a=0xff1ee8604f9ec9c3bb292633bb939321ae861b30
2025-11-28 20:29:36,551 - INFO - --------------------------------------------------
2025-11-28 20:29:36,571 - INFO - Channel: -1002117032512
2025-11-28 20:29:36,572 - INFO - Time: 2024-12-04T01:51:26+00:00
2025-11-28 20:29:36,572 - INFO - Content: $FXS   FraxFinance创始人Samkazemian在电报群中说，Fxs将重新更名为Frax，并将成为Fraxtal链的gas代币，12月11日起一周内将逐日发布重要公告
2025-11-28 20:29:36,572 - INFO - --------------------------------------------------
2025-11-28 20:29:36,664 - INFO - Channel: -1002117032512
2025-11-28 20:29:36,664 - INFO - Time: 2024-12-03T13:58:39+00:00
2025-11-28 20:29:36,664 - INFO - Content: Upbit BTC报价约63000美元，币安BTC报价93000美元
2025-11-28 20:29:36,664 - INFO - --------------------------------------------------
2025-11-28 20:29:36,684 - INFO - Channel: -1002117032512
2025-11-28 20:29:36,684 - INFO - Time: 2024-12-03T13:55:52+00:00
2025-11-28 20:29:36,684 - INFO - Content: 受韩国戒严令影响，韩国加密资产出现严重负溢价
2025-11-28 20:29:36,684 - INFO - --------------------------------------------------
2025-11-28 20:29:36,709 - INFO - Channel: -1002117032512
2025-11-28 20:29:36,709 - INFO - Time: 2024-12-03T08:02:36+00:00
2025-11-28 20:29:36,709 - INFO - Content: $DAR   DAR与D代币转换日期于2025年1月进行，转换率为 1：1
2025-11-28 20:29:36,709 - INFO - --------------------------------------------------
2025-11-28 20:29:36,730 - INFO - Channel: -1002117032512
2025-11-28 20:29:36,730 - INFO - Time: 2024-12-02T05:29:59+00:00
2025-11-28 20:29:36,730 - INFO - Content: $AEVO   AEVO已完成11月份回购100万枚的计划，团队已连续五个月累计回购500万枚AEVO，价值约250万美元
2025-11-28 20:29:36,730 - INFO - --------------------------------------------------
2025-11-28 20:29:36,782 - INFO - Channel: -1002117032512
2025-11-28 20:29:36,782 - INFO - Time: 2024-11-28T02:24:46+00:00
2025-11-28 20:29:36,782 - INFO - Content: $GFT   下架币 Gifto项目方在链上不断增发，目前已经增发12亿，已转入Binance，Bitget和Kucoin交易所

https://bscscan.com/token/0x72ff5742319ef07061836f5c924ac6d72c919080?a=0x0000000000000000000000000000000000000000
2025-11-28 20:29:36,782 - INFO - --------------------------------------------------
2025-11-28 20:29:36,815 - INFO - Channel: -1002117032512
2025-11-28 20:29:36,815 - INFO - Time: 2024-11-27T01:44:39+00:00
2025-11-28 20:29:36,815 - INFO - Content: V神正在链上出售一些memecoin

https://etherscan.io/tx/0x06b8ddbb7a95c62dd30cfe731388ff329fa324883f4198ee0ac83c23c0988375

https://etherscan.io/tx/0xdc3cf181dd769c5bd676dc5950ddf3eca8f37a96b7a94b9bf0e419c9e07c09ad

https://etherscan.io/tx/0xc6bce98ce3dc75046fd27835f781f0dbffe1e280c65ac4f6f390ed68617b5a31
2025-11-28 20:29:36,815 - INFO - --------------------------------------------------
2025-11-28 20:29:36,838 - INFO - Channel: -1002117032512
2025-11-28 20:29:36,838 - INFO - Time: 2024-11-25T07:55:17+00:00
2025-11-28 20:29:36,838 - INFO - Content: $BAKE   BakerySwap 的下一代产品涉及多链“PumpFun”
2025-11-28 20:29:36,838 - INFO - --------------------------------------------------
2025-11-28 20:29:36,873 - INFO - Channel: -1002117032512
2025-11-28 20:29:36,873 - INFO - Time: 2024-11-21T10:06:56+00:00
2025-11-28 20:29:36,873 - INFO - Content: $SUI  Sui网络疑似瘫痪，已50分钟未出块
2025-11-28 20:29:36,873 - INFO - --------------------------------------------------
2025-11-28 20:29:36,897 - INFO - Channel: -1002117032512
2025-11-28 20:29:36,897 - INFO - Time: 2024-11-21T01:07:06+00:00
2025-11-28 20:29:36,897 - INFO - Content: $BAN  Justinsuntron已成功以 620 万美元的价格收购了 Maurizio Cattelan 的标志性作品《Comedian》
2025-11-28 20:29:36,897 - INFO - --------------------------------------------------
2025-11-28 20:29:36,926 - INFO - Channel: -1002117032512
2025-11-28 20:29:36,926 - INFO - Time: 2024-11-19T11:09:01+00:00
2025-11-28 20:29:36,926 - INFO - Content: BINANCE.US：Binance.US 上架 Treasure (MAGIC) | 立即存款
2025-11-28 20:29:36,926 - INFO - --------------------------------------------------
2025-11-28 20:29:36,951 - INFO - Channel: -1002117032512
2025-11-28 20:29:36,951 - INFO - Time: 2024-11-19T10:37:15+00:00
2025-11-28 20:29:36,951 - INFO - Content: 👀 pump
2025-11-28 20:29:36,951 - INFO - --------------------------------------------------
2025-11-28 20:29:37,127 - INFO - Channel: -1002117032512
2025-11-28 20:29:37,127 - INFO - Time: 2024-11-19T10:28:48+00:00
2025-11-28 20:29:37,127 - INFO - Content: $NEIRO   时隔25天后Wintermute从Bybit交易所提出价值近1000万美元的NEIRO
2025-11-28 20:29:37,127 - INFO - --------------------------------------------------
2025-11-28 20:29:37,153 - INFO - Channel: -1002117032512
2025-11-28 20:29:37,153 - INFO - Time: 2024-11-18T22:19:26+00:00
2025-11-28 20:29:37,153 - INFO - Content: $HFT   协议费用实施 $HFT 回购和销毁，将 50% 的协议费用用于每月回购并销毁 $ HFT

https://gov.hashflow.com/t/rfc-implement-hft-buyback-and-burn/763
2025-11-28 20:29:37,153 - INFO - --------------------------------------------------
2025-11-28 20:29:37,181 - INFO - Channel: -1002117032512
2025-11-28 20:29:37,181 - INFO - Time: 2024-11-15T21:27:02+00:00
2025-11-28 20:29:37,181 - INFO - Content: ❗️根据社区反应很多用户Dexx资金被盗，建议先转移资金

**官方回应： ****https://x.com/DEXXai_CN/status/1857543202338975977**
2025-11-28 20:29:37,181 - INFO - --------------------------------------------------
2025-11-28 20:29:37,209 - INFO - Channel: -1002117032512
2025-11-28 20:29:37,209 - INFO - Time: 2024-11-15T09:01:47+00:00
2025-11-28 20:29:37,209 - INFO - Content: $PROS  Prosper x 比特大陆 达成合作
2025-11-28 20:29:37,209 - INFO - --------------------------------------------------
2025-11-28 20:29:37,234 - INFO - Channel: -1002117032512
2025-11-28 20:29:37,234 - INFO - Time: 2024-11-14T10:20:15+00:00
2025-11-28 20:29:37,234 - INFO - Content: $TROY   TroyPump.meme即将推出
2025-11-28 20:29:37,234 - INFO - --------------------------------------------------
2025-11-28 20:29:37,273 - INFO - Channel: -1002117032512
2025-11-28 20:29:37,273 - INFO - Time: 2024-11-13T20:08:40+00:00
2025-11-28 20:29:37,273 - INFO - Content: $BONK   BonkDao提案投票销毁1000亿Bonk已通过 

另一提案为庆祝Bonk成立2周年最大销毁一万亿Bonk投票时间剩余21小时，目前赞成率99%
2025-11-28 20:29:37,273 - INFO - --------------------------------------------------
2025-11-28 20:29:37,329 - INFO - Channel: -1002117032512
2025-11-28 20:29:37,329 - INFO - Time: 2024-11-13T13:33:10+00:00
2025-11-28 20:29:37,329 - INFO - Content: 五分钟内，Wintermute从四个交易所中累计提取价值约800万美元的 $PEPE
2025-11-28 20:29:37,329 - INFO - --------------------------------------------------
2025-11-28 20:29:37,351 - INFO - Channel: -1002117032512
2025-11-28 20:29:37,351 - INFO - Time: 2024-11-13T13:22:55+00:00
2025-11-28 20:29:37,351 - INFO - Content: 据传 Robinhood 将上架 $PEPE

https://robinhood.com/us/en/crypto/PEPE/
2025-11-28 20:29:37,351 - INFO - --------------------------------------------------
2025-11-28 20:29:37,377 - INFO - Channel: -1002117032512
2025-11-28 20:29:37,377 - INFO - Time: 2024-11-13T08:36:21+00:00
2025-11-28 20:29:37,377 - INFO - Content: Linea Association 于今日在泰国曼谷的 Devcon 活动上正式宣布成立

Linea Association 运营的一个核心特征是代币持有者治理，这将在 2025 年第一季度推出 Linea 代币
2025-11-28 20:29:37,377 - INFO - --------------------------------------------------
2025-11-28 20:29:37,425 - INFO - Channel: -1002117032512
2025-11-28 20:29:37,425 - INFO - Time: 2024-11-13T08:31:03+00:00
2025-11-28 20:29:37,425 - INFO - Content: Linea 将在 2025 年第一季度推出 Linea 代币
2025-11-28 20:29:37,425 - INFO - --------------------------------------------------
2025-11-28 20:29:37,446 - INFO - Channel: -1002117032512
2025-11-28 20:29:37,446 - INFO - Time: 2024-11-13T02:37:17+00:00
2025-11-28 20:29:37,446 - INFO - Content: $RONIN   创始人将宣布一些事情，对于Ronin
2025-11-28 20:29:37,446 - INFO - --------------------------------------------------
2025-11-28 20:29:37,480 - INFO - Channel: -1002117032512
2025-11-28 20:29:37,480 - INFO - Time: 2024-11-12T05:57:27+00:00
2025-11-28 20:29:37,480 - INFO - Content: $MOCA   Animoca Brands 为 Mocaverse 筹集了 1000 万美元额外资金，OKX Ventures、CMCC Global、红杉（原红杉中国）参与其中，对 MOCA Coin 的估值为 10 亿美元

https://www.animocabrands.com/animoca-brands-raises-additional-usd10m-for-mocaverse
2025-11-28 20:29:37,480 - INFO - --------------------------------------------------
2025-11-28 20:29:37,547 - INFO - Channel: -1002117032512
2025-11-28 20:29:37,547 - INFO - Time: 2024-11-12T02:24:39+00:00
2025-11-28 20:29:37,547 - INFO - Content: $UNI   据说Unichain Bridge 已上线（非官方）

https://etherscan.io/address/0x81014F44b0a345033bB2b3B21C7a1A308B35fEeA
2025-11-28 20:29:37,547 - INFO - --------------------------------------------------
2025-11-28 20:29:37,570 - INFO - Channel: -1002117032512
2025-11-28 20:29:37,571 - INFO - Time: 2024-11-11T21:53:22+00:00
2025-11-28 20:29:37,571 - INFO - Content: $WLD Openai创始人对worldcoin过去一年取得了惊人的进步，对团队感到非常自豪
2025-11-28 20:29:37,571 - INFO - --------------------------------------------------
2025-11-28 20:29:37,598 - INFO - Channel: -1002117032512
2025-11-28 20:29:37,598 - INFO - Time: 2024-11-11T13:13:18+00:00
2025-11-28 20:29:37,598 - INFO - Content: $CFX   Conflux 基金会将从其生态系统基金中投入 5 亿美元来推动 PayFi 

https://confluxnetwork.medium.com/conflux-payfi-stack-pioneering-the-future-of-web3-payments-b4ef6ebceffc
2025-11-28 20:29:37,598 - INFO - --------------------------------------------------
2025-11-28 20:29:37,633 - INFO - Channel: -1002117032512
2025-11-28 20:29:37,633 - INFO - Time: 2024-11-11T04:58:33+00:00
2025-11-28 20:29:37,633 - INFO - Content: $ENS   V神在frENSday上表示，一直认为ENS是以太坊最成功的非金融应用
2025-11-28 20:29:37,633 - INFO - --------------------------------------------------
2025-11-28 20:29:37,660 - INFO - Channel: -1002117032512
2025-11-28 20:29:37,660 - INFO - Time: 2024-11-10T10:58:06+00:00
2025-11-28 20:29:37,660 - INFO - Content: **下周重要会议：**

[以太坊Devcon 7大会](https://notes.ethereum.org/@Rose/SyW3Wvc5C)** 12日-15日：**14日 Vitalik将在 d/acc 探索日上发言

[Upbit 开发者大会](https://udc.dunamu.com/en/udc2024/introduction)**（UDC）14日：**演讲嘉宾且仅上线BTC兑 $Cyber  $AXL $Iotx（有上KRW预期）
2025-11-28 20:29:37,660 - INFO - --------------------------------------------------
2025-11-28 20:29:37,688 - INFO - Channel: -1002117032512
2025-11-28 20:29:37,688 - INFO - Time: 2024-11-10T06:04:02+00:00
2025-11-28 20:29:37,689 - INFO - Content: 40% pump 👀（牛市的每一个消息都是发动机）
2025-11-28 20:29:37,689 - INFO - --------------------------------------------------
2025-11-28 20:29:37,715 - INFO - Channel: -1002117032512
2025-11-28 20:29:37,715 - INFO - Time: 2024-11-10T06:00:20+00:00
2025-11-28 20:29:37,715 - INFO - Content: 25% pump👀
2025-11-28 20:29:37,715 - INFO - --------------------------------------------------
2025-11-28 20:29:37,736 - INFO - Channel: -1002117032512
2025-11-28 20:29:37,736 - INFO - Time: 2024-11-10T05:56:52+00:00
2025-11-28 20:29:37,736 - INFO - Content: $ERN   **Ethernity发布品牌重塑提案，并计划以1:100的比例兑换成新代币**
2025-11-28 20:29:37,736 - INFO - --------------------------------------------------
2025-11-28 20:29:37,771 - INFO - Channel: -1002117032512
2025-11-28 20:29:37,771 - INFO - Time: 2024-11-09T07:01:22+00:00
2025-11-28 20:29:37,771 - INFO - Content: $TROY   TROY 推出meme 启动平台 —TroyPump
2025-11-28 20:29:37,771 - INFO - --------------------------------------------------
2025-11-28 20:29:37,806 - INFO - Channel: -1002117032512
2025-11-28 20:29:37,806 - INFO - Time: 2024-11-09T00:40:15+00:00
2025-11-28 20:29:37,806 - INFO - Content: $JUP   Jupiter将于2025年1月26日举行“Burning Cat”，在社区中销毁其代币总供应量的30%
2025-11-28 20:29:37,806 - INFO - --------------------------------------------------
2025-11-28 20:29:37,835 - INFO - Channel: -1002117032512
2025-11-28 20:29:37,835 - INFO - Time: 2024-11-08T14:00:37+00:00
2025-11-28 20:29:37,835 - INFO - Content: 币安实验室首次涉足 DeSci 领域，投资 BIO Protocol

https://www.theblock.co/post/325185/binance-labs-desci-investment-bio-protocol
2025-11-28 20:29:37,835 - INFO - --------------------------------------------------
2025-11-28 20:29:37,865 - INFO - Channel: -1002117032512
2025-11-28 20:29:37,865 - INFO - Time: 2024-11-08T12:06:28+00:00
2025-11-28 20:29:37,865 - INFO - Content: $FB   UniSat 计划将从公开市场购买 20万个 FB
2025-11-28 20:29:37,865 - INFO - --------------------------------------------------
2025-11-28 20:29:37,889 - INFO - Channel: -1002117032512
2025-11-28 20:29:37,889 - INFO - Time: 2024-11-08T11:29:51+00:00
2025-11-28 20:29:37,889 - INFO - Content: $KAIA   Google Cloud申请参与Kaia治理委员会并成为验证节点

**加入KAIA GC需满足持有至少500万个KAIA**
2025-11-28 20:29:37,889 - INFO - --------------------------------------------------

Mentioned Currencies:  
Keywords:  [('yzi', 0.4338), ('加密', 0.3473), ('人工智能', 0.3043), ('顾问', 0.2732), ('公司', 0.1959), ('投资', 0.1938), ('初创', 0.1461), ('cz', 0.1004), ('vana', 0.0952), ('担任', 0.0873)]
Mentioned Currencies:  
Keywords:  [('binaryx', 0.6202), ('符号', 0.4349), ('品牌', 0.4049), ('代币', 0.352), ('修改', 0.3412), ('更新', 0.3144), ('升级', 0.305), ('form', 0.1274)]
Mentioned Currencies:  
Keywords:  [('canary', 0.6003), ('etf', 0.3835), ('hbar', 0.223), ('提交', 0.2222)]
Mentioned Currencies:  
Keywords:  [('meme', 0.4475), ('销毁', 0.428), ('tst', 0.4274), ('代币', 0.3224), ('收入', 0.2339), ('lp', 0.1572)]
Mentioned Currencies:  
Keywords:  [('bnx', 0.596), ('binaryx', 0.4273), ('创新', 0.3923), ('defi', 0.3605), ('时代', 0.2491), ('更名', 0.2452), ('正式', 0.1783)]
Mentioned Currencies:  
Keywords:  [('jupiter', 0.5004), ('钱包', 0.4804), ('代币', 0.3904), ('回购', 0.2814), ('usdc', 0.2301), ('超过', 0.1608), ('累积', 0.1485), ('两天', 0.1022), ('用于', 0.0901), ('jup', 0.0795)]
Mentioned Currencies:  
Keywords:  [('20a2z', 0.5358), ('a2z', 0.4464), ('2025', 0.3813), ('品牌', 0.3712), ('比例', 0.2463), ('重塑', 0.2358), ('计划', 0.2006), ('1loka', 0.1928), ('过渡', 0.167), ('年初', 0.1583)]
Mentioned Currencies:  
Keywords:  [('泄露', 0.4408), ('bnbchain', 0.4035), ('信息', 0.3611), ('上市', 0.3581), ('疑似', 0.3101), ('团队', 0.2931), ('monky', 0.1187)]
Mentioned Currencies:  Litecoin
Keywords:  [('coinshares', 0.4267), ('xrp', 0.4004), ('提交', 0.3829), ('etf', 0.3555), ('文件', 0.3347), ('纳斯达克', 0.1682), ('莱特', 0.0415)]
Mentioned Currencies:  
Keywords:  [('涨幅', 0.5303), ('短期', 0.4667), ('burger', 0.2784)]
Mentioned Currencies:  
Keywords:  [('代币', 0.5392), ('品牌', 0.5203), ('重塑', 0.4442), ('burger1', 0.4408), ('burger', 0.3383), ('si', 0.2847), ('提案', 0.2767), ('迁移', 0.108)]
Mentioned Currencies:  
Keywords:  [('回购', 0.484), ('ghst', 0.4708), ('万美元', 0.4426), ('价值', 0.3802), ('提案', 0.3704)]
Mentioned Currencies:  
Keywords:  [('clvclover', 0.4465), ('clv', 0.3186), ('品牌', 0.3063), ('名称', 0.2157), ('network', 0.215), ('lux', 0.2025), ('代币', 0.1977), ('重塑', 0.1868), ('更名', 0.1332), ('lucent', 0.1135)]
Mentioned Currencies:  
Keywords:  [('销毁', 0.4577), ('结束', 0.3506), ('3b', 0.3471), ('代币', 0.2407), ('catstanbul', 0.2249), ('jup', 0.2152), ('jupjupiter', 0.2123), ('透露', 0.1971), ('创始人', 0.1683), ('议程', 0.1516)]
Mentioned Currencies:  
Keywords:  [('usd0', 0.3781), ('下限', 0.3312), ('提高', 0.2547), ('usualusualmoney', 0.1835), ('计划', 0.1506)]
Mentioned Currencies:  
Keywords:  [('binancelabs', 0.5201), ('yzi', 0.4314), ('labs', 0.099), ('更名', 0.0903)]
Mentioned Currencies:  
Keywords:  [('cx', 0.4307), ('兑换', 0.4214), ('升级', 0.3856), ('比例', 0.3525), ('代币', 0.3429), ('syn', 0.0635)]
Mentioned Currencies:  
Keywords:  [('涨幅', 0.3585), ('超过', 0.3049), ('消息', 0.2537), ('受此', 0.1465), ('影响', 0.105), ('torn', -0.0077)]
Mentioned Currencies:  
Keywords:  [('制裁', 0.495), ('撤销', 0.3188), ('法院', 0.2768), ('cash', 0.1853), ('tornado', 0.169), ('下令', 0.0626), ('torn', 0.0311), ('正式', 0.0033), ('地区', -0.0719)]
Mentioned Currencies:  Ethereum,Dogecoin,Solana,Bitcoin
Keywords:  [('etf', 0.587), ('doge', 0.3893), ('文件', 0.3675), ('btc', 0.3155), ('xrp', 0.2959), ('eth', 0.2029), ('包含', 0.1859), ('sol', 0.1434), ('bonk', 0.1284), ('一份', 0.1238)]
Mentioned Currencies:  
Keywords:  [('nulsnuls', 0.5128), ('nuls', 0.5067), ('10000nai', 0.4567), ('1nuls', 0.4247), ('代币', 0.398), ('品牌', 0.3233), ('比例', 0.2556), ('ai', 0.2437), ('名称', 0.2386), ('重塑', 0.1871)]
Mentioned Currencies:  
Keywords:  [('web3', 0.4267), ('gmtfsl', 0.42), ('销毁', 0.3071), ('gmt', 0.3066), ('宣布', 0.0148)]
Mentioned Currencies:  
Keywords:  [('agent', 0.4521), ('域名', 0.3368), ('chatgpt', 0.3143), ('operator', 0.2998), ('ai', 0.2576), ('openai', 0.2426), ('发布', 0.1839), ('预计', 0.1516), ('上线', 0.1487), ('很快', 0.0999)]
Mentioned Currencies:  
Keywords:  [('usd0curve', 0.4685), ('池子', 0.4344), ('倾斜', 0.4031), ('稳定', 0.3799), ('usd0', 0.3505), ('脱锚', 0.3222)]
Mentioned Currencies:  
Keywords:  [('virtuals', 0.5268), ('overworld', 0.4062), ('游戏', 0.3376), ('玩法', 0.3302), ('ilvilluvium', 0.3286), ('动态', 0.2848), ('ai', 0.2203), ('彻底改变', 0.1769), ('合作', 0.1448), ('npc', 0.1249)]
Mentioned Currencies:  
Keywords:  [('供应量', 0.5271), ('经济学', 0.4477), ('代币', 0.3919), ('gold', 0.3895), ('增发', 0.3466), ('提案', 0.2993), ('v4', 0.2765), ('agldadventure', 0.2537), ('万枚', 0.2147)]
Mentioned Currencies:  
Keywords:  [('钱包', 0.6525), ('卖出', 0.6043), ('neiro', 0.3478), ('neirov', 0.2175)]
Mentioned Currencies:  
Keywords:  [('基金', 0.5185), ('taocatdwf', 0.4495), ('投资', 0.4481), ('agent', 0.4254), ('代理', 0.4087), ('万美元', 0.367), ('2000', 0.266), ('ai', 0.256), ('taocat', 0.1783), ('一部分', 0.1704)]
Mentioned Currencies:  
Keywords:  [('漏洞', 0.4088), ('protocol', 0.4034), ('virtuals', 0.3245), ('忽略', 0.2447), ('virtual', 0.2389), ('代码', 0.1976), ('报告', 0.1768), ('安全员', 0.1702), ('团队', 0.0715), ('问题', 0.0558)]
Mentioned Currencies:  
Keywords:  [('新年快乐', 0.6364), ('2025', 0.5667), ('2024', 0.558), ('香蕉', 0.5053), ('news', 0.365), ('迎来', 0.3605), ('感谢', 0.3534), ('圆满', 0.338), ('如愿', 0.3379), ('家人', 0.3084)]
Mentioned Currencies:  
Keywords:  [('金融', 0.567), ('投资', 0.5302), ('中心化', 0.3634), ('实验室', 0.3359), ('币安', 0.278), ('大规模', 0.2766), ('采用', 0.1912), ('thena', 0.1825), ('推动', 0.12)]
Mentioned Currencies:  
Keywords:  [('lit', 0.3938), ('供应量', 0.3169), ('品牌', 0.3128), ('network', 0.3083), ('提案', 0.2598), ('代币', 0.2476), ('重塑', 0.2232), ('litentry', 0.1721), ('不变', 0.1716), ('更名', 0.1498)]
Mentioned Currencies:  
Keywords:  [('捐赠', 0.5882), ('泰铢', 0.3788), ('未来', 0.3228), ('88eth', 0.2379), ('可能', 0.2054), ('透露', 0.1741), ('预留', 0.1495), ('moodengethv', 0.1061)]
Mentioned Currencies:  
Keywords:  [('2025', 0.4564), ('dao', 0.3526), ('etp', 0.3521), ('第一季度', 0.2438), ('批准', 0.2259), ('代币', 0.1954), ('推出', 0.1317), ('提供', 0.1282), ('flokifloki', 0.1028), ('流动性', 0.0842)]
Mentioned Currencies:  
Keywords:  [('宪法法院', 0.5606), ('上诉', 0.5505), ('司法部长', 0.4402), ('驳回', 0.4129), ('kwon', 0.3278), ('决定', 0.2697), ('引渡', 0.2512), ('黑山', 0.1913), ('一致', 0.1544), ('luna', 0.1529)]
Mentioned Currencies:  
Keywords:  [('opensea', 0.5006), ('foundation', 0.4282), ('os', 0.3569)]
Mentioned Currencies:  
Keywords:  [('创新', 0.5249), ('投资', 0.4806), ('孵化器', 0.3713), ('币安', 0.371), ('社区', 0.3601), ('优先', 0.273), ('稳定', 0.2632), ('usual', 0.1534), ('重新', 0.1482), ('定义', 0.1428)]
Mentioned Currencies:  
Keywords:  [('turbochain', 0.4947), ('turboswap', 0.4729), ('turboaurora', 0.4283), ('labs', 0.1095), ('推出', 0.0903)]
Mentioned Currencies:  
Keywords:  [('特朗普', 0.5111), ('crocrypto', 0.4313), ('发布', 0.2419), ('合照', 0.2382), ('配文', 0.2163), ('荣幸', 0.2161), ('一席之地', 0.2004), ('ceo', 0.1646)]
Mentioned Currencies:  
Keywords:  [('收入', 0.3758), ('提案', 0.3163), ('协议', 0.3143), ('ethfi', 0.2732), ('分配', 0.2425), ('购买', 0.2366), ('发布', 0.2026)]
Mentioned Currencies:  
Keywords:  [('hackedwithdraw', 0.6771), ('黑客', 0.5441), ('gate', 0.4425), ('入侵', 0.3469), ('52aggrnews', 0.3394), ('运行', 0.3278), ('电报', 0.3195), ('28gate', 0.3159), ('nanixbt', 0.3157), ('检查', 0.2926)]
Mentioned Currencies:  
Keywords:  [('交易所', 0.2273), ('gate', 0.19), ('arkm', 0.1295), ('数据', 0.1013), ('没有', 0.0941), ('后台', -0.0717), ('异常', -0.0756), ('活动', -0.1504), ('查到', -0.1608)]
Mentioned Currencies:  
Keywords:  [('基金', 0.6023), ('信托', 0.479), ('lido', 0.2808), ('灰度', 0.1612)]2025-11-28 20:29:37,919 - INFO - Channel: -1002117032512
2025-11-28 20:29:37,919 - INFO - Time: 2024-11-07T11:59:58+00:00
2025-11-28 20:29:37,919 - INFO - Content: $KEY   SelfKey与SingularityDAO，Cogito Finance合并为Singularity Finance的提案已获得通过

https://snapshot.org/#/selfkey.eth/proposal/0x71f7cacf3159dbac3da52d31bf08ecc24df2e56269f24e1a68a792d769b74a3b
2025-11-28 20:29:37,919 - INFO - --------------------------------------------------
2025-11-28 20:29:37,945 - INFO - Channel: -1002117032512
2025-11-28 20:29:37,945 - INFO - Time: 2024-11-06T00:13:59+00:00
2025-11-28 20:29:37,945 - INFO - Content: **2024美国总统大选直播地图已实时更新（来源美联社）**

关注重要摇摆州投票结果预计公布时间：

乔治亚州（16 张选票）上午 8 点
北卡罗来纳州（16  张选票）上午 8:30
宾夕法尼亚州（19  张选票）上午 9 点
密歇根州（15  张选票）上午 9 点
威斯康星州（10  张选票）上午 9 点
内华达州（6  张选票）中午11点
亚利桑那州（11  张选票）中午 11 点
2025-11-28 20:29:37,945 - INFO - --------------------------------------------------
2025-11-28 20:29:38,000 - INFO - Channel: -1002117032512
2025-11-28 20:29:38,000 - INFO - Time: 2024-11-05T15:08:22+00:00
2025-11-28 20:29:38,000 - INFO - Content: **2024美国总统大选直播地图**

https://apnews.com/projects/election-results-2024/

https://www.reuters.com/graphics/USA-ELECTION/RESULTS/zjpqnemxwvx/
2025-11-28 20:29:38,000 - INFO - --------------------------------------------------
2025-11-28 20:29:38,042 - INFO - Channel: -1002117032512
2025-11-28 20:29:38,042 - INFO - Time: 2024-11-05T13:05:44+00:00
2025-11-28 20:29:38,042 - INFO - Content: $LIT   DWF LABS一分钟前从币安转入70万个LIT

https://etherscan.io/tx/0xd51ec61437a24d1b14356153524aa338a86be46a443f09bf868927334bba1e33
2025-11-28 20:29:38,042 - INFO - --------------------------------------------------
2025-11-28 20:29:38,081 - INFO - Channel: -1002117032512
2025-11-28 20:29:38,081 - INFO - Time: 2024-11-05T01:04:10+00:00
2025-11-28 20:29:38,081 - INFO - Content: $SHIB   Shiba Inu 首席开发者 Shytoshi Kusama 提出Strategic Hub for Innovation in Blockchain (S.H.I.B.)

https://blog.shib.io/strategic-hub-for-innovation-in-blockchain/
2025-11-28 20:29:38,081 - INFO - --------------------------------------------------
2025-11-28 20:29:38,123 - INFO - Channel: -1002117032512
2025-11-28 20:29:38,123 - INFO - Time: 2024-11-04T09:52:27+00:00
2025-11-28 20:29:38,123 - INFO - Content: $LUNC  参考此图片
2025-11-28 20:29:38,123 - INFO - --------------------------------------------------
2025-11-28 20:29:38,246 - INFO - Channel: -1002117032512
2025-11-28 20:29:38,246 - INFO - Time: 2024-11-04T09:49:31+00:00
2025-11-28 20:29:38,246 - INFO - Content: **$LUNC**   **Shuttle Bridge中2500亿LUNC已经被销毁，价值约2000万美元**
2025-11-28 20:29:38,246 - INFO - --------------------------------------------------
2025-11-28 20:29:38,280 - INFO - Channel: -1002117032512
2025-11-28 20:29:38,280 - INFO - Time: 2024-11-03T12:49:24+00:00
2025-11-28 20:29:38,280 - INFO - Content: $BABYDOGE   Babydoge宣布Puppy.fun平台50%的收入将用于销毁BabyDoge代币
2025-11-28 20:29:38,280 - INFO - --------------------------------------------------
2025-11-28 20:29:38,319 - INFO - Channel: -1002117032512
2025-11-28 20:29:38,319 - INFO - Time: 2024-10-31T12:24:20+00:00
2025-11-28 20:29:38,319 - INFO - Content: CZ表示，现在花一半时间在Giggle Academy，短期内不会参与其它代币，Giggle Academy不会有新代币和空投，长期来看希望web3经济融入这个平台，可能需要十年左右
2025-11-28 20:29:38,319 - INFO - --------------------------------------------------
2025-11-28 20:29:38,368 - INFO - Channel: -1002117032512
2025-11-28 20:29:38,368 - INFO - Time: 2024-10-31T11:58:00+00:00
2025-11-28 20:29:38,368 - INFO - Content: CZ正在币安区块链周接受采访👀

https://www.binance.com/en/live/video?roomId=2232681
2025-11-28 20:29:38,368 - INFO - --------------------------------------------------
2025-11-28 20:29:38,390 - INFO - Channel: -1002117032512
2025-11-28 20:29:38,390 - INFO - Time: 2024-10-28T13:54:53+00:00
2025-11-28 20:29:38,390 - INFO - Content: $GMX   
**
GMX鲸鱼TANO发推，****$GMX**** 将从周三开始回购**，有大约 700 万美元的Avalanche 鲸鱼待定借款费用和大约每周 150 万美元的费用
2025-11-28 20:29:38,390 - INFO - --------------------------------------------------
2025-11-28 20:29:38,431 - INFO - Channel: -1002117032512
2025-11-28 20:29:38,431 - INFO - Time: 2024-10-28T12:59:22+00:00
2025-11-28 20:29:38,431 - INFO - Content: $ACH   Alchemy Pay 公布 Alchemy Chain 发布计划

**Alchemy Chain 将推出 Meme Launchpad 和 Meme Telegram Bot**
2025-11-28 20:29:38,431 - INFO - --------------------------------------------------
2025-11-28 20:29:38,459 - INFO - Channel: -1002117032512
2025-11-28 20:29:38,459 - INFO - Time: 2024-10-28T12:10:06+00:00
2025-11-28 20:29:38,460 - INFO - Content: $PHB   中国移动与Phoenix打造人工智能驱动的元宇宙

https://decrypt.co/288560/china-mobiles-digital-content-arm-partners-with-phoenix-for-ai-powered-metaverse
2025-11-28 20:29:38,460 - INFO - --------------------------------------------------
2025-11-28 20:29:38,484 - INFO - Channel: -1002117032512
2025-11-28 20:29:38,484 - INFO - Time: 2024-10-24T13:00:17+00:00
2025-11-28 20:29:38,484 - INFO - Content: $GNO  GnosisDAO 批准 4000 万美元风险投资基金，用于 RWA 和去中心化基础设施

https://cointelegraph.com/news/gnosis-dao-approves-venture-fund-rwa-decentralized-infrastructure
2025-11-28 20:29:38,484 - INFO - --------------------------------------------------
2025-11-28 20:29:38,525 - INFO - Channel: -1002117032512
2025-11-28 20:29:38,525 - INFO - Time: 2024-10-18T08:05:57+00:00
2025-11-28 20:29:38,525 - INFO - Content: $BAKE   New Launchpad：一个具有价格保护的神秘模因项目

**提醒：参与代币仅限 ETH，和BAKE无关**👀

https://bakeryswap.medium.com/new-launchpad-a-mysterious-meme-project-with-price-protection-8e08c7b59359
2025-11-28 20:29:38,525 - INFO - --------------------------------------------------
2025-11-28 20:29:38,554 - INFO - Channel: -1002117032512
2025-11-28 20:29:38,554 - INFO - Time: 2024-10-17T08:05:27+00:00
2025-11-28 20:29:38,554 - INFO - Content: $WAT   80% PUMP👀
2025-11-28 20:29:38,554 - INFO - --------------------------------------------------
2025-11-28 20:29:38,576 - INFO - Channel: -1002117032512
2025-11-28 20:29:38,576 - INFO - Time: 2024-10-17T08:01:13+00:00
2025-11-28 20:29:38,576 - INFO - Content: $WAT   Animoca Brands 将从公开市场购买更多 WATCoin
2025-11-28 20:29:38,576 - INFO - --------------------------------------------------
2025-11-28 20:29:38,600 - INFO - Channel: -1002117032512
2025-11-28 20:29:38,600 - INFO - Time: 2024-10-17T05:08:44+00:00
2025-11-28 20:29:38,600 - INFO - Content: 经FoxBusiness记者确认，上诉通知书真正的截止日期是10月18日星期五晚上11点59 分👀
2025-11-28 20:29:38,600 - INFO - --------------------------------------------------
2025-11-28 20:29:38,627 - INFO - Channel: -1002117032512
2025-11-28 20:29:38,627 - INFO - Time: 2024-10-17T05:01:10+00:00
2025-11-28 20:29:38,627 - INFO - Content: **$XRP****   疑似美国证券交易委员会 SEC 错过对 ****#Ripple**** 提出上诉的截止日期（美国东部时间 10月16日23：59 ）**

经FoxBusiness记者对所有律师包括Ripple的总法律顾问，都表示10月16日是截止日期
2025-11-28 20:29:38,627 - INFO - --------------------------------------------------
2025-11-28 20:29:38,737 - INFO - Channel: -1002117032512
2025-11-28 20:29:38,737 - INFO - Time: 2024-10-16T10:30:59+00:00
2025-11-28 20:29:38,737 - INFO - Content: $ACH   Alchemy Pay将推出 Alchemy Chain
2025-11-28 20:29:38,737 - INFO - --------------------------------------------------
2025-11-28 20:29:38,757 - INFO - Channel: -1002117032512
2025-11-28 20:29:38,757 - INFO - Time: 2024-10-16T08:10:16+00:00
2025-11-28 20:29:38,757 - INFO - Content: $KLAY **  提醒：更名后流通量增加近50%，增加 1965M ****$KAIA** **（币安未提及）**

$KAIA 是由原Klaytn 和 Finschia 合并而成，代币经济学发生变化
2025-11-28 20:29:38,757 - INFO - --------------------------------------------------
2025-11-28 20:29:38,842 - INFO - Channel: -1002117032512
2025-11-28 20:29:38,842 - INFO - Time: 2024-10-15T13:13:02+00:00
2025-11-28 20:29:38,842 - INFO - Content: $WLFI   Worldliberty开售十分钟仅销售271M token，目标为20B

**提醒：估值1.5B / 锁定期一年**

[购买网址](https://www.worldlibertyfinancial.com/intl/token-sale) 丨[链上合约](https://etherscan.io/token/0xda5e1988097297dcdc1f90d4dfe7909e847cbef6?a=0xe217e15b3c19cc0427f9492dc3bcfe8220afad10)
2025-11-28 20:29:38,842 - INFO - --------------------------------------------------
2025-11-28 20:29:38,909 - INFO - Channel: -1002117032512
2025-11-28 20:29:38,909 - INFO - Time: 2024-10-15T11:00:33+00:00
2025-11-28 20:29:38,909 - INFO - Content: [$KEY](https://www.coindesk.com/business/2024/10/15/singularitydao-plans-to-merge-with-cogito-finance-selfkey-to-form-ai-focused-layer-2/)   SingularityDAO计划与 Cogito Finance、 SelfKey合并，组建以 AI 为中心的第二层

SDAO :  SFI = 1:80.353 (1 SDAO = 80.353 SFI)
CGV : SFI = 1:10.890 (1 CGV = 10.890 SFI)
KEY : SFI = 1:1 (1 KEY = 1 SFI)
2025-11-28 20:29:38,909 - INFO - --------------------------------------------------
2025-11-28 20:29:38,968 - INFO - Channel: -1002117032512
2025-11-28 20:29:38,968 - INFO - Time: 2024-10-15T07:06:44+00:00
2025-11-28 20:29:38,968 - INFO - Content: $WLD   +30% PUMP👀
2025-11-28 20:29:38,968 - INFO - --------------------------------------------------
2025-11-28 20:29:39,006 - INFO - Channel: -1002117032512
2025-11-28 20:29:39,006 - INFO - Time: 2024-10-13T23:53:18+00:00
2025-11-28 20:29:39,006 - INFO - Content: $WLD   **OpenAI的首席执行官Sam Altman将出席10月17日Worldcoin举办“新世界”的活动**

并与Tools for Humanity的首席执行官Alex Blania和Worldcoin Foundation和TFH的关键成员一起讨论项目的重要更新
2025-11-28 20:29:39,006 - INFO - --------------------------------------------------
2025-11-28 20:29:39,045 - INFO - Channel: -1002117032512
2025-11-28 20:29:39,045 - INFO - Time: 2024-10-11T01:26:41+00:00
2025-11-28 20:29:39,045 - INFO - Content: ELON MASK 新头像
2025-11-28 20:29:39,045 - INFO - --------------------------------------------------
2025-11-28 20:29:39,070 - INFO - Channel: -1002117032512
2025-11-28 20:29:39,070 - INFO - Time: 2024-10-10T14:58:49+00:00
2025-11-28 20:29:39,070 - INFO - Content: CZ 将参加币安区块链周👀
2025-11-28 20:29:39,070 - INFO - --------------------------------------------------
2025-11-28 20:29:39,095 - INFO - Channel: -1002117032512
2025-11-28 20:29:39,095 - INFO - Time: 2024-10-10T12:51:25+00:00
2025-11-28 20:29:39,095 - INFO - Content: $UNI   BANKLESS PODCAST 泄露 UNICHAIN 公告传闻

https://www.unichain.org/
2025-11-28 20:29:39,095 - INFO - --------------------------------------------------
2025-11-28 20:29:39,120 - INFO - Channel: -1002117032512
2025-11-28 20:29:39,120 - INFO - Time: 2024-10-08T13:22:39+00:00
2025-11-28 20:29:39,120 - INFO - Content: $CRO   CRYPTO.COM 收到美国证券交易委员会的威尔斯通知

https://crypto.com/company-news/complaint
2025-11-28 20:29:39,120 - INFO - --------------------------------------------------
2025-11-28 20:29:39,143 - INFO - Channel: -1002117032512
2025-11-28 20:29:39,143 - INFO - Time: 2024-10-07T12:04:41+00:00
2025-11-28 20:29:39,143 - INFO - Content: V神发文称，感谢 moodeng，今天的100亿将用于抗空气传播疾病技术
2025-11-28 20:29:39,143 - INFO - --------------------------------------------------
2025-11-28 20:29:39,170 - INFO - Channel: -1002117032512
2025-11-28 20:29:39,170 - INFO - Time: 2024-10-07T03:25:14+00:00
2025-11-28 20:29:39,170 - INFO - Content: $BGB   BGB 1.17 已经反弹到暴跌前的价格👀
2025-11-28 20:29:39,170 - INFO - --------------------------------------------------
2025-11-28 20:29:39,199 - INFO - Channel: -1002117032512
2025-11-28 20:29:39,200 - INFO - Time: 2024-10-07T03:05:51+00:00
2025-11-28 20:29:39,200 - INFO - Content: $BGB   目前已经反弹70% 👀
2025-11-28 20:29:39,200 - INFO - --------------------------------------------------
2025-11-28 20:29:39,232 - INFO - Channel: -1002117032512
2025-11-28 20:29:39,232 - INFO - Time: 2024-10-07T03:00:19+00:00
2025-11-28 20:29:39,232 - INFO - Content: $BGB   BGB短时间暴跌50%
2025-11-28 20:29:39,232 - INFO - --------------------------------------------------
2025-11-28 20:29:39,283 - INFO - Channel: -1002117032512
2025-11-28 20:29:39,283 - INFO - Time: 2024-09-30T06:03:03+00:00
2025-11-28 20:29:39,283 - INFO - Content: Orion (ORN) 及 Lumia (LUMIA) 品牌重塑，1:1兑换


**提醒一点，代币总量 从原本 ****$ORN**** 总量 92631255 增发到 ****$LUMIA**** 23888888，增发量为 146257633**
2025-11-28 20:29:39,283 - INFO - --------------------------------------------------
2025-11-28 20:29:39,342 - INFO - Channel: -1002117032512
2025-11-28 20:29:39,342 - INFO - Time: 2024-09-30T02:52:15+00:00
2025-11-28 20:29:39,342 - INFO - Content: $VIC   预计于10月15日 VIC的总供应量将在即将到来的硬分叉中**从 1 亿增加到 2.1 亿，2000万VIC于10月15日直接添加到流通供应量**
2025-11-28 20:29:39,342 - INFO - --------------------------------------------------
2025-11-28 20:29:39,374 - INFO - Channel: -1002117032512
2025-11-28 20:29:39,374 - INFO - Time: 2024-09-29T13:23:21+00:00
2025-11-28 20:29:39,374 - INFO - Content: $GFT 15%泵👀
2025-11-28 20:29:39,374 - INFO - --------------------------------------------------
2025-11-28 20:29:39,378 - INFO - Channel: -1002117032512
2025-11-28 20:29:39,378 - INFO - Time: 2024-09-29T12:07:20+00:00
2025-11-28 20:29:39,378 - INFO - Content: $GFT   正在为大家策划一个大惊喜
2025-11-28 20:29:39,378 - INFO - --------------------------------------------------
2025-11-28 20:29:39,413 - INFO - Channel: -1002117032512
2025-11-28 20:29:39,413 - INFO - Time: 2024-09-29T05:41:45+00:00
2025-11-28 20:29:39,413 - INFO - Content: $BNB $EDU   cz发文，将继续投资区块链/去中心化技术、人工智能和生物技术，还将投入更多时间和资金用于慈善（和教育）
2025-11-28 20:29:39,413 - INFO - --------------------------------------------------
2025-11-28 20:29:39,439 - INFO - Channel: -1002117032512
2025-11-28 20:29:39,439 - INFO - Time: 2024-09-28T02:55:28+00:00
2025-11-28 20:29:39,440 - INFO - Content: $BNB   CZ释放后首条推文“gm"
2025-11-28 20:29:39,440 - INFO - --------------------------------------------------
2025-11-28 20:29:39,461 - INFO - Channel: -1002117032512
2025-11-28 20:29:39,461 - INFO - Time: 2024-09-26T11:00:31+00:00
2025-11-28 20:29:39,461 - INFO - Content: $ENA   Ethena计划推出由贝莱德代币化 BUIDL 基金支持的新稳定币

https://www.theblock.co/post/318297/ethena-ustb-stablecoin-blackrock-buidl-securitize?utm_source=twitter&utm_medium=social
2025-11-28 20:29:39,461 - INFO - --------------------------------------------------
2025-11-28 20:29:39,488 - INFO - Channel: -1002117032512
2025-11-28 20:29:39,488 - INFO - Time: 2024-09-25T12:30:39+00:00
2025-11-28 20:29:39,488 - INFO - Content: 币安推出“真实代币”盘前现货交易服务

**与竞争对手不同，币安提供“真实代币”而非衍生品的盘前交易**

https://www.theblock.co/post/318063/binance-pre-market-spot-trading?utm_source=twitter&utm_medium=social
2025-11-28 20:29:39,488 - INFO - --------------------------------------------------
2025-11-28 20:29:39,539 - INFO - Channel: -1002117032512
2025-11-28 20:29:39,539 - INFO - Time: 2024-09-25T07:38:54+00:00
2025-11-28 20:29:39,539 - INFO - Content: $CHZ   关于对Chiliz（CHZ）持仓用户进行Pepper（PEPPER）空投支持的通知

https://upbit.com/service_center/notice?id=4522
2025-11-28 20:29:39,539 - INFO - --------------------------------------------------
2025-11-28 20:29:39,566 - INFO - Channel: -1002117032512
2025-11-28 20:29:39,566 - INFO - Time: 2024-09-25T06:40:18+00:00
2025-11-28 20:29:39,566 - INFO - Content: **09-23公告：**

币安将于2024年09月25日14:30（东八区时间）对账户服务进行升级，以提升系统性能和稳定性。升级大约需要3小时
2025-11-28 20:29:39,566 - INFO - --------------------------------------------------
2025-11-28 20:29:39,616 - INFO - Channel: -1002117032512
2025-11-28 20:29:39,616 - INFO - Time: 2024-09-25T06:37:54+00:00
2025-11-28 20:29:39,616 - INFO - Content: 目前币安所有存款和提现均暂停
2025-11-28 20:29:39,616 - INFO - --------------------------------------------------

Mentioned Currencies:  
Keywords:  [('optimism', 0.591), ('信托', 0.5526), ('基金', 0.5353), ('推出', 0.229), ('op', 0.2262), ('灰度', 0.1416)]
Mentioned Currencies:  Avalanche
Keywords:  [('galaxy', 0.4811), ('亿美元', 0.4192), ('avaxavalanche', 0.3029), ('筹集', 0.1781), ('公司', 0.1362)]
Mentioned Currencies:  
Keywords:  [('crypto', 0.435), ('cro', 0.3835), ('委员会', 0.3602), ('主席', 0.3291), ('cftc', 0.2839), ('顾问', 0.2743), ('候选人', 0.268), ('主管', 0.2603), ('quintenz', 0.2527), ('成员', 0.248)]
Mentioned Currencies:  
Keywords:  [('投资', 0.5421), ('bnb', 0.4511), ('币安', 0.4295), ('实验室', 0.4195), ('perena', 0.344)]
Mentioned Currencies:  
Keywords:  [('sip', 0.4448), ('回购', 0.2574), ('syn', 0.2499), ('提案', 0.1137)]
Mentioned Currencies:  
Keywords:  [('memecoin', 0.6327), ('oneharmonyprotocol', 0.5601), ('平台', 0.3702), ('推出', 0.1303)]
Mentioned Currencies:  
Keywords:  [('销毁', 0.4564), ('okb', 0.3978), ('2024', 0.3874), ('数量', 0.3433), ('完成', 0.318), ('官方', 0.2284), ('公告', 0.2004)]
Mentioned Currencies:  
Keywords:  [('亿美元', 0.4983), ('回购', 0.3745), ('价值', 0.3166), ('okb', 0.2896), ('销毁', 0.2895), ('okbok', 0.2597), ('地址', 0.2481), ('万枚', 0.2454), ('转入', 0.1475)]
Mentioned Currencies:  
Keywords:  [('frax', 0.7047), ('fraxtal', 0.6837), ('fxsfraxfinance', 0.5756), ('fxs', 0.4629), ('gas', 0.2272), ('发布', 0.1694), ('代币', 0.1651), ('创始人', 0.148), ('电报', 0.1415), ('公告', 0.1368)]
Mentioned Currencies:  Bitcoin
Keywords:  [('upbit', 0.5166), ('美元', 0.3707), ('btc', 0.3674), ('报价', 0.2462), ('币安', 0.2259)]
Mentioned Currencies:  
Keywords:  [('韩国', 0.5126), ('加密', 0.4182), ('溢价', 0.2593), ('资产', 0.2031), ('戒严令', 0.1499), ('严重', 0.1358), ('影响', 0.0709), ('出现', -0.0277)]
Mentioned Currencies:  
Keywords:  [('2025', 0.4974), ('转换率', 0.4685), ('日期', 0.3607), ('dardar', 0.3202), ('代币', 0.3129), ('转换', 0.294), ('进行', 0.1179)]
Mentioned Currencies:  
Keywords:  [('回购', 0.2716), ('万美元', 0.2558), ('aevo', 0.2432), ('aevoaevo', 0.2374), ('计划', 0.2087), ('万枚', 0.1971), ('价值', 0.1664), ('五个', 0.1528), ('累计', 0.1503), ('完成', 0.1481)]
Mentioned Currencies:  
Keywords:  [('交易所', 0.3587), ('gft', 0.303), ('增发', 0.2744), ('binance', 0.2346), ('下架币', 0.214), ('kucoin', 0.2009), ('项目', 0.1812), ('gifto', 0.1801), ('不断', 0.1459), ('目前', 0.1418)]
Mentioned Currencies:  
Keywords:  [('memecoin', 0.6762), ('出售', 0.4968), ('链上', 0.4566), ('正在', 0.3173), ('一些', 0.3039)]
Mentioned Currencies:  
Keywords:  [('bakebakeryswap', 0.7019), ('产品', 0.4572), ('多链', 0.3751), ('下一代', 0.3163), ('涉及', 0.2671), ('pumpfun', 0.1821)]
Mentioned Currencies:  Sui
Keywords:  [('未出', 0.3708), ('网络', 0.3633), ('分钟', 0.3368), ('瘫痪', 0.3127), ('疑似', 0.2171), ('suisui', 0.2039)]
Mentioned Currencies:  
Keywords:  [('收购', 0.3666), ('价格', 0.3439), ('maurizio', 0.2873), ('万美元', 0.2553), ('成功', 0.2276), ('标志性', 0.2228), ('cattelan', 0.1779), ('banjustinsuntron', 0.139), ('comedian', 0.1035), ('作品', 0.0857)]
Mentioned Currencies:  
Keywords:  [('treasure', 0.637), ('magic', 0.5241), ('存款', 0.5038), ('上架', 0.3857), ('立即', 0.331), ('binance', 0.3186)]
Mentioned Currencies:  Pump.fun
Keywords:  [('pump', 0.7745)]
Mentioned Currencies:  
Keywords:  [('万美元', 0.3409), ('交易所', 0.3197), ('价值', 0.2924), ('bybit', 0.2866), ('neiro', 0.21), ('时隔', 0.0875), ('天后', 0.0716), ('wintermute', 0.0453), ('提出', 0.0333)]
Mentioned Currencies:  
Keywords:  [('费用', 0.4637), ('hft', 0.4424), ('协议', 0.2486), ('每月', 0.238), ('回购', 0.2379), ('销毁', 0.2102), ('用于', 0.1456), ('实施', 0.1403)]
Mentioned Currencies:  
Keywords:  [('dexx', 0.5128), ('资金', 0.4512), ('被盗', 0.3952), ('用户', 0.3933), ('反应', 0.2893), ('回应', 0.2853), ('转移', 0.2465), ('官方', 0.2423), ('社区', 0.2363), ('很多', 0.2135)]
Mentioned Currencies:  
Keywords:  [('合作', 0.4924), ('prosprosper', 0.3954), ('大陆', 0.3929), ('达成', 0.2943), ('比特', 0.156)]
Mentioned Currencies:  
Keywords:  [('meme', 0.744), ('即将', 0.3655), ('推出', 0.3639), ('troytroypump', 0.2714)]
Mentioned Currencies:  
Keywords:  [('bonkbonkdao', 0.4984), ('bonk', 0.4854), ('投票', 0.3963), ('一万亿', 0.3836), ('周年', 0.3166), ('销毁', 0.3081), ('剩余', 0.2761), ('小时', 0.2683), ('最大', 0.261), ('庆祝', 0.2473)]
Mentioned Currencies:  
Keywords:  [('交易所', 0.3322), ('五分钟', 0.3266), ('价值', 0.3075), ('万美元', 0.2712), ('提取', 0.2102), ('累计', 0.1634), ('四个', 0.1508), ('pepe', 0.1013), ('wintermute', 0.0214)]
Mentioned Currencies:  
Keywords:  [('据传', 0.4618), ('上架', 0.419), ('pepe', 0.3252), ('robinhood', 0.3184)]
Mentioned Currencies:  
Keywords:  [('association', 0.3926), ('linea', 0.3905), ('泰国', 0.2871), ('曼谷', 0.2647), ('第一季度', 0.25), ('核心', 0.2488), ('devcon', 0.2404), ('治理', 0.2193), ('2025', 0.216), ('持有者', 0.2101)]
Mentioned Currencies:  
Keywords:  [('2025', 0.5124), ('第一季度', 0.3758), ('linea', 0.3587), ('代币', 0.1917), ('推出', 0.1025)]
Mentioned Currencies:  
Keywords:  [('ronin', 0.5506), ('创始人', 0.5103), ('宣布', 0.4347), ('事情', 0.3223), ('一些', 0.2627)]
Mentioned Currencies:  
Keywords:  [('mocaverse', 0.3738), ('亿美元', 0.3445), ('mocaanimoca', 0.3128), ('资金', 0.2819), ('brands', 0.2788), ('coin', 0.2489), ('ventures', 0.2252), ('筹集', 0.1581), ('估值', 0.1385), ('万美元', 0.1343)]
Mentioned Currencies:  
Keywords:  [('unichain', 0.5657), ('uni', 0.4835), ('bridge', 0.3894), ('非官方', 0.2153), ('上线', 0.1288), ('据说', 0.1238)]
Mentioned Currencies:  Worldcoin
Keywords:  [('worldcoin', 0.4932), ('创始人', 0.4139), ('自豪', 0.348), ('wld', 0.3411), ('openai', 0.3304), ('进步', 0.2951), ('惊人', 0.276), ('一年', 0.2582), ('团队', 0.2364), ('非常', 0.2312)]
Mentioned Currencies:  
Keywords:  [('cfxconflux', 0.4693), ('payfi', 0.4579), ('亿美元', 0.3709), ('基金', 0.3601), ('基金会', 0.3211), ('生态系统', 0.2712), ('投入', -0.0245), ('推动', -0.0752)]
Mentioned Currencies:  
Keywords:  [('ensv', 0.3716), ('非金融', 0.3435), ('应用', 0.2291), ('成功', 0.2088), ('ens', 0.2079), ('frensday', 0.1823), ('神在', 0.1359), ('认为', 0.1065), ('表示', 0.1061), ('一直', 0.097)]
Mentioned Currencies:  Ethereum
Keywords:  [('会议', 0.6367), ('大会', 0.6219), ('下周', 0.5832), ('devcon7', 0.4211), ('开发者', 0.4188), ('重要', 0.339), ('upbit', 0.3287), ('以太', 0.1672)]
Mentioned Currencies:  
Keywords:  [('pump', 0.4528), ('牛市', 0.4358), ('消息', 0.4106), ('发动机', 0.3893), ('一个', 0.3116)]
Mentioned Currencies:  
Keywords:  [('pump', 0.5255)]
Mentioned Currencies:  
Keywords:  [('代币', 0.3776), ('品牌', 0.366), ('兑换', 0.3598), ('重塑', 0.3385), ('ethernity', 0.3208), ('成新', 0.2963), ('提案', 0.2924), ('发布', 0.2376), ('比例', 0.2364), ('计划', 0.2326)]
Mentioned Currencies:  Pump.fun
Keywords:  [('troypump', 0.557), ('meme', 0.4933), ('troytroy', 0.477), ('平台', 0.451), ('启动', 0.4368), ('推出', 0.3443)]
Mentioned Currencies:  
Keywords:  [('2025', 0.4073), ('burning', 0.4018), ('cat', 0.3495), ('销毁', 0.2698), ('代币', 0.2227), ('供应量', 0.1875), ('举行', 0.1629), ('社区', 0.1605), ('jupjupiter', 0.0848)]
Mentioned Currencies:  
Keywords:  [('实验室', 0.4233), ('投资', 0.3936), ('bio', 0.3619), ('protocol', 0.3173), ('desci', 0.188), ('首次', 0.1822), ('领域', 0.1818), ('涉足', 0.1378), ('币安', 0.135)]
Mentioned Currencies:  
Keywords:  [('fb', 0.3849), ('公开市场', 0.3513), ('fbunisat', 0.3492), ('购买', 0.2671), ('计划', 0.1554), ('万个', 0.041)]
Mentioned Currencies:  
Keywords:  [('kaiagoogle', 0.4576), ('kaia', 0.4234), ('cloud', 0.3502), ('委员会', 0.2585), ('治理', 0.2541), ('申请', 0.2055), ('加入', 0.1799), ('验证', 0.1615), ('参与', 0.1615), ('持有', 0.1265)]2025-11-28 20:29:39,640 - INFO - Channel: -1002117032512
2025-11-28 20:29:39,640 - INFO - Time: 2024-09-25T05:19:34+00:00
2025-11-28 20:29:39,640 - INFO - Content: CELO 20% 泵👀
2025-11-28 20:29:39,640 - INFO - --------------------------------------------------
2025-11-28 20:29:39,644 - INFO - Channel: -1002117032512
2025-11-28 20:29:39,644 - INFO - Time: 2024-09-25T05:16:58+00:00
2025-11-28 20:29:39,644 - INFO - Content: $CELO   v神提到CELO，很高兴看到Celo得到发展
2025-11-28 20:29:39,644 - INFO - --------------------------------------------------
2025-11-28 20:29:39,671 - INFO - Channel: -1002117032512
2025-11-28 20:29:39,671 - INFO - Time: 2024-09-24T08:01:22+00:00
2025-11-28 20:29:39,671 - INFO - Content: $DODO   计划推出类似 pump.fun的全新 MEME平台
2025-11-28 20:29:39,671 - INFO - --------------------------------------------------
2025-11-28 20:29:39,700 - INFO - Channel: -1002117032512
2025-11-28 20:29:39,700 - INFO - Time: 2024-09-23T23:39:05+00:00
2025-11-28 20:29:39,700 - INFO - Content: $BAKE   BakerySwap Launchpad 正在烘焙令人兴奋的项目
2025-11-28 20:29:39,700 - INFO - --------------------------------------------------
2025-11-28 20:29:39,726 - INFO - Channel: -1002117032512
2025-11-28 20:29:39,726 - INFO - Time: 2024-09-23T18:33:35+00:00
2025-11-28 20:29:39,726 - INFO - Content: $DOGS   发布剩余无人认领的空投 $DOGS 投票方案，包括**销毁/向慈善机构捐赠代币/为未来发展储备资金**
2025-11-28 20:29:39,726 - INFO - --------------------------------------------------
2025-11-28 20:29:39,755 - INFO - Channel: -1002117032512
2025-11-28 20:29:39,755 - INFO - Time: 2024-09-20T05:33:36+00:00
2025-11-28 20:29:39,755 - INFO - Content: **细数 BinaryX 的那点事**

—   2022年代币回购计划
—   2023年1:100代币拆分
—   2024年7月拟销毁 74% 的 BNX 代币
—   2024年9月品牌重塑成 $FOUR
2025-11-28 20:29:39,755 - INFO - --------------------------------------------------
2025-11-28 20:29:39,803 - INFO - Channel: -1002117032512
2025-11-28 20:29:39,803 - INFO - Time: 2024-09-20T05:18:47+00:00
2025-11-28 20:29:39,803 - INFO - Content: $BNX   BinaryX将进行重大品牌重塑：推出“Four”

**—   原生代币 BNX 将更名为“Four
—   投票时间：2024 年 9 月 21 日晚上 10 点 UTC+8 至 9 月 23 日晚上 10 点 UTC+8**

https://binary-x.medium.com/binaryx-to-undergo-a-major-rebranding-introducing-four-19f7ee03da6f
2025-11-28 20:29:39,803 - INFO - --------------------------------------------------
2025-11-28 20:29:39,851 - INFO - Channel: -1002117032512
2025-11-28 20:29:39,851 - INFO - Time: 2024-09-20T02:08:22+00:00
2025-11-28 20:29:39,851 - INFO - Content: $SUN   DWF Labs与SUN合作 

https://x.com/sunpumpmeme/status/1836950229289209931
2025-11-28 20:29:39,851 - INFO - --------------------------------------------------
2025-11-28 20:29:39,876 - INFO - Channel: -1002117032512
2025-11-28 20:29:39,876 - INFO - Time: 2024-09-20T00:11:48+00:00
2025-11-28 20:29:39,876 - INFO - Content: #BINGX 交易所被盗 有资金的小伙伴迅速提现

https://debank.com/profile/0xf7e8033366166f92eb477b7b38e0d47d47b43326/history
2025-11-28 20:29:39,876 - INFO - --------------------------------------------------
2025-11-28 20:29:39,902 - INFO - Channel: -1002117032512
2025-11-28 20:29:39,902 - INFO - Time: 2024-09-19T11:01:25+00:00
2025-11-28 20:29:39,902 - INFO - Content: [$CTK ](https://cointelegraph.com/news/certik-ventures-45-million-investment-web3)  CertiK Ventures 披露 4500 万美元投资计划以推动 Web3 发展
2025-11-28 20:29:39,902 - INFO - --------------------------------------------------
2025-11-28 20:29:39,926 - INFO - Channel: -1002117032512
2025-11-28 20:29:39,926 - INFO - Time: 2024-09-19T10:02:16+00:00
2025-11-28 20:29:39,926 - INFO - Content: [$DRIFT](https://fortune.com/crypto/2024/09/19/drift-solana-multicoin-crypto-funding-series-b/)   Drift 宣布由 Multicoin Capital牵头进行 2500 万美元的 B轮融资
2025-11-28 20:29:39,926 - INFO - --------------------------------------------------
2025-11-28 20:29:39,954 - INFO - Channel: -1002117032512
2025-11-28 20:29:39,954 - INFO - Time: 2024-09-17T06:29:43+00:00
2025-11-28 20:29:39,954 - INFO - Content: 币安推出了自己的telegram迷你应用游戏——[Moonbix   ](https://t.me/Binance_Moonbix_bot/start?startapp=ref_804351053&startApp=ref_804351053)

官方暂未正式公告但已经发布关于应用程序条款和条件，我们正在早期阶段
2025-11-28 20:29:39,954 - INFO - --------------------------------------------------
2025-11-28 20:29:39,987 - INFO - Channel: -1002117032512
2025-11-28 20:29:39,987 - INFO - Time: 2024-09-16T13:07:52+00:00
2025-11-28 20:29:39,987 - INFO - Content: $BABYDOGE   即将推出的新协议将很快销毁更多 BabyDoge 代币。收入将用于回购和销毁 BabyDoge 代币
2025-11-28 20:29:39,987 - INFO - --------------------------------------------------
2025-11-28 20:29:40,011 - INFO - Channel: -1002117032512
2025-11-28 20:29:40,011 - INFO - Time: 2024-09-13T12:02:46+00:00
2025-11-28 20:29:40,011 - INFO - Content: #BTC   [MicroStrategy](https://www.microstrategy.com/press/microstrategy-acquires-18300-btc-achieves-btc-yield-of-4-qtd-17-ytd-now-holds-244800-btc) 以约 11.1 亿美元现金收购了 18,300 枚比特币
2025-11-28 20:29:40,011 - INFO - --------------------------------------------------
2025-11-28 20:29:40,050 - INFO - Channel: -1002117032512
2025-11-28 20:29:40,050 - INFO - Time: 2024-09-12T14:00:27+00:00
2025-11-28 20:29:40,050 - INFO - Content: #BNB   币安实验室投资 [OpenEden](https://www.binance.com/en/blog/ecosystem/binance-labs-invests-in-openeden-to-drive-the-growth-of-tokenized-realworld-assets-in-defi-1181406981252457328?hl=en)，推动 DeFi 领域代币化现实世界资产的增长
2025-11-28 20:29:40,050 - INFO - --------------------------------------------------
2025-11-28 20:29:40,074 - INFO - Channel: -1002117032512
2025-11-28 20:29:40,074 - INFO - Time: 2024-09-11T13:12:31+00:00
2025-11-28 20:29:40,074 - INFO - Content: **转换比率： ****$CUDOS**** 112.427:1 ****$FET****

代币合并费：5%

代币合并率：CUDOS 118.344:1 FET 按 5% 调整率计算（112.427 / 95%）

目前价格： ****$CUDOS**** 0.00947    ****$FET****   1.328** **（价差20%）
**
**投票将于 9 月 19 日举行**
2025-11-28 20:29:40,074 - INFO - --------------------------------------------------
2025-11-28 20:29:40,128 - INFO - Channel: -1002117032512
2025-11-28 20:29:40,128 - INFO - Time: 2024-09-11T13:02:43+00:00
2025-11-28 20:29:40,128 - INFO - Content: [$CUDOS](https://www.theblock.co/post/315858/artificial-superintelligence-alliance-cudos-token-merger)   人工智能超级智能联盟提议整合 DePIN 项目 Cudos 和代币合并
2025-11-28 20:29:40,128 - INFO - --------------------------------------------------
2025-11-28 20:29:40,221 - INFO - Channel: -1002117032512
2025-11-28 20:29:40,221 - INFO - Time: 2024-09-10T16:00:37+00:00
2025-11-28 20:29:40,221 - INFO - Content: [$ENS](https://www.theblock.co/post/315188/paypal-venmo-integrates-ethereum-name-service)   Paypal、Venmo 整合以太坊域名服务用于加密支付
2025-11-28 20:29:40,221 - INFO - --------------------------------------------------
2025-11-28 20:29:40,318 - INFO - Channel: -1002117032512
2025-11-28 20:29:40,318 - INFO - Time: 2024-09-10T14:22:27+00:00
2025-11-28 20:29:40,318 - INFO - Content: $COTI   七天后发布重要消息
2025-11-28 20:29:40,318 - INFO - --------------------------------------------------
2025-11-28 20:29:40,338 - INFO - Channel: -1002117032512
2025-11-28 20:29:40,338 - INFO - Time: 2024-09-09T08:00:35+00:00
2025-11-28 20:29:40,338 - INFO - Content: [$TKO](https://www.binance.com/en/blog/regulation/tokocryptos-pfak-license-a-major-milestone-for-binance-subsidiary-and-indonesias-crypto-industry-2296151690731688790?hl=en)   Tokocrypto 获得 PFAK 许可证：币安子公司和印度尼西亚加密货币行业的重要里程碑
2025-11-28 20:29:40,338 - INFO - --------------------------------------------------
2025-11-28 20:29:40,356 - INFO - Channel: -1002117032512
2025-11-28 20:29:40,356 - INFO - Time: 2024-09-03T14:02:16+00:00
2025-11-28 20:29:40,356 - INFO - Content: $ZK   Ceo发文，ZKsync 背后的公司 Matter Labs正在重组组织并将裁员 16%
2025-11-28 20:29:40,356 - INFO - --------------------------------------------------
2025-11-28 20:29:40,381 - INFO - Channel: -1002117032512
2025-11-28 20:29:40,381 - INFO - Time: 2024-09-03T13:10:56+00:00
2025-11-28 20:29:40,381 - INFO - Content: $CATIZEN   疑似TGE 倒计时18天 👀

Catizen：9月21日
Hamster Combat：9 月 26 日
2025-11-28 20:29:40,381 - INFO - --------------------------------------------------
2025-11-28 20:29:40,407 - INFO - Channel: -1002117032512
2025-11-28 20:29:40,407 - INFO - Time: 2024-09-03T11:04:48+00:00
2025-11-28 20:29:40,407 - INFO - Content: $DAR 品牌重塑 $DAR 1:1 $D 总量不变
2025-11-28 20:29:40,407 - INFO - --------------------------------------------------
2025-11-28 20:29:40,432 - INFO - Channel: -1002117032512
2025-11-28 20:29:40,432 - INFO - Time: 2024-09-02T11:51:48+00:00
2025-11-28 20:29:40,432 - INFO - Content: $NFT  Apenft NFT 交易费100%将用于回购和销毁 NFT
2025-11-28 20:29:40,432 - INFO - --------------------------------------------------
2025-11-28 20:29:40,455 - INFO - Channel: -1002117032512
2025-11-28 20:29:40,455 - INFO - Time: 2024-09-02T11:25:19+00:00
2025-11-28 20:29:40,455 - INFO - Content: $QUICK   QuickSwap 投票是否应该试行销毁 100% 通过收入回购的 QUICK 代币
2025-11-28 20:29:40,455 - INFO - --------------------------------------------------
2025-11-28 20:29:40,483 - INFO - Channel: -1002117032512
2025-11-28 20:29:40,483 - INFO - Time: 2024-08-31T01:07:41+00:00
2025-11-28 20:29:40,483 - INFO - Content: $STMX   下个月StormX有重大更新，并进行合并计划的相关投票
2025-11-28 20:29:40,483 - INFO - --------------------------------------------------
2025-11-28 20:29:40,517 - INFO - Channel: -1002117032512
2025-11-28 20:29:40,517 - INFO - Time: 2024-08-30T23:55:00+00:00
2025-11-28 20:29:40,517 - INFO - Content: $DOGE  埃隆·马斯克回复推特称，希望特斯拉重新推出有“DOGECOIN"的支付选项

https://x.com/elonmusk/status/1829667679390564551
2025-11-28 20:29:40,517 - INFO - --------------------------------------------------
2025-11-28 20:29:40,548 - INFO - Channel: -1002117032512
2025-11-28 20:29:40,548 - INFO - Time: 2024-08-28T12:57:17+00:00
2025-11-28 20:29:40,548 - INFO - Content: **$TON****   TELEGRAM 首席执行官帕维尔·杜洛夫 (PAVEL DUROV) 拘留期结束已被警方释放，与此同时将被带至法庭**
2025-11-28 20:29:40,548 - INFO - --------------------------------------------------
2025-11-28 20:29:40,578 - INFO - Channel: -1002117032512
2025-11-28 20:29:40,578 - INFO - Time: 2024-08-26T15:39:33+00:00
2025-11-28 20:29:40,578 - INFO - Content: $TON **Pavel Durov 在法国的拘留期可能将于 8 月 28 日结束**
2025-11-28 20:29:40,578 - INFO - --------------------------------------------------
2025-11-28 20:29:40,602 - INFO - Channel: -1002117032512
2025-11-28 20:29:40,602 - INFO - Time: 2024-08-25T06:11:05+00:00
2025-11-28 20:29:40,602 - INFO - Content: $RAIL  v神很感谢@RAILGUN_Project为他提供了一种方法来隐私保护
2025-11-28 20:29:40,602 - INFO - --------------------------------------------------
2025-11-28 20:29:40,628 - INFO - Channel: -1002117032512
2025-11-28 20:29:40,628 - INFO - Time: 2024-08-25T05:32:04+00:00
2025-11-28 20:29:40,628 - INFO - Content: $AAVE  v神推文提到“Aave 很好，我很感激它的存在”
2025-11-28 20:29:40,628 - INFO - --------------------------------------------------
2025-11-28 20:29:40,650 - INFO - Channel: -1002117032512
2025-11-28 20:29:40,650 - INFO - Time: 2024-08-24T20:45:36+00:00
2025-11-28 20:29:40,650 - INFO - Content: $TON   法国媒体报道称Telegram创始人帕维尔·杜罗夫在巴黎勒布尔热郊区的机场被拘留

https://www.tf1info.fr/amp/justice-faits-divers/info-tf1-lci-le-fondateur-et-pdg-de-la-messagerie-cryptee-telegram-interpelle-en-france-2316072.html
2025-11-28 20:29:40,650 - INFO - --------------------------------------------------
2025-11-28 20:29:40,675 - INFO - Channel: -1002117032512
2025-11-28 20:29:40,675 - INFO - Time: 2024-08-23T04:02:18+00:00
2025-11-28 20:29:40,675 - INFO - Content: $ASTR  索尼集团与 Startale合作开发的以太坊第 2 层区块链将于未来几周推出

https://decrypt.co/246071/sonys-long-awaited-ethereum-layer-2-chain-launch-coming-weeks
2025-11-28 20:29:40,675 - INFO - --------------------------------------------------
2025-11-28 20:29:40,716 - INFO - Channel: -1002117032512
2025-11-28 20:29:40,716 - INFO - Time: 2024-08-22T13:00:28+00:00
2025-11-28 20:29:40,716 - INFO - Content: $AVAX   加密资产管理公司 Grayscale 在新 Avalanche Trust 中提供 AVAX 代币投资

https://www.theblock.co/post/312561/grayscale-avalanche-trust?utm_source=twitter&utm_medium=social
2025-11-28 20:29:40,716 - INFO - --------------------------------------------------
2025-11-28 20:29:40,752 - INFO - Channel: -1002117032512
2025-11-28 20:29:40,752 - INFO - Time: 2024-08-22T12:17:42+00:00
2025-11-28 20:29:40,752 - INFO - Content: 特朗普TG频道  https://t.me/defiant1s

欢迎来到 *The DeFiant Ones*——特朗普 DeFi 项目的唯一官方电报频道！我们很高兴您加入我们不断壮大的社区。请注意，这是我们项目的**唯一**官方频道。
2025-11-28 20:29:40,752 - INFO - --------------------------------------------------
2025-11-28 20:29:40,796 - INFO - Channel: -1002117032512
2025-11-28 20:29:40,796 - INFO - Time: 2024-08-22T11:21:48+00:00
2025-11-28 20:29:40,796 - INFO - Content: $FIS  $FIS销毁提案

https://dao.stafi.io/t/fis-burn-proposal-discussion/203
2025-11-28 20:29:40,796 - INFO - --------------------------------------------------
2025-11-28 20:29:40,820 - INFO - Channel: -1002117032512
2025-11-28 20:29:40,820 - INFO - Time: 2024-08-19T08:00:26+00:00
2025-11-28 20:29:40,820 - INFO - Content: Tether (USD₮) 将在Aptos区块链上推出

https://tether.io/news/tether-usd%e2%82%ae-to-launch-on-aptos-blockchain/
2025-11-28 20:29:40,820 - INFO - --------------------------------------------------
2025-11-28 20:29:40,840 - INFO - Channel: -1002117032512
2025-11-28 20:29:40,840 - INFO - Time: 2024-08-17T00:25:32+00:00
2025-11-28 20:29:40,840 - INFO - Content: VanEck 和 21Shares申请的 Solana ETF 疑似撤回

https://x.com/SummersThings/status/1824596192929464581
2025-11-28 20:29:40,840 - INFO - --------------------------------------------------
2025-11-28 20:29:40,863 - INFO - Channel: -1002117032512
2025-11-28 20:29:40,863 - INFO - Time: 2024-08-16T08:03:14+00:00
2025-11-28 20:29:40,863 - INFO - Content: $SUN  @sunpumpmeme 获得的全部 100% 协议收入将用于以去中心化的方式回购#SUN，然后将其完全烧毁
2025-11-28 20:29:40,863 - INFO - --------------------------------------------------
2025-11-28 20:29:40,889 - INFO - Channel: -1002117032512
2025-11-28 20:29:40,889 - INFO - Time: 2024-08-13T13:00:28+00:00
2025-11-28 20:29:40,889 - INFO - Content: $MKR  资产管理公司 Grayscale 为MakerDAO的MKR推出加密基金

📎https://www.coindesk.com/business/2024/08/13/asset-manager-grayscale-introduces-crypto-fund-for-makerdaos-mkr/
2025-11-28 20:29:40,889 - INFO - --------------------------------------------------
2025-11-28 20:29:40,913 - INFO - Channel: -1002117032512
2025-11-28 20:29:40,913 - INFO - Time: 2024-08-07T15:03:39+00:00
2025-11-28 20:29:40,913 - INFO - Content: 币安实验室投资Solana重新质押协议 [Solayer](https://www.binance.com/en/blog/ecosystem/binance-labs-invests-in-solayer-to-drive-the-solana-restaking-ecosystem-forward-1538252395823419824)
2025-11-28 20:29:40,913 - INFO - --------------------------------------------------
2025-11-28 20:29:40,939 - INFO - Channel: -1002117032512
2025-11-28 20:29:40,939 - INFO - Time: 2024-08-06T11:31:42+00:00
2025-11-28 20:29:40,939 - INFO - Content: ❗️关注推特： https://x.com/0xMMSNews

之前的推特被无故封禁😭关注此推特防止家人失联❤️
2025-11-28 20:29:40,939 - INFO - --------------------------------------------------
2025-11-28 20:29:40,965 - INFO - Channel: -1002117032512
2025-11-28 20:29:40,965 - INFO - Time: 2024-08-06T10:23:15+00:00
2025-11-28 20:29:40,965 - INFO - Content: $AXS $RONIN  有消息称 ronin桥已经被黑

📎  https://etherscan.io/tx/0x2619570088683e6cc3a38d93c3d98899e5783864e15525d5f5810c11189ba6cb
2025-11-28 20:29:40,965 - INFO - --------------------------------------------------
2025-11-28 20:29:40,992 - INFO - Channel: -1002117032512
2025-11-28 20:29:40,992 - INFO - Time: 2024-08-01T15:26:54+00:00
2025-11-28 20:29:40,992 - INFO - Content: $JUP   减少30%总量供应提案已经上线，8月4号结束

https://vote.jup.ag/proposal/CnzPx1KQu1SFvGJHpZ4ykNkmfHSLBKx1oVESyjb5CjYC
2025-11-28 20:29:40,992 - INFO - --------------------------------------------------
2025-11-28 20:29:41,021 - INFO - Channel: -1002117032512
2025-11-28 20:29:41,021 - INFO - Time: 2024-08-01T13:06:14+00:00
2025-11-28 20:29:41,021 - INFO - Content: $AEVO   7 月份回购100万个 $AEVO平均购买价格为 0.446 美元

https://etherscan.io/tx/0xf89a74654374715d432537d451dc2d0a91a0559c0b6ac98a9cde02bf9ff53586
2025-11-28 20:29:41,021 - INFO - --------------------------------------------------

Mentioned Currencies:  
Keywords:  [('keyselfkey', 0.5679), ('finance', 0.4349), ('cogito', 0.3741), ('提案', 0.3023), ('singularitydao', 0.2797), ('合并', 0.2287), ('singularity', 0.2256), ('获得', 0.1508)]
Mentioned Currencies:  
Keywords:  [('总统大选', 0.5954), ('投票', 0.5253), ('选票', 0.5039), ('直播', 0.3855), ('2024', 0.3855), ('时间', 0.3844), ('乔治亚州', 0.3796), ('实时', 0.368), ('更新', 0.3309), ('美国', 0.3127)]
Mentioned Currencies:  
Keywords:  [('总统大选', 0.7154), ('2024', 0.5818), ('地图', 0.473), ('直播', 0.4594), ('美国', 0.4517)]
Mentioned Currencies:  
Keywords:  [('litdwf', 0.3846), ('从币安', 0.3463), ('一分钟', 0.2983), ('lit', 0.2896), ('万个', 0.2198), ('转入', 0.15), ('labs', 0.1499)]
Mentioned Currencies:  Shiba Inu
Keywords:  [('blockchain', 0.7226), ('innovation', 0.4574), ('hub', 0.4408), ('shibshiba', 0.362), ('开发者', 0.3593), ('strategic', 0.3592), ('shytoshi', 0.3009), ('inu', 0.2272), ('kusama', 0.2147), ('提出', 0.1931)]
Mentioned Currencies:  
Keywords:  [('图片', 0.6186), ('参考', 0.4622), ('lunc', 0.4377)]
Mentioned Currencies:  
Keywords:  [('bridge', 0.532), ('销毁', 0.4371), ('万美元', 0.3933), ('2000', 0.3356), ('价值', 0.3068), ('shuttle', 0.2317), ('lunc', 0.1782), ('已经', 0.153)]
Mentioned Currencies:  Dogecoin
Keywords:  [('babydogebabydoge', 0.6455), ('babydoge', 0.6211), ('puppy', 0.5758), ('收入', 0.2871), ('代币', 0.2592), ('销毁', 0.2052), ('平台', 0.1132), ('用于', 0.1127), ('宣布', 0.0742), ('fun', 0.0634)]
Mentioned Currencies:  
Keywords:  [('academy', 0.3279), ('短期内', 0.3177), ('时间', 0.2738), ('web3', 0.2528), ('长期', 0.2519), ('十年', 0.2405), ('可能', 0.2195), ('平台', 0.2169), ('不会', 0.2096), ('giggle', 0.2004)]
Mentioned Currencies:  
Keywords:  [('采访', 0.4299), ('币安', 0.3268), ('链周', 0.3189), ('cz', 0.2586), ('正在', 0.2377), ('区块', 0.2333), ('接受', 0.1825)]
Mentioned Currencies:  Avalanche
Keywords:  [('费用', 0.4888), ('鲸鱼', 0.4753), ('借款', 0.3417), ('回购', 0.3384), ('万美元', 0.3336), ('gmx', 0.2982), ('大约', 0.2789), ('周三', 0.2763), ('每周', 0.2255), ('tano', 0.1905)]
Mentioned Currencies:  
Keywords:  [('meme', 0.4508), ('alchemy', 0.4059), ('bot', 0.3848), ('achalchemy', 0.3751), ('发布', 0.3286), ('pay', 0.3283), ('公布', 0.3242), ('推出', 0.2949), ('telegram', 0.2848), ('launchpad', 0.2748)]
Mentioned Currencies:  
Keywords:  [('中国移动', 0.5398), ('宇宙', 0.4341), ('人工智能', 0.3898), ('phb', 0.3218), ('驱动', 0.1826), ('打造', 0.1816), ('phoenix', 0.1525)]
Mentioned Currencies:  
Keywords:  [('基金', 0.4195), ('风险投资', 0.402), ('基础设施', 0.2481), ('批准', 0.209), ('万美元', 0.1818), ('gnognosisdao', 0.1135), ('中心化', 0.1133), ('用于', 0.0983), ('rwa', 0.0627)]
Mentioned Currencies:  
Keywords:  [('launchpad', 0.5696), ('bakenew', 0.4475), ('代币', 0.3544), ('bake', 0.3408), ('价格', 0.3336), ('提醒', 0.302), ('项目', 0.2709), ('神秘', 0.2477), ('eth', 0.2401), ('一个', 0.2347)]
Mentioned Currencies:  
Keywords:  [('pump', 0.3136)]
Mentioned Currencies:  
Keywords:  [('brands', 0.525), ('公开市场', 0.3871), ('购买', 0.3284), ('watanimoca', 0.2073), ('watcoin', 0.0644)]
Mentioned Currencies:  
Keywords:  [('日期', 0.5779), ('上诉', 0.4441), ('通知书', 0.4181), ('星期五', 0.3417), ('截止', 0.2971), ('foxbusiness', 0.282), ('记者', 0.2558), ('确认', 0.2184), ('真正', 0.1606), ('晚上', 0.1578)]
Mentioned Currencies:  XRP
Keywords:  [('日期', 0.5195), ('上诉', 0.4506), ('证券交易', 0.3702), ('时间', 0.3499), ('错过', 0.3251), ('截止', 0.3058), ('律师', 0.301), ('法律顾问', 0.285), ('委员会', 0.272), ('xrp', 0.2403)]
Mentioned Currencies:  
Keywords:  [('alchemy', 0.6338), ('achalchemy', 0.5408), ('pay', 0.5345), ('chain', 0.3008), ('推出', 0.2348)]
Mentioned Currencies:  MemeCore
Keywords:  [('流通量', 0.4802), ('增加', 0.4699), ('代币', 0.4284), ('经济学', 0.4228), ('kaia', 0.4203), ('发生变化', 0.4075), ('finschia', 0.4017), ('币安未', 0.3678), ('klay', 0.3482), ('1965m', 0.3291)]
Mentioned Currencies:  MemeCore
Keywords:  [('wlfiworldliberty', 0.4682), ('十分钟', 0.381), ('20b', 0.3782), ('271m', 0.3755), ('开售', 0.3575), ('估值', 0.3237), ('token', 0.3179), ('一年', 0.3076), ('销售', 0.3047), ('购买', 0.2917)]
Mentioned Currencies:  
Keywords:  [('key', 0.5312), ('finance', 0.5063), ('1sfi', 0.4757), ('1key', 0.444), ('selfkey', 0.4178), ('1cgv', 0.4126), ('1sdao', 0.3651), ('中心', 0.2895), ('ai', 0.2876), ('cgv', 0.2863)]
Mentioned Currencies:  
Keywords:  [('wld', 0.5486), ('pump', 0.2548)]
Mentioned Currencies:  Worldcoin
Keywords:  [('worldcoin', 0.5689), ('altman', 0.5347), ('新世界', 0.5075), ('wld', 0.3993), ('项目', 0.3195), ('openai', 0.3146), ('首席', 0.3032), ('执行官', 0.2744), ('foundation', 0.2686), ('humanity', 0.2614)]
Mentioned Currencies:  
Keywords:  [('elon', 0.666), ('头像', 0.6582), ('mask', 0.5386)]
Mentioned Currencies:  
Keywords:  [('币安', 0.4544), ('链周', 0.4154), ('区块', 0.3254), ('参加', 0.3075), ('cz', 0.3014)]
Mentioned Currencies:  
Keywords:  [('unibankless', 0.6295), ('unichain', 0.6085), ('泄露', 0.4362), ('公告', 0.384), ('传闻', 0.3315), ('podcast', 0.3195)]
Mentioned Currencies:  
Keywords:  [('crocrypto', 0.5331), ('证券交易', 0.4855), ('通知', 0.4556), ('委员会', 0.4265), ('美国', 0.3028), ('收到', 0.2509), ('威尔斯', 0.2487)]
Mentioned Currencies:  
Keywords:  [('亿将', 0.4394), ('技术', 0.3395), ('空气', 0.3215), ('用于', 0.2723), ('疾病', 0.2673), ('感谢', 0.2518), ('传播', 0.2453), ('今天', 0.1863), ('发文', 0.1354), ('moodeng', 0.0789)]
Mentioned Currencies:  
Keywords:  [('价格', 0.4609), ('暴跌', 0.3864), ('反弹', 0.3012), ('已经', 0.2896)]
Mentioned Currencies:  
Keywords:  [('bgb', 0.5148), ('已经', 0.2147), ('反弹', 0.2121), ('目前', 0.2104)]
Mentioned Currencies:  
Keywords:  [('bgbbgb', 0.6523), ('短时间', 0.1824), ('暴跌', 0.1748)]
Mentioned Currencies:  
Keywords:  [('orion', 0.3962), ('代币', 0.3807), ('lumia', 0.364), ('兑换', 0.3481), ('品牌', 0.33), ('总量', 0.3277), ('orn', 0.3181), ('重塑', 0.2531), ('原本', 0.2508), ('增发', 0.2489)]
Mentioned Currencies:  
Keywords:  [('供应量', 0.4597), ('增加', 0.3588), ('流通', 0.3021), ('预计', 0.2322), ('2000', 0.1936), ('添加', 0.1748), ('vic', 0.1432), ('即将', 0.1149), ('直接', 0.0502), ('到来', 0.0285)]
Mentioned Currencies:  
关键词提取失败: empty vocabulary; perhaps the documents only contain stop words
Keywords:  []
Mentioned Currencies:  
Keywords:  [('惊喜', 0.6655), ('gft', 0.4646), ('策划', 0.3464), ('大家', 0.3449), ('正在', 0.3174), ('一个', 0.2643)]
Mentioned Currencies:  
Keywords:  [('投资', 0.4445), ('资金', 0.3627), ('技术', 0.3525), ('人工智能', 0.3325), ('慈善', 0.3219), ('bnb', 0.3171), ('中心化', 0.2233), ('教育', 0.2116), ('educz', 0.2078), ('投入', 0.1783)]
Mentioned Currencies:  
Keywords:  [('bnbcz', 0.4853), ('推文', 0.457), ('gm', 0.3686), ('释放', 0.3554), ('首条', 0.2849)]
Mentioned Currencies:  
Keywords:  [('enaethena', 0.4739), ('基金', 0.3982), ('代币', 0.2796), ('计划', 0.2389), ('buidl', 0.1955), ('稳定', 0.1648), ('支持', 0.1424), ('推出', 0.1026), ('由贝', 0.0778), ('莱德', -0.0162)]
Mentioned Currencies:  
Keywords:  [('现货交易', 0.606), ('代币', 0.5231), ('交易', 0.4996), ('币安', 0.4385), ('真实', 0.2739), ('衍生品', 0.254), ('提供', 0.2407), ('竞争对手', 0.2232), ('不同', 0.1997), ('盘前', 0.1887)]
Mentioned Currencies:  
Keywords:  [('chz', 0.4303), ('用户', 0.4102), ('chiliz', 0.394), ('通知', 0.3237), ('支持', 0.2662), ('持仓', 0.2551), ('进行', 0.1473), ('空投', 0.1188), ('pepper', 0.0438)]
Mentioned Currencies:  
Keywords:  [('2024', 0.5028), ('升级', 0.4633), ('账户', 0.4203), ('时间', 0.3904), ('小时', 0.3309), ('提升', 0.309), ('服务', 0.2883), ('系统', 0.2823), ('稳定性', 0.2776), ('性能', 0.2769)]
Mentioned Currencies: 2025-11-28 20:29:41,047 - INFO - Channel: -1002117032512
2025-11-28 20:29:41,047 - INFO - Time: 2024-07-31T12:00:16+00:00
2025-11-28 20:29:41,047 - INFO - Content: Stafi 2.0的陈述，将销毁$FIS通胀地址的数量（约890万 $FIS）
2025-11-28 20:29:41,047 - INFO - --------------------------------------------------
2025-11-28 20:29:41,074 - INFO - Channel: -1002117032512
2025-11-28 20:29:41,074 - INFO - Time: 2024-07-31T11:55:57+00:00
2025-11-28 20:29:41,074 - INFO - Content: $FIS 下个月StaFi将开启 FIS销毁提案
2025-11-28 20:29:41,074 - INFO - --------------------------------------------------
2025-11-28 20:29:41,099 - INFO - Channel: -1002117032512
2025-11-28 20:29:41,099 - INFO - Time: 2024-07-27T20:27:17+00:00
2025-11-28 20:29:41,099 - INFO - Content: **特朗普演讲核心内容：
**
— 上任第一天就将解雇 Gensler，任命新的SEC主席
— 上任后将立即任命比特币和加密货币总统顾问委员会
— 个人上一届任期内比特币上涨3900%
— 当前美国政府持有21万个，将阻止美国政府出售被扣押的比特币
— 将建立国家战略性比特币储备
2025-11-28 20:29:41,099 - INFO - --------------------------------------------------
2025-11-28 20:29:41,170 - INFO - Channel: -1002117032512
2025-11-28 20:29:41,170 - INFO - Time: 2024-07-27T20:03:47+00:00
2025-11-28 20:29:41,170 - INFO - Content: DB似乎出现了错误  特朗普已经开始了演讲

观看直播 https://www.youtube.com/watch?v=EiEIfBatnH8
2025-11-28 20:29:41,170 - INFO - --------------------------------------------------
2025-11-28 20:29:41,211 - INFO - Channel: -1002117032512
2025-11-28 20:29:41,211 - INFO - Time: 2024-07-27T20:00:01+00:00
2025-11-28 20:29:41,211 - INFO - Content: tier10k: *特朗普退出比特币会议
2025-11-28 20:29:41,211 - INFO - --------------------------------------------------
2025-11-28 20:29:41,255 - INFO - Channel: -1002117032512
2025-11-28 20:29:41,255 - INFO - Time: 2024-07-27T19:55:32+00:00
2025-11-28 20:29:41,255 - INFO - Content: 据报道埃隆马斯克实际上一直都在城里。昨晚有人在纳什维尔一家名为 Bourbon Steak 的餐厅（迈克尔·米纳的一家餐厅）发现了他。
2025-11-28 20:29:41,256 - INFO - --------------------------------------------------
2025-11-28 20:29:41,328 - INFO - Channel: -1002117032512
2025-11-28 20:29:41,328 - INFO - Time: 2024-07-27T19:21:36+00:00
2025-11-28 20:29:41,328 - INFO - Content: $DOGE  据报道，唐纳德·特朗普的演讲被推迟是因为埃隆马斯克正在赶往的路上
2025-11-28 20:29:41,328 - INFO - --------------------------------------------------
2025-11-28 20:29:41,365 - INFO - Channel: -1002117032512
2025-11-28 20:29:41,365 - INFO - Time: 2024-07-27T00:33:43+00:00
2025-11-28 20:29:41,365 - INFO - Content: $JUP  

根据Jupiter联创消息，下周三将发布减少$JUP 总供应30％提案，下周四开始投票
2025-11-28 20:29:41,365 - INFO - --------------------------------------------------
2025-11-28 20:29:41,404 - INFO - Channel: -1002117032512
2025-11-28 20:29:41,404 - INFO - Time: 2024-07-25T13:14:03+00:00
2025-11-28 20:29:41,404 - INFO - Content: $AAVE  DeFi协议 AAVE 已宣布计划改变其费用结构并从市场上回购代币：来自AAVE 社区的关键人物 Marc Zeller

https://governance.aave.com/t/temp-check-aavenomics-update/18379
2025-11-28 20:29:41,404 - INFO - --------------------------------------------------
2025-11-28 20:29:41,445 - INFO - Channel: -1002117032512
2025-11-28 20:29:41,445 - INFO - Time: 2024-07-23T10:19:57+00:00
2025-11-28 20:29:41,445 - INFO - Content: $STRK  v神发布“探索 STARK圈"

https://vitalik.eth.limo/general/2024/07/23/circlestarks.html
2025-11-28 20:29:41,445 - INFO - --------------------------------------------------
2025-11-28 20:29:41,473 - INFO - Channel: -1002117032512
2025-11-28 20:29:41,473 - INFO - Time: 2024-07-21T07:55:00+00:00
2025-11-28 20:29:41,473 - INFO - Content: $MDX   MDEX团队已决定拨款 500 万 USDT 从市场上回购并销毁 MDX 代币 （小心明天下架👀）
2025-11-28 20:29:41,473 - INFO - --------------------------------------------------
2025-11-28 20:29:41,514 - INFO - Channel: -1002117032512
2025-11-28 20:29:41,514 - INFO - Time: 2024-07-20T03:03:39+00:00
2025-11-28 20:29:41,514 - INFO - Content: $GMX  

核心贡献者发布新提案，建议将GMX目前的收益分配模式由“回购ETH并分配ETH”改为“回购GMX并分配GMX”

预计GMX V1+V2 每年总回购价值3663万的 $GMX，每日平均回购金额约10万 $GMX

https://gov.gmx.io/t/gmx-transition-from-buyback-eth-and-distribute-eth-to-buyback-gmx-and-distribute-gmx/3693
2025-11-28 20:29:41,514 - INFO - --------------------------------------------------
2025-11-28 20:29:41,569 - INFO - Channel: -1002117032512
2025-11-28 20:29:41,569 - INFO - Time: 2024-07-19T10:49:30+00:00
2025-11-28 20:29:41,569 - INFO - Content: $LUNA $USTC  

— 重新打开 Shuttle 桥梁以赎回 Terra Classic 上的包装资产
— **取消委托并销毁 1.5 亿 ****$LUNA**
2025-11-28 20:29:41,569 - INFO - --------------------------------------------------
2025-11-28 20:29:41,595 - INFO - Channel: -1002117032512
2025-11-28 20:29:41,595 - INFO - Time: 2024-07-18T13:07:46+00:00
2025-11-28 20:29:41,595 - INFO - Content: $INJ  21shares推出 INJECTIVE ETP

https://blog.injective.com/en/untitled-5/
2025-11-28 20:29:41,595 - INFO - --------------------------------------------------
2025-11-28 20:29:41,619 - INFO - Channel: -1002117032512
2025-11-28 20:29:41,619 - INFO - Time: 2024-07-18T07:51:43+00:00
2025-11-28 20:29:41,619 - INFO - Content: $MATIC  MATIC → $POL 迁移将于9月4日进行
2025-11-28 20:29:41,619 - INFO - --------------------------------------------------
2025-11-28 20:29:41,642 - INFO - Channel: -1002117032512
2025-11-28 20:29:41,642 - INFO - Time: 2024-07-18T07:49:19+00:00
2025-11-28 20:29:41,642 - INFO - Content: WazirX 确认多重签名钱包遇到了安全漏洞，团队正在积极调查此事件

https://x.com/WazirXIndia/status/1813842898481475723
2025-11-28 20:29:41,642 - INFO - --------------------------------------------------
2025-11-28 20:29:41,667 - INFO - Channel: -1002117032512
2025-11-28 20:29:41,667 - INFO - Time: 2024-07-18T07:26:16+00:00
2025-11-28 20:29:41,667 - INFO - Content: $WRX  印度加密货币交易所 WazirX 疑似遭黑客攻击，损失 2.35 亿美元

主要盗窃地址 [0x04b21735E93Fa3f8df70e2Da89e6922616891a88](https://debank.com/profile/0x04b21735e93fa3f8df70e2da89e6922616891a88/)

攻击者仍在出售价值超过 1 亿美元的 SHIB 和价值超过 470 万美元的 FLOKI
2025-11-28 20:29:41,667 - INFO - --------------------------------------------------
2025-11-28 20:29:41,763 - INFO - Channel: -1002117032512
2025-11-28 20:29:41,763 - INFO - Time: 2024-07-17T07:00:53+00:00
2025-11-28 20:29:41,763 - INFO - Content: $BNX   BinaryX宣布历史性投票，销毁 74% 的BNX代币

https://x.com/binary_x/status/1813468712407822614
2025-11-28 20:29:41,763 - INFO - --------------------------------------------------
2025-11-28 20:29:41,799 - INFO - Channel: -1002117032512
2025-11-28 20:29:41,799 - INFO - Time: 2024-07-16T13:01:00+00:00
2025-11-28 20:29:41,799 - INFO - Content: $WLD  Tools for Humanity为Worldcoin早期贡献者延长代币锁定期

80% 的 TOOLS FOR HUMANITY 投资者和团队成员解锁时间从三年延长到五年

https://zh-cn.worldcoin.org/blog/announcements/extended-lock-up-for-tfh-team-and-investors
2025-11-28 20:29:41,799 - INFO - --------------------------------------------------
2025-11-28 20:29:41,823 - INFO - Channel: -1002117032512
2025-11-28 20:29:41,824 - INFO - Time: 2024-07-15T14:07:46+00:00
2025-11-28 20:29:41,824 - INFO - Content: $FIDA   Bonfida 品牌重塑为 SNS
2025-11-28 20:29:41,824 - INFO - --------------------------------------------------
2025-11-28 20:29:41,843 - INFO - Channel: -1002117032512
2025-11-28 20:29:41,843 - INFO - Time: 2024-07-12T13:22:07+00:00
2025-11-28 20:29:41,843 - INFO - Content: $GNS   引入 $GNS 代币的回购和分配机制
2025-11-28 20:29:41,843 - INFO - --------------------------------------------------
2025-11-28 20:29:41,865 - INFO - Channel: -1002117032512
2025-11-28 20:29:41,865 - INFO - Time: 2024-07-12T05:14:21+00:00
2025-11-28 20:29:41,865 - INFO - Content: $IOTX   IoTeX联合创始人Raullen说 IoTeX 2.0 准备于下周推出
2025-11-28 20:29:41,865 - INFO - --------------------------------------------------
2025-11-28 20:29:41,886 - INFO - Channel: -1002117032512
2025-11-28 20:29:41,886 - INFO - Time: 2024-07-12T04:48:08+00:00
2025-11-28 20:29:41,886 - INFO - Content: $ALPHA  

品牌重塑为Litlayer后，$LTLY 新的代币经济学由原来 $ALPHA 总量10亿增发到总量30亿
2025-11-28 20:29:41,886 - INFO - --------------------------------------------------
2025-11-28 20:29:41,912 - INFO - Channel: -1002117032512
2025-11-28 20:29:41,912 - INFO - Time: 2024-07-10T13:01:32+00:00
2025-11-28 20:29:41,912 - INFO - Content: $WLD   世界币基金会宣布延长一年预订期限

https://zh-cn.worldcoin.org/blog/announcements/worldcoin-foundation-announces-one-year-reservation-extension
2025-11-28 20:29:41,912 - INFO - --------------------------------------------------
2025-11-28 20:29:41,933 - INFO - Channel: -1002117032512
2025-11-28 20:29:41,933 - INFO - Time: 2024-07-04T01:22:26+00:00
2025-11-28 20:29:41,933 - INFO - Content: $GAL   Galaxy ($GAL) → Gravity ($G) 代币迁移细节揭晓  7月9日开放迁移

https://blog.galxe.com/introducing-g-one-token-two-ecosystems-306fee047256
2025-11-28 20:29:41,933 - INFO - --------------------------------------------------
2025-11-28 20:29:41,954 - INFO - Channel: -1002117032512
2025-11-28 20:29:41,954 - INFO - Time: 2024-07-03T14:00:52+00:00
2025-11-28 20:29:41,954 - INFO - Content: $EDU   去中心化教育协议Open Campus今天宣布已获得Arbitrum 基金会资助  📎[来源](https://opencampus-xyz.medium.com/open-campus-receives-grant-from-arbitrum-foundation-to-launch-edu-chain-the-first-blockchain-for-86a912cbca4f)
2025-11-28 20:29:41,954 - INFO - --------------------------------------------------
2025-11-28 20:29:41,977 - INFO - Channel: -1002117032512
2025-11-28 20:29:41,977 - INFO - Time: 2024-07-03T12:55:19+00:00
2025-11-28 20:29:41,977 - INFO - Content: $ICP  联合国开发计划署与 DFINITY 基金会合作 📎[来源](https://financefeeds.com/undp-partners-with-dfinity-foundation-to-boost-financial-inclusion-for-msmes/)
2025-11-28 20:29:41,977 - INFO - --------------------------------------------------
2025-11-28 20:29:42,005 - INFO - Channel: -1002117032512
2025-11-28 20:29:42,005 - INFO - Time: 2024-07-01T07:00:46+00:00
2025-11-28 20:29:42,005 - INFO - Content: 币安将于 2024-07-01 扩展监控标签至 BAL、CTXC、CVP、CVX、DOCK、HARD、IRIS、MBL、POLS、SNT 和 SUN，并移除 MLN 和 ZEN 的监控标签   📎[来源](https://www.binance.com/en/support/announcement/binance-will-extend-the-monitoring-tag-to-include-bal-ctxc-cvp-cvx-dock-hard-iris-mbl-pols-snt-sun-and-remove-the-monitoring-tag-for-mln-zen-on-2024-07-01-782b121c462b499487dc8f20e0edc6b2?hl=en)
2025-11-28 20:29:42,005 - INFO - --------------------------------------------------
2025-11-28 20:29:42,042 - INFO - Channel: -1002117032512
2025-11-28 20:29:42,042 - INFO - Time: 2024-06-28T16:44:00+00:00
2025-11-28 20:29:42,042 - INFO - Content: *SEC称 LIDO 和 ROCKET POOL 质押项目属于证券 来源：DB

https://x.com/tier10k/status/1806730142191915155
2025-11-28 20:29:42,042 - INFO - --------------------------------------------------
2025-11-28 20:29:42,067 - INFO - Channel: -1002117032512
2025-11-28 20:29:42,067 - INFO - Time: 2024-06-28T16:42:08+00:00
2025-11-28 20:29:42,067 - INFO - Content: *SEC 起诉 CONSENSYS 来源：DB

因其作为未注册经纪交易商运营并通过其@MetaMask平台从事证券的发售和销售

https://www.docdroid.com/YS1DSF5/sec-v-consensys-pdf
2025-11-28 20:29:42,067 - INFO - --------------------------------------------------
2025-11-28 20:29:42,098 - INFO - Channel: -1002117032512
2025-11-28 20:29:42,098 - INFO - Time: 2024-06-28T00:41:07+00:00
2025-11-28 20:29:42,098 - INFO - Content: **美国2024年总统大选首场辩论（直播）**

https://www.youtube.com/live/XxAU0K94fpw

https://www.youtube.com/live/-v-8wJkmwBY
2025-11-28 20:29:42,098 - INFO - --------------------------------------------------
2025-11-28 20:29:42,124 - INFO - Channel: -1002117032512
2025-11-28 20:29:42,124 - INFO - Time: 2024-06-27T14:43:50+00:00
2025-11-28 20:29:42,124 - INFO - Content: Solana ETF 分析：

—  Blooberg 分析师 James Seyffart认为，先看看是否有其它发行人效仿。**如果白宫和SEC换了新的管理者，可能在 2025 年的某个时候推出。即便如此也不能保证**
—  **Wintermute 创始人认为SOL ETF 今年获得批准的可能性几乎为零**，因为ETH ETF的低流入量可能意味着SOL ETF的潜力更低
—  SEC 对 此ETF 申请的审核时间最长为 240 天，分别为45天、45天、90天、60天
—  如果今天提交申报，第一次审核日期是2024年8月11号，最后的日期是2025年2月底
—  后续 #DOGE #XRP ETF申请的可能性加强
2025-11-28 20:29:42,124 - INFO - --------------------------------------------------
2025-11-28 20:29:42,211 - INFO - Channel: -1002117032512
2025-11-28 20:29:42,211 - INFO - Time: 2024-06-27T13:11:33+00:00
2025-11-28 20:29:42,211 - INFO - Content: **VanEck 刚刚申请了美国第一只 Solana 交易所交易基金 (ETF)**

VanEck 数字资产研究主管解释了申请的原因

—  Solana 是以太坊的竞争对手，无需分片或第 2 层，其独特的可扩展性、速度和低成本组合可为许多用例提供更好的用户体验
—  认为原生代币 SOL 的功能与其他数字商品（如#bitcoin和#ETH类似）
—  Solana 生态系统支持广泛的应用和服务，从去中心化金融 (DeFi) 到非同质化代币 (NFT)，凸显了 SOL 作为数字商品的实用性和价值
—  **Solana 可能是一种有价值的商品**，为投资者、建设者和企业家寻找双头垄断应用商店的替代品
2025-11-28 20:29:42,211 - INFO - --------------------------------------------------
2025-11-28 20:29:42,517 - INFO - Channel: -1002117032512
2025-11-28 20:29:42,517 - INFO - Time: 2024-06-27T09:18:02+00:00
2025-11-28 20:29:42,517 - INFO - Content: $LSK   

Lisk投票1亿个 $LSK 销毁或者分配给DAO 基金 （占总供应量的25%）
2025-11-28 20:29:42,517 - INFO - --------------------------------------------------
2025-11-28 20:29:42,641 - INFO - Channel: -1002117032512
2025-11-28 20:29:42,641 - INFO - Time: 2024-06-26T11:00:43+00:00
2025-11-28 20:29:42,641 - INFO - Content: $CQT   **区块链数据基础设施公司 Covalent 筹集 500 万美元战略资金**

— 此前BitMEX 的创始人 Arthur Hayes 于 6 月 11 日加入 Covalent 担任顾问

https://www.theblock.co/post/301902/blockchain-data-infrastructure-firm-covalent-raises-5-million-in-strategic-funding
2025-11-28 20:29:42,641 - INFO - --------------------------------------------------
2025-11-28 20:29:42,737 - INFO - Channel: -1002117032512
2025-11-28 20:29:42,737 - INFO - Time: 2024-06-25T15:32:03+00:00
2025-11-28 20:29:42,737 - INFO - Content: $FTM   **1.9 亿枚** **$S**** 空投给 Fantom 用户**

Fantom 基金会在品牌重塑之前宣布向现有用户空投 $S ，资格包括：

— 各种 dApp 的 LP 提供商
— 验证者和代表
— 多链桥受害者
— LST持有者
— Fantom Opera NFT 市场用户+创作者

TGE 25% 解锁 | 75% 9个月线性解锁

https://x.com/FantomFDN/status/1805617807738257765
2025-11-28 20:29:42,737 - INFO - --------------------------------------------------
2025-11-28 20:29:42,801 - INFO - Channel: -1002117032512
2025-11-28 20:29:42,801 - INFO - Time: 2024-06-25T11:34:51+00:00
2025-11-28 20:29:42,801 - INFO - Content: $NOT   价值300万美元的Notcoin刚刚被销毁

https://tonviewer.com/transaction/151d40893ece5c879f4e0cda174570004261fd05e32e9059e647be05899bb874
2025-11-28 20:29:42,801 - INFO - --------------------------------------------------
2025-11-28 20:29:42,832 - INFO - Channel: -1002117032512
2025-11-28 20:29:42,832 - INFO - Time: 2024-06-23T14:05:18+00:00
2025-11-28 20:29:42,832 - INFO - Content: $AKRO 新的代币经济学和新项目路线图

— 新产品Omega是一条具有增强 EVM 兼容性的 BTC UTXO 侧链
— **新的 ****$AKRO**** 增发 100 亿token，加上现有供应量 50 亿使得总供应量达到 150 亿😱**
— 背景中提到 $AKRO 剩余的资金储备有限，需要对 Akropolis 进行深思熟虑的重组
— 若提案通过，或将加快从币安观察板块下架的风险 #DYOR
2025-11-28 20:29:42,832 - INFO - --------------------------------------------------
2025-11-28 20:29:43,046 - INFO - Channel: -1002117032512
2025-11-28 20:29:43,046 - INFO - Time: 2024-06-21T15:20:53+00:00
2025-11-28 20:29:43,046 - INFO - Content: $ALPHA   品牌重塑更名为 LitLayer，将涉及新产品方向和代币经济学变化

https://stella.discourse.group/t/rebranding-proposal-stella-to-litlayer/12?u=apoorv
2025-11-28 20:29:43,046 - INFO - --------------------------------------------------
 
Keywords:  [('暂停', 0.4555), ('存款', 0.4336), ('币安', 0.276), ('所有', 0.217), ('目前', 0.1641), ('提现', 0.1481)]
Mentioned Currencies:  
关键词提取失败: empty vocabulary; perhaps the documents only contain stop words
Keywords:  []
Mentioned Currencies:  
Keywords:  [('celov', 0.3983), ('高兴', 0.3385), ('提到', 0.2695), ('得到', 0.2187), ('看到', 0.2163), ('发展', 0.2025), ('celo', 0.1896)]
Mentioned Currencies:  Pump.fun
Keywords:  [('dodo', 0.528), ('meme', 0.4209), ('pump', 0.3212), ('平台', 0.2974), ('全新', 0.295), ('fun', 0.2174), ('推出', 0.2), ('计划', 0.1945), ('类似', 0.1034)]
Mentioned Currencies:  
Keywords:  [('bakebakeryswap', 0.732), ('烘焙', 0.6604), ('launchpad', 0.5334), ('项目', 0.2916), ('令人兴奋', 0.2853), ('正在', 0.1835)]
Mentioned Currencies:  
Keywords:  [('dogs', 0.5541), ('捐赠', 0.4191), ('资金', 0.4146), ('慈善机构', 0.3578), ('投票', 0.3384), ('代币', 0.3195), ('发布', 0.2706), ('剩余', 0.2318), ('储备', 0.2212), ('方案', 0.1896)]
Mentioned Currencies:  
Keywords:  [('2024', 0.6082), ('2022', 0.5811), ('2023', 0.5465), ('代币', 0.4596), ('年代', 0.3959), ('品牌', 0.3587), ('重塑', 0.3532), ('bnx', 0.3505), ('回购', 0.3395), ('计划', 0.2995)]
Mentioned Currencies:  
Keywords:  [('bnx', 0.5622), ('bnxbinaryx', 0.5091), ('品牌', 0.4179), ('2024', 0.3612), ('代币', 0.336), ('更名', 0.286), ('重塑', 0.2802), ('晚上', 0.2477), ('utc', 0.2336), ('时间', 0.2331)]
Mentioned Currencies:  
Keywords:  [('sundwf', 0.6377), ('sun', 0.4723), ('合作', 0.2646), ('labs', 0.2093)]
Mentioned Currencies:  
Keywords:  [('被盗', 0.5568), ('交易所', 0.488), ('资金', 0.4368), ('bingx', 0.3161), ('提现', 0.2923), ('小伙伴', 0.274), ('迅速', 0.2002)]
Mentioned Currencies:  
Keywords:  [('web3', 0.4838), ('ventures', 0.4699), ('投资', 0.447), ('计划', 0.2056), ('ctk', 0.1608), ('发展', 0.1531), ('万美元', 0.1023), ('推动', 0.0066), ('披露', -0.0041)]
Mentioned Currencies:  
Keywords:  [('融资', 0.696), ('capital', 0.526), ('万美元', 0.3957), ('进行', 0.1825), ('牵头', 0.1559), ('drift', 0.0684)]
Mentioned Currencies:  
Keywords:  [('moonbix', 0.5154), ('应用程序', 0.48), ('telegram', 0.4427), ('应用', 0.4093), ('迷你', 0.3404), ('发布', 0.2878), ('早期', 0.2871), ('游戏', 0.2796), ('公告', 0.2451), ('官方', 0.2251)]
Mentioned Currencies:  Dogecoin
Keywords:  [('babydoge', 0.6198), ('代币', 0.3947), ('销毁', 0.3333), ('收入', 0.2854), ('回购', 0.2604), ('协议', 0.2555), ('即将', 0.2126), ('用于', 0.1792), ('推出', 0.1746), ('很快', 0.1035)]
Mentioned Currencies:  
Keywords:  [('microstrategy', 0.6491), ('btc', 0.5379)]
Mentioned Currencies:  
Keywords:  [('投资', 0.5899), ('bnb', 0.4797), ('openeden', 0.446), ('实验室', 0.4249), ('币安', 0.3399)]
Mentioned Currencies:  
Keywords:  [('比率', 0.5326), ('价差', 0.5286), ('价格', 0.522), ('计算', 0.4673), ('代币', 0.4531), ('转换', 0.3803), ('合并', 0.3152), ('调整', 0.3027), ('投票', 0.2921), ('1fet', 0.2676)]
Mentioned Currencies:  
Keywords:  [('cudos', 0.5131)]
Mentioned Currencies:  
Keywords:  [('ens', 0.4259)]
Mentioned Currencies:  
Keywords:  [('七天', 0.62), ('消息', 0.4664), ('发布', 0.4086), ('重要', 0.2695), ('coti', 0.2425)]
Mentioned Currencies:  
Keywords:  [('tko', 0.4586)]
Mentioned Currencies:  
Keywords:  [('zksync', 0.4794), ('zkceo', 0.4315), ('重组', 0.3484), ('组织', 0.2905), ('公司', 0.2529), ('裁员', 0.1568), ('matter', 0.1406), ('发文', 0.0618), ('背后', 0.0546), ('正在', 0.0442)]
Mentioned Currencies:  
Keywords:  [('combat', 0.5952), ('catizen', 0.5301), ('hamster', 0.5106), ('倒计时', 0.3269), ('疑似', 0.3223), ('tge', 0.3106)]
Mentioned Currencies:  
Keywords:  [('dar1', 0.6001), ('品牌', 0.4502), ('重塑', 0.3382), ('总量', 0.328), ('不变', 0.3079), ('dar', 0.2362)]
Mentioned Currencies:  
Keywords:  [('nftapenft', 0.3988), ('nft', 0.3857), ('交易', 0.2941), ('回购', 0.2125), ('销毁', 0.1083), ('用于', 0.1061)]
Mentioned Currencies:  
Keywords:  [('代币', 0.4998), ('回购', 0.3976), ('投票', 0.3858), ('收入', 0.3611), ('销毁', 0.3214), ('应该', 0.2787), ('试行', 0.277), ('是否', 0.2499), ('quickquickswap', 0.2103), ('quick', 0.0658)]
Mentioned Currencies:  
Keywords:  [('stormx', 0.521), ('stmx', 0.4292), ('更新', 0.417), ('下个月', 0.2429), ('合并', 0.23), ('投票', 0.2144), ('计划', 0.2121), ('重大', 0.1511), ('相关', 0.1137), ('进行', 0.0922)]
Mentioned Currencies:  
Keywords:  [('特斯拉', 0.5802), ('doge', 0.4446), ('dogecoin', 0.429), ('推特称', 0.3286), ('支付', 0.2687), ('重新', 0.2133), ('马斯克', 0.1847), ('选项', 0.1838), ('回复', 0.1502), ('推出', 0.1442)]
Mentioned Currencies:  
Keywords:  [('拘留', 0.5233), ('durov', 0.5056), ('释放', 0.4738), ('结束', 0.3923), ('警方', 0.3916), ('执行官', 0.3714), ('首席', 0.3497), ('帕维尔', 0.3002), ('法庭', 0.2838), ('洛夫', 0.2194)]
Mentioned Currencies:  
Keywords:  [('durov', 0.5098), ('法国', 0.4984), ('拘留', 0.4132), ('结束', 0.3249), ('可能', 0.234), ('pavel', 0.2111), ('ton', 0.1787)]
Mentioned Currencies:  
Keywords:  [('隐私', 0.5882), ('保护', 0.4974), ('感谢', 0.3565), ('project', 0.3424), ('提供', 0.2589), ('方法', 0.2104), ('一种', 0.1687), ('railv', 0.1462), ('railgun', 0.136)]
Mentioned Currencies:  Aave
Keywords:  [('感激', 0.6206), ('aavev', 0.5059), ('aave', 0.4774), ('推文', 0.4536), ('提到', 0.4241), ('存在', 0.3498)]
Mentioned Currencies:  
Keywords:  [('巴黎', 0.4284), ('法国', 0.3847), ('机场', 0.3738), ('拘留', 0.2879), ('帕维尔', 0.2557), ('telegram', 0.2253), ('杜罗夫', 0.2039), ('创始人', 0.203), ('媒体报道', 0.1878), ('布尔热', 0.1293)]
Mentioned Currencies:  Ethereum
Keywords:  [('startale', 0.2355), ('合作开发', 0.175), ('未来', 0.1412), ('几周', 0.1302), ('astr', 0.1127), ('推出', 0.1011), ('区块', 0.0762), ('集团', 0.0599), ('索尼', -0.0165), ('以太', -0.0584)]
Mentioned Currencies:  Avalanche
Keywords:  [('投资', 0.4574), ('资产', 0.3788), ('trust', 0.3667), ('avax', 0.3374), ('grayscale', 0.3133), ('公司', 0.2227), ('加密', 0.2014), ('代币', 0.1965), ('提供', 0.1609), ('管理', 0.1369)]
Mentioned Currencies:  
Keywords:  [('特朗普', 0.5641), ('频道', 0.4543), ('电报', 0.4021), ('欢迎', 0.3982), ('加入', 0.3877), ('来到', 0.3674), ('这是', 0.327), ('唯一', 0.3218), ('注意', 0.32), ('官方', 0.3042)]
Mentioned Currencies:  
Keywords:  [('销毁', 0.5721), ('提案', 0.3871), ('fis', 0.3643)]
Mentioned Currencies:  Aptos
Keywords:  [('tether', 0.4778), ('usd', 0.2056), ('链上', 0.1986), ('aptos', 0.1606), ('推出', 0.094), ('区块', 0.0918)]
Mentioned Currencies:  Solana
Keywords:  [('21shares', 0.3256), ('etf', 0.3168), ('撤回', 0.231), ('solana', 0.2184), ('vaneck', 0.2102), ('申请', 0.1742), ('疑似', 0.1045)]
Mentioned Currencies:  
Keywords:  [('sunpumpmeme', 0.5848), ('sun', 0.4856), ('中心化', 0.2548), ('烧毁', 0.251), ('全部', 0.2491), ('完全', 0.2242), ('用于', 0.2151), ('方式', 0.1955), ('协议', 0.1914), ('获得', 0.1872)]
Mentioned Currencies:  
Keywords:  [('加密', 0.5398), ('基金', 0.2906), ('mkr', 0.2418), ('资产', 0.2005), ('grayscale', 0.1353), ('公司', 0.1264), ('makerdao', 0.0874), ('管理', 0.0463), ('推出', 0.0412)]
Mentioned Currencies:  
Keywords:  [('投资', 0.4535), ('实验室', 0.44), ('solayer', 0.3799), ('协议', 0.3776), ('币安', 0.3377), ('质押', 0.333), ('solana', 0.3262), ('重新', 0.3094)]
Mentioned Currencies:  
Keywords:  [('推特', 0.7813), ('封禁', 0.444), ('防止', 0.4289), ('失联', 0.4232), ('无故', 0.4001), ('家人', 0.3945), ('之前', 0.3832), ('关注', 0.3807)]
Mentioned Currencies:  
Keywords:  [('axs', 0.4692), ('ronin', 0.4369), ('已经', 0.2785), ('消息', 0.2735)]
Mentioned Currencies:  
Keywords:  [('减少', 0.3928), ('供应', 0.22), ('结束', 0.2102), ('jup', 0.2071), ('总量', 0.1977), ('提案', 0.1857), ('上线', 0.0771), ('已经', -0.0258)]
Mentioned Currencies: 2025-11-28 20:29:43,092 - INFO - Channel: -1002117032512
2025-11-28 20:29:43,092 - INFO - Time: 2024-06-21T11:30:00+00:00
2025-11-28 20:29:43,092 - INFO - Content: $GLM   下周将发布Golem项目的重大更新
2025-11-28 20:29:43,092 - INFO - --------------------------------------------------
2025-11-28 20:29:43,131 - INFO - Channel: -1002117032512
2025-11-28 20:29:43,131 - INFO - Time: 2024-06-20T17:27:37+00:00
2025-11-28 20:29:43,131 - INFO - Content: $FTM   Sonic Labs 创新基金：高达 200,000,000 FTM加速向 Sonic 迁移

https://blog.fantom.foundation/sonic-labs-innovator-fund/
2025-11-28 20:29:43,131 - INFO - --------------------------------------------------
2025-11-28 20:29:43,165 - INFO - Channel: -1002117032512
2025-11-28 20:29:43,165 - INFO - Time: 2024-06-20T14:44:53+00:00
2025-11-28 20:29:43,165 - INFO - Content: —  **被Arkham标记为“德国政府”的地址正在出售比特币**，近两天向Coinbase，Kraken和Bitstamp转移共计1700 #BTC （价值1.12亿美元），目前仍持有46859 #BTC （价值30亿美元）
—  **据彭博社今日报道，德国斥资 29 亿欧元订购坦克加强军事扩张**，旨在补充德国联邦国防军及其盟友的库存，并为乌克兰防御俄罗斯入侵提供支持

https://platform.arkhamintelligence.com/explorer/address/139PoPE1bKQam8QJjhVjYDP47f3VH7ybVu
2025-11-28 20:29:43,165 - INFO - --------------------------------------------------
2025-11-28 20:29:43,274 - INFO - Channel: -1002117032512
2025-11-28 20:29:43,274 - INFO - Time: 2024-06-20T12:30:38+00:00
2025-11-28 20:29:43,274 - INFO - Content: 政治圈内人士预计，共和党和民主党全国代表大会的内容都会很无聊，**共和党将邀请一些 MAGA 明星或许还有一位加密货币爱好者，特朗普现在正在挖掘加密货币以获得选票**

— 共和党全国代表大会将于7月15日至7月18日在威斯康星州的密尔沃基市举行
— 民主党全国代表大会将于8月19日至8月22日在伊利诺伊州的芝加哥市举行
2025-11-28 20:29:43,274 - INFO - --------------------------------------------------
2025-11-28 20:29:43,476 - INFO - Channel: -1002117032512
2025-11-28 20:29:43,476 - INFO - Time: 2024-06-19T15:53:21+00:00
2025-11-28 20:29:43,476 - INFO - Content: $JUP   JUP提案 - 提议减少JUP总供应30％
2025-11-28 20:29:43,476 - INFO - --------------------------------------------------
2025-11-28 20:29:43,546 - INFO - Channel: -1002117032512
2025-11-28 20:29:43,547 - INFO - Time: 2024-06-19T13:51:57+00:00
2025-11-28 20:29:43,547 - INFO - Content: $TURBO   重大合作公告将于6月25日发布
2025-11-28 20:29:43,547 - INFO - --------------------------------------------------
2025-11-28 20:29:43,589 - INFO - Channel: -1002117032512
2025-11-28 20:29:43,589 - INFO - Time: 2024-06-19T05:08:51+00:00
2025-11-28 20:29:43,589 - INFO - Content: $zro L0空投检查 

http://layerzero.foundation
2025-11-28 20:29:43,589 - INFO - --------------------------------------------------
2025-11-28 20:29:43,621 - INFO - Channel: -1002117032512
2025-11-28 20:29:43,621 - INFO - Time: 2024-06-18T15:03:15+00:00
2025-11-28 20:29:43,621 - INFO - Content: 🌵 SANDBOX 购买了几种 memecoin，包括 $PEPE、$SHIB、$MEME、$DEGEN、$DOGE 和 $BONK

https://sandboxgame.medium.com/the-sandbox-purchases-several-major-memecoins-fe1bc855c456
2025-11-28 20:29:43,621 - INFO - --------------------------------------------------
2025-11-28 20:29:43,659 - INFO - Channel: -1002117032512
2025-11-28 20:29:43,659 - INFO - Time: 2024-06-18T12:24:36+00:00
2025-11-28 20:29:43,659 - INFO - Content: **X 计划推出类似 Venmo 的支付功能**

伊隆·马斯克计划将 X 打造成一款“万能APP”，其中包括添加一个支付网络。

目前 X Payments 已在 28 个州获得了货币转账牌照。
— 获得全美 50 个州的许可后，计划今年晚些时候在全国范围内推出支付服务。
— 国际扩张最初计划于 2024 年初进行，但因监管方面的阻力而被推迟。

**X 告诉监管机构，目前没有计划允许在支付网络上进行加密货币转移。**X首席执行官 Linda Yaccorina 昨天在接受采访时表示，**XPayments 将很快发布，最初仅对美国用户开放。**
2025-11-28 20:29:43,659 - INFO - --------------------------------------------------
2025-11-28 20:29:43,741 - INFO - Channel: -1002117032512
2025-11-28 20:29:43,741 - INFO - Time: 2024-06-18T12:00:49+00:00
2025-11-28 20:29:43,741 - INFO - Content: ✅$REZ   Renzo宣布在一轮融资中筹集了 1700 万美元，来自Galaxy Ventures 和 Brevan Howard

📎https://www.coindesk.com/tech/2024/06/18/renzo-capitalizes-on-restaking-frenzy-to-raise-17m-from-galaxy-brevan-howard/
2025-11-28 20:29:43,741 - INFO - --------------------------------------------------
2025-11-28 20:29:43,800 - INFO - Channel: -1002117032512
2025-11-28 20:29:43,800 - INFO - Time: 2024-06-18T00:06:18+00:00
2025-11-28 20:29:43,800 - INFO - Content: **特朗普和拜登的首场辩论将于 6 月 27 日在 CNN 播出**

据该电视台报道，这场 90 分钟的辩论将包括两次商业广告，在此期间竞选工作人员不得与候选人互动。

两位候选人同意出现在统一的讲台上，并通过抛硬币来决定他们的讲台位置。辩论期间，麦克风将保持静音，只有轮到发言的候选人才能使用。舞台上不允许摆放任何道具或事先写好的笔记，但会为候选人提供一支笔、一叠纸和一瓶水。
2025-11-28 20:29:43,800 - INFO - --------------------------------------------------
2025-11-28 20:29:43,940 - INFO - Channel: -1002117032512
2025-11-28 20:29:43,940 - INFO - Time: 2024-06-17T14:42:23+00:00
2025-11-28 20:29:43,940 - INFO - Content: $IOTX   IOTX 2.0版本即将发布
2025-11-28 20:29:43,940 - INFO - --------------------------------------------------
2025-11-28 20:29:44,007 - INFO - Channel: -1002117032512
2025-11-28 20:29:44,007 - INFO - Time: 2024-06-14T13:46:10+00:00
2025-11-28 20:29:44,007 - INFO - Content: $SNT

6月20日开始将在 Snapshot 上进行首次社区投票，**包括推出 ****$SNT**** 质押，去中心化朋友查找器和 Status 网络（L2网络）**
2025-11-28 20:29:44,007 - INFO - --------------------------------------------------
2025-11-28 20:29:44,094 - INFO - Channel: -1002117032512
2025-11-28 20:29:44,094 - INFO - Time: 2024-06-14T13:06:42+00:00
2025-11-28 20:29:44,094 - INFO - Content: $PUNDIX

**PUNDIX创始人发布提案，计划将PundiXChain 和 FunctionX合并，并重新命名为Pundi FX**

📎https://forum.starscan.io/t/temperature-check-upgrade-f-x-core-and-rebrand-function-x-to-pundi-fx/5966
2025-11-28 20:29:44,094 - INFO - --------------------------------------------------
2025-11-28 20:29:44,159 - INFO - Channel: -1002117032512
2025-11-28 20:29:44,159 - INFO - Time: 2024-06-12T11:04:47+00:00
2025-11-28 20:29:44,159 - INFO - Content: #DWF   

Andrei Grachev 宣布 #DWF 有 Selfchain 验证器节点已启动并运行，已持有的代币正等待质押 👀
2025-11-28 20:29:44,159 - INFO - --------------------------------------------------
2025-11-28 20:29:44,206 - INFO - Channel: -1002117032512
2025-11-28 20:29:44,206 - INFO - Time: 2024-06-12T10:56:13+00:00
2025-11-28 20:29:44,206 - INFO - Content: $FRONT $SLF

Selfchain主网更新：过渡至第二阶段

已经支持 $FRONT 代币迁移到 $SLF

📎https://migration.selfchain.xyz/?ref=blog.selfchain.xyz
2025-11-28 20:29:44,206 - INFO - --------------------------------------------------
2025-11-28 20:29:44,233 - INFO - Channel: -1002117032512
2025-11-28 20:29:44,233 - INFO - Time: 2024-06-12T01:55:34+00:00
2025-11-28 20:29:44,233 - INFO - Content: $ZRO 

LayerZero Labs发布一篇关于 $ZRO 的测试👀
2025-11-28 20:29:44,233 - INFO - --------------------------------------------------
2025-11-28 20:29:44,263 - INFO - Channel: -1002117032512
2025-11-28 20:29:44,263 - INFO - Time: 2024-06-11T14:35:45+00:00
2025-11-28 20:29:44,263 - INFO - Content: $ASI   

SingularityNET、Fetch.ai 和 Ocean Protocol 今天宣布修改 ASI 代币合并的日期，从 2024 年6月13日修改到2024年7月15日
2025-11-28 20:29:44,263 - INFO - --------------------------------------------------
2025-11-28 20:29:44,313 - INFO - Channel: -1002117032512
2025-11-28 20:29:44,313 - INFO - Time: 2024-06-11T13:36:13+00:00
2025-11-28 20:29:44,313 - INFO - Content: $WAN 

WANCHAIN 将在48小时内发布重大公告（疑似与销毁有关）
2025-11-28 20:29:44,313 - INFO - --------------------------------------------------
2025-11-28 20:29:44,340 - INFO - Channel: -1002117032512
2025-11-28 20:29:44,340 - INFO - Time: 2024-06-11T07:39:22+00:00
2025-11-28 20:29:44,340 - INFO - Content: $ZK

Aevo期货平台 $ZK 报价$0.33，一个小时跌幅接近50%👀
2025-11-28 20:29:44,340 - INFO - --------------------------------------------------
2025-11-28 20:29:44,365 - INFO - Channel: -1002117032512
2025-11-28 20:29:44,365 - INFO - Time: 2024-06-11T07:13:54+00:00
2025-11-28 20:29:44,365 - INFO - Content: Zksync  $ZK 空投信息：

— 总量210亿
— 695,232 个地址有资格获得空投
— 空投占比17.5%，36亿代币
— 快照时间：2024年3月24日0:00UTC
— 检查网站： [https://claim.zknation.io](https://claim.zknation.io/)
— 资格标准：

ZKsync用户
与10个智能合约交互
将流动资金存入DeFi协议
捐赠给ZKsyncLite上的Gitcoin游戏
交易了10种不同的ERC20代币
持有Libertas Omnibus NFT
在ZKsync时代主机之前的3个月内在ZKsyncLite上交易

ZKsync 表示，这将是一次性空投，用户将能够从下周开始领取他们的代币，直到 2025 年1月3日。
2025-11-28 20:29:44,365 - INFO - --------------------------------------------------
2025-11-28 20:29:44,430 - INFO - Channel: -1002117032512
2025-11-28 20:29:44,430 - INFO - Time: 2024-06-11T07:03:29+00:00
2025-11-28 20:29:44,430 - INFO - Content: $ZK 开放查询

https://claim.zknation.io/
2025-11-28 20:29:44,430 - INFO - --------------------------------------------------
2025-11-28 20:29:44,478 - INFO - Channel: -1002117032512
2025-11-28 20:29:44,478 - INFO - Time: 2024-06-07T16:28:07+00:00
2025-11-28 20:29:44,478 - INFO - Content: LIVE   https://www.youtube.com/watch?v=U1prSyyIco0
2025-11-28 20:29:44,478 - INFO - --------------------------------------------------
2025-11-28 20:29:44,536 - INFO - Channel: -1002117032512
2025-11-28 20:29:44,537 - INFO - Time: 2024-06-07T13:08:25+00:00
2025-11-28 20:29:44,537 - INFO - Content: $MAVIA   

一些特别的事情即将发生，拉开 Mavia 第二阶段
2025-11-28 20:29:44,537 - INFO - --------------------------------------------------
2025-11-28 20:29:44,590 - INFO - Channel: -1002117032512
2025-11-28 20:29:44,590 - INFO - Time: 2024-06-06T14:03:06+00:00
2025-11-28 20:29:44,590 - INFO - Content: $W   Stake For Governance 现已面向 W 代币持有者开放

📎https://tally.xyz/gov/wormhole
2025-11-28 20:29:44,590 - INFO - --------------------------------------------------
2025-11-28 20:29:44,669 - INFO - Channel: -1002117032512
2025-11-28 20:29:44,669 - INFO - Time: 2024-06-06T13:52:00+00:00
2025-11-28 20:29:44,669 - INFO - Content: 万亿美元资产管理公司富兰克林邓普顿探索新的加密基金，**该基金将投资于比特币和以太坊之外的一系列代币**

📎https://www.theinformation.com/articles/trillion-dollar-asset-manager-franklin-templeton-explores-new-crypto-fund?utm_source=ti_app
2025-11-28 20:29:44,669 - INFO - --------------------------------------------------
2025-11-28 20:29:44,717 - INFO - Channel: -1002117032512
2025-11-28 20:29:44,717 - INFO - Time: 2024-06-06T13:30:58+00:00
2025-11-28 20:29:44,717 - INFO - Content: $SAND   The Sandbox 宣布以 10 亿美元估值上限融资 2000 万美元，以扩大开放元宇宙中的创作者经济

📎https://venturebeat.com/games/the-sandbox-raises-20m-in-convertible-debt-at-1b-valuation-for-sandbox-metaverse/
2025-11-28 20:29:44,717 - INFO - --------------------------------------------------
2025-11-28 20:29:44,740 - INFO - Channel: -1002117032512
2025-11-28 20:29:44,740 - INFO - Time: 2024-06-05T14:42:32+00:00
2025-11-28 20:29:44,740 - INFO - Content: $FTM   FantomFDN发布 “memeseason2024”

📎https://www.memeseason2024.com/
2025-11-28 20:29:44,740 - INFO - --------------------------------------------------
2025-11-28 20:29:44,816 - INFO - Channel: -1002117032512
2025-11-28 20:29:44,816 - INFO - Time: 2024-06-05T13:23:31+00:00
2025-11-28 20:29:44,816 - INFO - Content: $MASK   Mask Network 推出第一季 Staking 活动

📎https://masknetwork.medium.com/mask-network-reveals-its-staking-season-1-f335e74f3a6b
2025-11-28 20:29:44,816 - INFO - --------------------------------------------------
2025-11-28 20:29:44,838 - INFO - Channel: -1002117032512
2025-11-28 20:29:44,838 - INFO - Time: 2024-06-04T22:36:27+00:00
2025-11-28 20:29:44,838 - INFO - Content: 受此消息影响， $UNI 涨幅超过26%👀
2025-11-28 20:29:44,838 - INFO - --------------------------------------------------
2025-11-28 20:29:44,859 - INFO - Channel: -1002117032512
2025-11-28 20:29:44,859 - INFO - Time: 2024-06-04T14:58:08+00:00
2025-11-28 20:29:44,859 - INFO - Content: ⚡️⚡️⚡️⚡️⚡️⚡️  
似乎所有主要 AI 平台都瘫痪了 ⚠️

OpenAI 的 ChatGPT 瘫痪
Google 的 Gemini 瘫痪
Anthropic 的 Claude 瘫痪
2025-11-28 20:29:44,859 - INFO - --------------------------------------------------
2025-11-28 20:29:44,889 - INFO - Channel: -1002117032512
2025-11-28 20:29:44,889 - INFO - Time: 2024-06-04T14:51:54+00:00
2025-11-28 20:29:44,889 - INFO - Content: $UNI  为超级大事做好准备
2025-11-28 20:29:44,889 - INFO - --------------------------------------------------
2025-11-28 20:29:44,910 - INFO - Channel: -1002117032512
2025-11-28 20:29:44,910 - INFO - Time: 2024-06-04T11:06:23+00:00
2025-11-28 20:29:44,910 - INFO - Content: $ASTR   ASTR 基金会提议销毁 3.5 亿枚代币 3800 万美元

📎https://astar.subscan.io/account/afw8fXAg3NbcBebzexMDs4EPoy33riHZNjBp1tW2EUrYEn6
2025-11-28 20:29:44,910 - INFO - --------------------------------------------------
2025-11-28 20:29:44,935 - INFO - Channel: -1002117032512
2025-11-28 20:29:44,935 - INFO - Time: 2024-06-03T12:01:49+00:00
2025-11-28 20:29:44,935 - INFO - Content: $FLOKI 即将发布重要公告
2025-11-28 20:29:44,935 - INFO - --------------------------------------------------
2025-11-28 20:29:44,959 - INFO - Channel: -1002117032512
2025-11-28 20:29:44,959 - INFO - Time: 2024-06-03T10:01:06+00:00
2025-11-28 20:29:44,959 - INFO - Content: $LADYS  Milady meme coin宣布 从 DWF Labs 获得 500 万美元投资

📎https://cointelegraph.com/press-releases/milady-meme-coin-secures-5m-investment-from-dwf-labs
2025-11-28 20:29:44,959 - INFO - --------------------------------------------------
2025-11-28 20:29:44,986 - INFO - Channel: -1002117032512
2025-11-28 20:29:44,986 - INFO - Time: 2024-05-31T17:13:39+00:00
2025-11-28 20:29:44,986 - INFO - Content: $UNI Uniswap基金会宣布推迟提案投票

原计划 5 月 31 日启动投票，以便其费用机制可以奖励已质押和委托其代币的 UNI 代币持有者
2025-11-28 20:29:44,986 - INFO - --------------------------------------------------
2025-11-28 20:29:45,017 - INFO - Channel: -1002117032512
2025-11-28 20:29:45,017 - INFO - Time: 2024-05-31T16:54:14+00:00
2025-11-28 20:29:45,017 - INFO - Content: $ENJ Coinbase 暂停 Enjin Coin (ENJ) 的交易
2025-11-28 20:29:45,017 - INFO - --------------------------------------------------
2025-11-28 20:29:45,041 - INFO - Channel: -1002117032512
2025-11-28 20:29:45,041 - INFO - Time: 2024-05-31T13:27:49+00:00
2025-11-28 20:29:45,041 - INFO - Content: 日经新闻：日本交易所DMM Bitcoin遭到黑客攻击，价值 3 亿美元的#Bitcoin 从平台被盗
2025-11-28 20:29:45,041 - INFO - --------------------------------------------------
2025-11-28 20:29:45,072 - INFO - Channel: -1002117032512
2025-11-28 20:29:45,072 - INFO - Time: 2024-05-30T15:03:26+00:00
2025-11-28 20:29:45,072 - INFO - Content: $TWT  👀
2025-11-28 20:29:45,072 - INFO - --------------------------------------------------
2025-11-28 20:29:45,093 - INFO - Channel: -1002117032512
2025-11-28 20:29:45,093 - INFO - Time: 2024-05-30T14:24:53+00:00
2025-11-28 20:29:45,093 - INFO - Content: Binance Research发布 — 比特币的未来#3：比特币的扩容

📎https://www.binance.com/en/research/analysis/the-future-of-bitcoin-3-scaling-bitcoin
2025-11-28 20:29:45,093 - INFO - --------------------------------------------------
2025-11-28 20:29:45,118 - INFO - Channel: -1002117032512
2025-11-28 20:29:45,118 - INFO - Time: 2024-05-30T14:18:43+00:00
2025-11-28 20:29:45,118 - INFO - Content: 关于“ZK”商标之战

— Polyhedra Network 已经被迫将**代币名称从“ZK"改成”ZKJ“**
— StarkWare 表示ZK是公共物品，**Matter Labs 没有创造这项技术，也没有为这项技术的创造做出贡献。**
— Polygon Labs 认为 Matter Labs受Polygon影响并受益，**没有 Polygon Labs 开发的 zk 技术，就没有 zkSync 网络**
2025-11-28 20:29:45,118 - INFO - --------------------------------------------------
2025-11-28 20:29:45,195 - INFO - Channel: -1002117032512
2025-11-28 20:29:45,195 - INFO - Time: 2024-05-30T13:58:43+00:00
2025-11-28 20:29:45,195 - INFO - Content: $AO AO 代币经济学：

—AO 将 100% 公平发布
—AO **将通过桥接 AO、持有 ****$AR**** 或构建来铸造**
—2100 万，4 年减半
— 代币经济学 (Tokenomics) 和创世纪 (Genesis) 事件：6 月 13 日。美国东部时间 11:00。
2025-11-28 20:29:45,195 - INFO - --------------------------------------------------
2025-11-28 20:29:45,278 - INFO - Channel: -1002117032512
2025-11-28 20:29:45,279 - INFO - Time: 2024-05-30T13:15:01+00:00
2025-11-28 20:29:45,279 - INFO - Content: $ARPA  获得600万战略投资，以扩大全链游戏和加密 AI 的产品供应

📎https://www.prnewswire.com/news-releases/
2025-11-28 20:29:45,279 - INFO - --------------------------------------------------
 
Keywords:  [('aevo7', 0.485), ('价格', 0.4651), ('美元', 0.3212), ('平均', 0.2977), ('购买', 0.278), ('aevo', 0.2632), ('回购', 0.2288), ('万个', 0.1073), ('月份', 0.0846)]
Mentioned Currencies:  
Keywords:  [('通胀', 0.477), ('销毁', 0.2832), ('数量', 0.166), ('fis', 0.1099), ('陈述', 0.0983), ('地址', 0.09)]
Mentioned Currencies:  
Keywords:  [('下个月', 0.1887), ('销毁', 0.1874), ('提案', 0.1667), ('stafi', 0.1416), ('fis', 0.0527), ('开启', 0.0523)]
Mentioned Currencies:  Bitcoin
Keywords:  [('总统', 0.4804), ('主席', 0.4681), ('美国政府', 0.4188), ('特朗普', 0.4128), ('加密', 0.2934), ('委员会', 0.2828), ('上任', 0.2777), ('当前', 0.2401), ('解雇', 0.2275), ('任命', 0.2267)]
Mentioned Currencies:  
Keywords:  [('特朗普', 0.5704), ('直播', 0.4574), ('演讲', 0.3782), ('错误', 0.3755), ('似乎', 0.3047), ('观看', 0.3011), ('出现', 0.2881), ('db', 0.2514), ('已经', 0.2345)]
Mentioned Currencies:  Bitcoin
Keywords:  [('特朗普', 0.4977), ('tier10k', 0.3173), ('退出', 0.2819), ('会议', 0.1189), ('比特', 0.1004)]
Mentioned Currencies:  
Keywords:  [('steak', 0.5059), ('bourbon', 0.4301), ('城里', 0.3746), ('餐厅', 0.3483), ('埃隆', 0.3429), ('昨晚', 0.2985), ('有人', 0.2598), ('发现', 0.216), ('马斯克', 0.2074), ('迈克尔', 0.1956)]
Mentioned Currencies:  
Keywords:  [('推迟', 0.4676), ('特朗普', 0.4412), ('doge', 0.3779), ('埃隆', 0.2798), ('演讲', 0.2671), ('唐纳德', 0.2145), ('赶往', 0.209), ('路上', 0.206), ('正在', 0.1542), ('报道', 0.1291)]
Mentioned Currencies:  
Keywords:  [('jupiter', 0.3973), ('减少', 0.282), ('jup', 0.2535), ('提案', 0.2199), ('供应', 0.182), ('投票', 0.1763), ('发布', 0.1442), ('周三', 0.134), ('周四', 0.1279), ('消息', 0.059)]
Mentioned Currencies:  Aave
Keywords:  [('费用', 0.4746), ('aave', 0.419), ('协议', 0.3748), ('代币', 0.368), ('aavedefi', 0.3422), ('市场', 0.333), ('计划', 0.3128), ('改变', 0.2907), ('回购', 0.2666), ('zeller', 0.2593)]
Mentioned Currencies:  
Keywords:  [('发布', 0.3754), ('strkv', 0.3361), ('探索', 0.2128), ('stark', 0.1987)]
Mentioned Currencies:  
Keywords:  [('mdxmdex', 0.5468), ('mdx', 0.503), ('拨款', 0.313), ('代币', 0.2703), ('市场', 0.2627), ('回购', 0.259), ('销毁', 0.1816), ('决定', 0.1717), ('usdt', 0.1527), ('下架', 0.1032)]
Mentioned Currencies:  Ethereum
Keywords:  [('gmx', 0.5968), ('收益分配', 0.3408), ('金额', 0.3068), ('平均', 0.2936), ('分配', 0.2392), ('价值', 0.2198), ('回购', 0.2187), ('v2', 0.216), ('贡献者', 0.198), ('v1', 0.1976)]
Mentioned Currencies:  
Keywords:  [('赎回', 0.5299), ('销毁', 0.4099), ('重新', 0.3984), ('桥梁', 0.387), ('包装', 0.3738), ('classic', 0.3551), ('资产', 0.3372), ('取消', 0.3292), ('terra', 0.2966), ('shuttle', 0.2842)]
Mentioned Currencies:  
Keywords:  [('inj21shares', 0.7936), ('injective', 0.4818), ('etp', 0.4765), ('推出', 0.2442)]
Mentioned Currencies:  
Keywords:  [('迁移', 0.3597), ('pol', 0.3116), ('进行', 0.3058), ('maticmatic', 0.2121)]
Mentioned Currencies:  
Keywords:  [('安全漏洞', 0.5251), ('钱包', 0.4101), ('签名', 0.3401), ('调查', 0.2405), ('wazirx', 0.1811), ('事件', 0.1286), ('确认', 0.1012), ('多重', 0.0919), ('团队', 0.0601), ('正在', 0.0554)]
Mentioned Currencies:  Shiba Inu
Keywords:  [('黑客攻击', 0.5794), ('盗窃', 0.3746), ('加密', 0.3653), ('0x04b21735e93fa3f8df70e2da89e6922616891a88', 0.3565), ('攻击者', 0.3535), ('亿美元', 0.346), ('货币', 0.3168), ('交易所', 0.2823), ('损失', 0.2787), ('wrx', 0.2518)]
Mentioned Currencies:  
Keywords:  [('bnx', 0.5014), ('bnxbinaryx', 0.4859), ('投票', 0.253), ('销毁', 0.2506), ('历史性', 0.1934), ('代币', 0.1869), ('宣布', 0.06)]
Mentioned Currencies:  Worldcoin
Keywords:  [('worldcoin', 0.4525), ('代币', 0.4017), ('贡献者', 0.394), ('wldtools', 0.3597), ('投资者', 0.352), ('五年', 0.3506), ('延长', 0.338), ('humanity', 0.3081), ('锁定', 0.3066), ('三年', 0.3031)]
Mentioned Currencies:  
Keywords:  [('品牌', 0.5395), ('fidabonfida', 0.5013), ('sns', 0.4046), ('重塑', 0.2787)]
Mentioned Currencies:  
Keywords:  [('gns', 0.5493), ('分配机制', 0.508), ('代币', 0.339), ('回购', 0.2997), ('引入', 0.1802)]
Mentioned Currencies:  
Keywords:  [('iotxiotex', 0.5135), ('准备', 0.2238), ('创始人', 0.208), ('下周', 0.1945), ('推出', 0.1699), ('raullen', 0.1361), ('联合', 0.0511)]
Mentioned Currencies:  
Keywords:  [('经济学', 0.4246), ('代币', 0.3727), ('品牌', 0.3418), ('alpha', 0.2953), ('总量', 0.2549), ('增发', 0.2426), ('重塑', 0.2365), ('litlayer', 0.1008), ('原来', 0.0906), ('ltly', 0.0192)]
Mentioned Currencies:  
Keywords:  [('一年', 0.3853), ('延长', 0.3436), ('wld', 0.3113), ('预订', 0.3067), ('期限', 0.2931), ('基金会', 0.2857), ('世界', 0.1595), ('宣布', 0.108)]
Mentioned Currencies:  
Keywords:  [('gravity', 0.4609), ('galgalaxy', 0.4044), ('迁移', 0.3684), ('细节', 0.3528), ('代币', 0.3146), ('揭晓', 0.3026), ('gal', 0.2405), ('开放', 0.1974)]
Mentioned Currencies:  Arbitrum
Keywords:  [('campus', 0.4571), ('资助', 0.4509), ('基金会', 0.427), ('教育', 0.3897), ('arbitrum', 0.3569), ('open', 0.2427), ('来源', 0.1728), ('协议', 0.1648), ('中心化', 0.13), ('宣布', 0.0635)]
Mentioned Currencies:  
Keywords:  [('联合国开发计划署', 0.8142), ('基金会', 0.5554), ('icp', 0.5145), ('合作', 0.4205), ('dfinity', 0.4189), ('来源', 0.3702)]
Mentioned Currencies:  
Keywords:  [('标签', 0.3928), ('cvx', 0.3739), ('监控', 0.3609), ('2024', 0.3265), ('ctxc', 0.308), ('扩展', 0.2715), ('cvp', 0.2602), ('snt', 0.2385), ('来源', 0.2166), ('sun', 0.1906)]
Mentioned Currencies:  
Keywords:  [('db', 0.5191), ('证券', 0.4512), ('sec', 0.3813), ('来源', 0.3621), ('项目', 0.2257), ('属于', 0.222), ('质押', 0.2091), ('lido', 0.2046), ('pool', 0.1514), ('rocket', 0.0243)]
Mentioned Currencies:  
Keywords:  [('db', 0.4492), ('consensys', 0.3863), ('sec', 0.3766), ('交易商', 0.3515), ('证券', 0.3312), ('起诉', 0.3289), ('销售', 0.2982), ('未注册', 0.2935), ('发售', 0.2859), ('经纪', 0.2854)]
Mentioned Currencies:  
Keywords:  [('辩论', 0.6294), ('总统大选', 0.6112), ('2024', 0.456), ('首场', 0.331), ('美国', 0.3307), ('直播', 0.1634)]
Mentioned Currencies:  Dogecoin,Solana,Ethereum
Keywords:  [('2024', 0.3921), ('2025', 0.3915), ('日期', 0.3106), ('时间', 0.2966), ('etf', 0.2926), ('分析师', 0.2449), ('最长', 0.2176), ('月底', 0.2148), ('今年', 0.2048), ('发行人', 0.1917)]
Mentioned Currencies:  Solana,Bitcoin
Keywords:  [('资产', 0.4644), ('投资者', 0.4527), ('基金', 0.4512), ('etf', 0.4473), ('可扩展性', 0.4457), ('交易所', 0.4393), ('金融', 0.4345), ('应用', 0.3941), ('实用性', 0.3774), ('代币', 0.3671)]
Mentioned Currencies:  
Keywords:  [('lsk', 0.42), ('基金', 0.3161), ('lisk', 0.2813), ('dao', 0.2723), ('供应量', 0.2715), ('亿个', 0.2661), ('投票', 0.2433), ('分配', 0.2358), ('销毁', 0.1723)]
Mentioned Currencies:  
Keywords:  [('资金', 0.341), ('bitmex', 0.3403), ('创始人', 0.2775), ('顾问', 0.2358), ('covalent', 0.2191), ('战略', 0.2117), ('cqt', 0.1996), ('公司', 0.1788), ('基础设施', 0.1778), ('筹集', 0.1621)]
Mentioned Currencies:  
Keywords:  [('持有者', 0.3809), ('基金会', 0.3524), ('提供商', 0.3385), ('fantom', 0.3176), ('品牌', 0.3143), ('用户', 0.3069), ('ftm', 0.2935), ('亿枚', 0.2832), ('代表', 0.2761), ('lst', 0.2575)]
Mentioned Currencies:  
Keywords:  [('notcoin', 0.5886), ('销毁', 0.4059), ('万美元', 0.3266), ('刚刚', 0.2149), ('价值', 0.1855)]
Mentioned Currencies:  Bitcoin
Keywords:  [('akro', 0.4567), ('资金', 0.4374), ('储备', 0.4299), ('供应量', 0.4226), ('代币', 0.4188), ('经济学', 0.4083), ('风险', 0.3754), ('重组', 0.3604), ('从币安', 0.3576), ('增强', 0.3238)]
Mentioned Currencies:  
Keywords:  [('品牌', 0.4811), ('重塑', 0.3797), ('变化', 0.342), ('litlayer', 0.3363), ('产品', 0.3257), ('经济学', 0.3038), ('alpha', 0.2789), ('代币', 0.2523), ('更名', 0.1864), ('方向', 0.1622)]2025-11-28 20:29:45,323 - INFO - Channel: -1002117032512
2025-11-28 20:29:45,323 - INFO - Time: 2024-05-30T06:10:51+00:00
2025-11-28 20:29:45,323 - INFO - Content: v神地址  在十分钟前向 JuiceBox 的 **Free Alexey & Roman捐赠价值30 ****#ETH**

据了解Alexey Pertsev（荷兰）和 Roman Storm（美国）是Tornado Cash的开发人员

📎https://juicebox.money/v2/p/618?tabid=about
2025-11-28 20:29:45,323 - INFO - --------------------------------------------------
2025-11-28 20:29:45,376 - INFO - Channel: -1002117032512
2025-11-28 20:29:45,376 - INFO - Time: 2024-05-30T06:05:41+00:00
2025-11-28 20:29:45,376 - INFO - Content: $POWR   Powerledger 在 Google Cloud 合作伙伴优势计划中荣获可持续发展合作伙伴称号

📎https://www.powerledger.io/media/powerledger-achieves-sustainability-partner-designation-in-the-google-cloud-partner-advantage-program
2025-11-28 20:29:45,376 - INFO - --------------------------------------------------
2025-11-28 20:29:45,426 - INFO - Channel: -1002117032512
2025-11-28 20:29:45,426 - INFO - Time: 2024-05-29T14:04:12+00:00
2025-11-28 20:29:45,426 - INFO - Content: $GAL  Forbes Web3 与 Galxe 和 TakeOver 合作举办 Inner Circle 欢迎会
2025-11-28 20:29:45,426 - INFO - --------------------------------------------------
2025-11-28 20:29:45,469 - INFO - Channel: -1002117032512
2025-11-28 20:29:45,469 - INFO - Time: 2024-05-29T12:28:57+00:00
2025-11-28 20:29:45,469 - INFO - Content: $KLAY  Animoca Brands 计划通过 GC Private Sales增加购买711万个 $KLAY（上一个购买的是 $EDU）

📎https://square.klaytn.foundation/Home
2025-11-28 20:29:45,469 - INFO - --------------------------------------------------
2025-11-28 20:29:45,496 - INFO - Channel: -1002117032512
2025-11-28 20:29:45,496 - INFO - Time: 2024-05-29T11:55:35+00:00
2025-11-28 20:29:45,496 - INFO - Content: $AKT  Akash Network 被 NVIDIA AI Developer提到，创始人表示NVIDIA 现在一键部署可以直接进入 Akash
2025-11-28 20:29:45,496 - INFO - --------------------------------------------------
2025-11-28 20:29:45,520 - INFO - Channel: -1002117032512
2025-11-28 20:29:45,521 - INFO - Time: 2024-05-29T10:27:22+00:00
2025-11-28 20:29:45,521 - INFO - Content: $BBL Beoble获得 Ripple 的资金支持

📎https://x.com/beoble_official/status/1795763447365579052
2025-11-28 20:29:45,521 - INFO - --------------------------------------------------
2025-11-28 20:29:45,541 - INFO - Channel: -1002117032512
2025-11-28 20:29:45,541 - INFO - Time: 2024-05-28T13:00:36+00:00
2025-11-28 20:29:45,541 - INFO - Content: $ENS ENS Labs 提议将以太坊名称服务 (ENS) 扩展到第 2 层 (L2)

📎https://blog.ens.domains/post/ensv2
2025-11-28 20:29:45,541 - INFO - --------------------------------------------------
2025-11-28 20:29:45,564 - INFO - Channel: -1002117032512
2025-11-28 20:29:45,564 - INFO - Time: 2024-05-27T23:28:42+00:00
2025-11-28 20:29:45,564 - INFO - Content: $GAL  明天晚上9点（CDT时间）发布重大公告
2025-11-28 20:29:45,564 - INFO - --------------------------------------------------
2025-11-28 20:29:45,588 - INFO - Channel: -1002117032512
2025-11-28 20:29:45,588 - INFO - Time: 2024-05-27T05:30:14+00:00
2025-11-28 20:29:45,588 - INFO - Content: #AI xAI公司官宣在B 轮融资金额达 60 亿美元

📎https://x.ai/blog/series-b
2025-11-28 20:29:45,588 - INFO - --------------------------------------------------
2025-11-28 20:29:45,614 - INFO - Channel: -1002117032512
2025-11-28 20:29:45,614 - INFO - Time: 2024-05-24T14:09:21+00:00
2025-11-28 20:29:45,614 - INFO - Content: $BSW 

Biswap 的新路线图中计划实现引入”收入分享模式“，是 $BSW 向通货紧缩模型转变的步骤之一

📎https://biswap-dex.medium.com/biswaps-roadmap-new-strategic-course-85871fb14d13
2025-11-28 20:29:45,614 - INFO - --------------------------------------------------
2025-11-28 20:29:45,645 - INFO - Channel: -1002117032512
2025-11-28 20:29:45,645 - INFO - Time: 2024-05-24T05:24:37+00:00
2025-11-28 20:29:45,645 - INFO - Content: $FRONT  

Self Chain主网将于 6月6日发布，后面将会涉及到代币的迁移的与质押

📎https://blog.selfchain.xyz/self-chain-mainnet-launching-on-06-06-2024/
2025-11-28 20:29:45,645 - INFO - --------------------------------------------------
2025-11-28 20:29:45,670 - INFO - Channel: -1002117032512
2025-11-28 20:29:45,670 - INFO - Time: 2024-05-23T13:22:20+00:00
2025-11-28 20:29:45,670 - INFO - Content: SEC 主席加里·詹斯勒 (Gary Gensler): 

—  加密货币市场需要“现场仲裁员。我相信加密货币市场充满了骗局
—  美国证券交易委员会(SEC)在法庭上就加密货币案件取得了很多成功。
—  并非所有加密代币都是证券，但很多都是。
—  SEC 致力于遭守有关加密货币投资基金产品的法律。
—  SEC 主席 Gensler 没有对 SEC 的以太坊 ETF计划发表评论。
2025-11-28 20:29:45,670 - INFO - --------------------------------------------------
2025-11-28 20:29:45,749 - INFO - Channel: -1002117032512
2025-11-28 20:29:45,749 - INFO - Time: 2024-05-23T11:03:43+00:00
2025-11-28 20:29:45,749 - INFO - Content: $GMT  

Stepn 将推出 #STEPNGO 新的健身社交APP，并会发行 $GGT 新代币
2025-11-28 20:29:45,749 - INFO - --------------------------------------------------
2025-11-28 20:29:45,794 - INFO - Channel: -1002117032512
2025-11-28 20:29:45,794 - INFO - Time: 2024-05-22T14:16:10+00:00
2025-11-28 20:29:45,794 - INFO - Content: $LEVER  筹集了 1000 万美元的 OmniZK 开发者基金
2025-11-28 20:29:45,794 - INFO - --------------------------------------------------
2025-11-28 20:29:45,838 - INFO - Channel: -1002117032512
2025-11-28 20:29:45,838 - INFO - Time: 2024-05-22T08:30:11+00:00
2025-11-28 20:29:45,838 - INFO - Content: $EDU  Animoca Brands 将从公开市场购买额外的 EDU 代币
2025-11-28 20:29:45,838 - INFO - --------------------------------------------------
2025-11-28 20:29:45,878 - INFO - Channel: -1002117032512
2025-11-28 20:29:45,878 - INFO - Time: 2024-05-21T07:10:40+00:00
2025-11-28 20:29:45,878 - INFO - Content: $BAKE 计划公平地推出一些低FDV项目
2025-11-28 20:29:45,878 - INFO - --------------------------------------------------
2025-11-28 20:29:45,923 - INFO - Channel: -1002117032512
2025-11-28 20:29:45,923 - INFO - Time: 2024-05-21T06:02:43+00:00
2025-11-28 20:29:45,923 - INFO - Content: $ENS +20% 信息的时间差影响牛市交易的结果
2025-11-28 20:29:45,923 - INFO - --------------------------------------------------
2025-11-28 20:29:45,968 - INFO - Channel: -1002117032512
2025-11-28 20:29:45,968 - INFO - Time: 2024-05-21T05:44:39+00:00
2025-11-28 20:29:45,968 - INFO - Content: $ENS 正在泵👀
2025-11-28 20:29:45,968 - INFO - --------------------------------------------------
2025-11-28 20:29:46,025 - INFO - Channel: -1002117032512
2025-11-28 20:29:46,025 - INFO - Time: 2024-05-21T05:43:04+00:00
2025-11-28 20:29:46,025 - INFO - Content: $ENS V神说ens是我们的最成功的非金融应用
2025-11-28 20:29:46,025 - INFO - --------------------------------------------------
2025-11-28 20:29:46,052 - INFO - Channel: -1002117032512
2025-11-28 20:29:46,052 - INFO - Time: 2024-05-21T00:23:14+00:00
2025-11-28 20:29:46,052 - INFO - Content: 曾在 Celestia、REN 等公司工作的 [Rahul Ghangas](https://x.com/Rahul__Ghangas/status/1792564860712362072) 发表文章曝光 Polygon领导层和其他知名项目的内部人士联合发行Memecoin割韭菜内幕，其中包括

[0xkenzi](https://x.com/0xkenzi)  - Polygon 顾问
[jack_venture](https://x.com/jack_venture) - Multibit，BounceBit 创始人
[sourcex44](https://x.com/sourcex44) - Polygon 战略主管
[0xsachi](https://x.com/0xsachi) - Polygon Ventures 的创始团队

故事是 polygon 创始人Sandeep有一只宠物大象（其实是Sandeep为大象捐了一笔小钱），围绕这只大象为主题他们联合发布一个名为 [@Elecoinxyz](https://x.com/elecoinxyz) 的memecoin，通过让Polygon 领导层的转发和一些Polygon聪明钱包或VC基金经理钱包购买 $Ele 等形式增加曝光，后来超早期钱包全部卖出导致暴跌，市值从17m跌到目前只有42k，赚的盆满钵满但也从未支付devs工资。
2025-11-28 20:29:46,052 - INFO - --------------------------------------------------
2025-11-28 20:29:46,114 - INFO - Channel: -1002117032512
2025-11-28 20:29:46,114 - INFO - Time: 2024-05-20T08:36:42+00:00
2025-11-28 20:29:46,114 - INFO - Content: 背景板颜色和Mode Network一致 

看上去更像是即将支持Mode Network👀
2025-11-28 20:29:46,114 - INFO - --------------------------------------------------
2025-11-28 20:29:46,149 - INFO - Channel: -1002117032512
2025-11-28 20:29:46,149 - INFO - Time: 2024-05-20T08:23:28+00:00
2025-11-28 20:29:46,149 - INFO - Content: $KNC 疑似即将发布New Chain
2025-11-28 20:29:46,149 - INFO - --------------------------------------------------
2025-11-28 20:29:46,178 - INFO - Channel: -1002117032512
2025-11-28 20:29:46,178 - INFO - Time: 2024-05-19T12:19:21+00:00
2025-11-28 20:29:46,178 - INFO - Content: $GNO Gnosis DAO 发布提案计划在六个月内部署 3000 万美元回购资金

📎https://forum.gnosis.io/t/should-gnosis-dao-conduct-a-large-scale-buyback-program/8556
2025-11-28 20:29:46,178 - INFO - --------------------------------------------------
2025-11-28 20:29:46,218 - INFO - Channel: -1002117032512
2025-11-28 20:29:46,218 - INFO - Time: 2024-05-19T11:42:19+00:00
2025-11-28 20:29:46,218 - INFO - Content: V神回复说 仍然相信 D/ACC
2025-11-28 20:29:46,218 - INFO - --------------------------------------------------
2025-11-28 20:29:46,258 - INFO - Channel: -1002117032512
2025-11-28 20:29:46,258 - INFO - Time: 2024-05-18T00:19:48+00:00
2025-11-28 20:29:46,258 - INFO - Content: Fantom 提案：推出 Sonic Network

- Sonic 是一个新的第 1 层链，具有连接到以太坊及其他地方的本机第 2 层桥

- 创世时以 1:1 的比例将其 $FTM 代币迁移为新的 $S 代币

- Fantom 基金会已从其财务中拨出数亿 FTM 来协助 Sonic Network

📎https://forum.fantom.network/t/the-new-frontier-building-the-sonic-boom/875
2025-11-28 20:29:46,258 - INFO - --------------------------------------------------
2025-11-28 20:29:46,367 - INFO - Channel: -1002117032512
2025-11-28 20:29:46,367 - INFO - Time: 2024-05-18T00:13:04+00:00
2025-11-28 20:29:46,367 - INFO - Content: LayerZero 称sybil 自我报告阶段现已结束，803,093 个地址被确定为潜在的女巫
2025-11-28 20:29:46,367 - INFO - --------------------------------------------------
2025-11-28 20:29:46,394 - INFO - Channel: -1002117032512
2025-11-28 20:29:46,394 - INFO - Time: 2024-05-17T09:48:18+00:00
2025-11-28 20:29:46,394 - INFO - Content: $NOT  

Telegram创始人Du Rove称 Notcoin 是Telegram和Ton上的领头羊小程序
2025-11-28 20:29:46,394 - INFO - --------------------------------------------------
2025-11-28 20:29:46,422 - INFO - Channel: -1002117032512
2025-11-28 20:29:46,422 - INFO - Time: 2024-05-16T12:06:24+00:00
2025-11-28 20:29:46,422 - INFO - Content: $NOT  OK 0.0067$ vs BN 0.0093$🤔
2025-11-28 20:29:46,422 - INFO - --------------------------------------------------
2025-11-28 20:29:46,427 - INFO - Channel: -1002117032512
2025-11-28 20:29:46,427 - INFO - Time: 2024-05-16T10:12:56+00:00
2025-11-28 20:29:46,427 - INFO - Content: $STX 🙈
2025-11-28 20:29:46,428 - INFO - --------------------------------------------------
2025-11-28 20:29:46,450 - INFO - Channel: -1002117032512
2025-11-28 20:29:46,450 - INFO - Time: 2024-05-16T10:00:35+00:00
2025-11-28 20:29:46,450 - INFO - Content: $STX  Upbit关于投资STX需谨慎的通知
2025-11-28 20:29:46,450 - INFO - --------------------------------------------------
2025-11-28 20:29:46,477 - INFO - Channel: -1002117032512
2025-11-28 20:29:46,477 - INFO - Time: 2024-05-15T22:45:05+00:00
2025-11-28 20:29:46,477 - INFO - Content: $WLD 流通供应更新

📎https://zh-cn.worldcoin.org/blog/announcements/circulating-supply-update-sales-trading-firms
2025-11-28 20:29:46,477 - INFO - --------------------------------------------------
2025-11-28 20:29:46,501 - INFO - Channel: -1002117032512
2025-11-28 20:29:46,501 - INFO - Time: 2024-05-15T09:47:46+00:00
2025-11-28 20:29:46,501 - INFO - Content: $FRONT  Selfchain计划在 6 月启动主网，意味着 $FRONT 转换 $SLF 将在六月进行

📎https://blog.selfchain.xyz/pre-mainnet-progress/
2025-11-28 20:29:46,501 - INFO - --------------------------------------------------
2025-11-28 20:29:46,529 - INFO - Channel: -1002117032512
2025-11-28 20:29:46,529 - INFO - Time: 2024-05-14T14:25:09+00:00
2025-11-28 20:29:46,529 - INFO - Content: 美联储主席鲍威尔:

这一切都是为了将 政策更长时间地保持在当前水平。
我们更有可能维持政策利率不变
政策利率具有限制性，
时间会证明我们的政策限制是否足够。
我认为下一步行动可能不会是加息。
限制性政策可能需要比预期更长的时间才能降低通胀，我们将把通货膨胀率降低至2%
2025-11-28 20:29:46,529 - INFO - --------------------------------------------------
2025-11-28 20:29:46,632 - INFO - Channel: -1002117032512
2025-11-28 20:29:46,632 - INFO - Time: 2024-05-14T14:01:38+00:00
2025-11-28 20:29:46,632 - INFO - Content: Polymarket从包括 Peter Thiel 的Founders fund 和 @VitalikButerin在内的投资者那里筹集了 4500 万美元

📎https://www.coindesk.com/business/2024/05/14/peter-thiels-founders-fund-vitalik-buterin-back-45m-investment-in-polymarket/
2025-11-28 20:29:46,632 - INFO - --------------------------------------------------
2025-11-28 20:29:46,670 - INFO - Channel: -1002117032512
2025-11-28 20:29:46,670 - INFO - Time: 2024-05-14T08:04:40+00:00
2025-11-28 20:29:46,670 - INFO - Content: $TROY 

TROY DAO Beta V2 将于2024年5月16日发布
2025-11-28 20:29:46,670 - INFO - --------------------------------------------------
2025-11-28 20:29:46,706 - INFO - Channel: -1002117032512
2025-11-28 20:29:46,706 - INFO - Time: 2024-05-14T04:39:42+00:00
2025-11-28 20:29:46,706 - INFO - Content: $ZUZALU v神提到zuzalu
2025-11-28 20:29:46,706 - INFO - --------------------------------------------------
2025-11-28 20:29:46,748 - INFO - Channel: -1002117032512
2025-11-28 20:29:46,748 - INFO - Time: 2024-05-13T13:02:05+00:00
2025-11-28 20:29:46,748 - INFO - Content: $ASTR  AstarNetwork创始人正式成为索尼实验室（索尼与 Startale 实验室的合资公司）的董事之一
2025-11-28 20:29:46,748 - INFO - --------------------------------------------------
2025-11-28 20:29:46,785 - INFO - Channel: -1002117032512
2025-11-28 20:29:46,785 - INFO - Time: 2024-05-13T11:49:17+00:00
2025-11-28 20:29:46,785 - INFO - Content: $AEVO $RBN

所有$RBN持有者均可 1:1 兑换为$AEVO

转换 UI 将于 5 月 15 日 08:00 UTC 上线
2025-11-28 20:29:46,785 - INFO - --------------------------------------------------
2025-11-28 20:29:46,831 - INFO - Channel: -1002117032512
2025-11-28 20:29:46,831 - INFO - Time: 2024-05-13T11:04:49+00:00
2025-11-28 20:29:46,831 - INFO - Content: $CHZ  Dragon8 之后将提出首个代币并购提案
2025-11-28 20:29:46,831 - INFO - --------------------------------------------------
2025-11-28 20:29:46,871 - INFO - Channel: -1002117032512
2025-11-28 20:29:46,871 - INFO - Time: 2024-05-13T10:03:44+00:00
2025-11-28 20:29:46,872 - INFO - Content: $CHZ $ATM  Chiliz 和马德里竞技扩大合作伙伴关系并推出开创性的球迷代币整合

📎https://medium.com/chiliz/chiliz-and-atl%C3%A9tico-de-madrid-expand-their-partnership-and-launch-pioneering-fan-token-integration-4248ae4da0a7
2025-11-28 20:29:46,872 - INFO - --------------------------------------------------
2025-11-28 20:29:46,905 - INFO - Channel: -1002117032512
2025-11-28 20:29:46,906 - INFO - Time: 2024-05-12T04:28:12+00:00
2025-11-28 20:29:46,906 - INFO - Content: $AUCTION  

Bounce Launchpad 将添加 Staking $Auction
2025-11-28 20:29:46,906 - INFO - --------------------------------------------------
2025-11-28 20:29:46,925 - INFO - Channel: -1002117032512
2025-11-28 20:29:46,925 - INFO - Time: 2024-05-09T09:55:32+00:00
2025-11-28 20:29:46,925 - INFO - Content: DWF 回应：我们想澄清的是，最近媒体报道的许多指控都是毫无根据的，并且歪曲了事实

📎https://dwf-labs.com/origin-story
2025-11-28 20:29:46,925 - INFO - --------------------------------------------------
2025-11-28 20:29:46,950 - INFO - Channel: -1002117032512
2025-11-28 20:29:46,950 - INFO - Time: 2024-05-09T09:51:26+00:00
2025-11-28 20:29:46,950 - INFO - Content: 币安的调查人员发现，DWF 操纵了 YGG 和至少六种其他代币的价格，并在 2023 年进行了超过 3 亿美元的虚假交易

📎https://www.wsj.com/finance/currencies/binance-investigation-suspicious-trading-dwf-5f481f9d
2025-11-28 20:29:46,950 - INFO - --------------------------------------------------
2025-11-28 20:29:46,980 - INFO - Channel: -1002117032512
2025-11-28 20:29:46,980 - INFO - Time: 2024-05-09T09:30:30+00:00
2025-11-28 20:29:46,980 - INFO - Content: 消息人士称，币安监控团队发现 DWF Labs 参与市场操纵
2025-11-28 20:29:46,980 - INFO - --------------------------------------------------

Mentioned Currencies:  
Keywords:  [('glm', 0.3875), ('更新', 0.3834), ('下周', 0.2682), ('发布', 0.2503), ('golem', 0.1681), ('项目', 0.1675), ('重大', 0.1385)]
Mentioned Currencies:  
Keywords:  [('ftmsonic', 0.4714), ('000ftm', 0.4066), ('创新', 0.3809), ('sonic', 0.2968), ('加速', 0.2817), ('迁移', 0.255), ('基金', 0.2543), ('高达', 0.1173), ('labs', 0.1127)]
Mentioned Currencies:  Bitcoin
Keywords:  [('德国政府', 0.5193), ('德国联邦', 0.489), ('德国', 0.4653), ('欧元', 0.4279), ('coinbase', 0.3744), ('亿美元', 0.3711), ('乌克兰', 0.3584), ('库存', 0.3293), ('btc', 0.3183), ('地址', 0.3127)]
Mentioned Currencies:  
Keywords:  [('共和党', 0.5471), ('民主党', 0.5298), ('全国代表大会', 0.4775), ('选票', 0.4419), ('政治', 0.4274), ('特朗普', 0.3737), ('邀请', 0.2669), ('威斯康星州', 0.2459), ('或许', 0.2458), ('芝加哥市', 0.2389)]
Mentioned Currencies:  
Keywords:  [('减少', 0.4079), ('供应', 0.351), ('提案', 0.3265), ('jup', 0.2815), ('jupjup', 0.2688), ('提议', 0.2613)]
Mentioned Currencies:  
Keywords:  [('公告', 0.4281), ('发布', 0.4065), ('合作', 0.3462), ('重大', 0.1933), ('turbo', 0.1631)]
Mentioned Currencies:  
Keywords:  [('zro', 0.4636), ('foundation', 0.4436), ('l0', 0.4314), ('layerzero', 0.4227), ('http', 0.4138), ('空投', 0.3393), ('检查', 0.2163)]
Mentioned Currencies:  Shiba Inu
Keywords:  [('memecoin', 0.4966), ('meme', 0.4087), ('doge', 0.4018), ('购买', 0.3935), ('bonk', 0.2733), ('几种', 0.2257), ('degen', 0.2192), ('shib', 0.2175), ('pepe', 0.2085), ('sandbox', 0.1811)]
Mentioned Currencies:  
Keywords:  [('xpayments', 0.4719), ('payments', 0.3769), ('2024', 0.3486), ('支付', 0.3306), ('货币', 0.3284), ('网络', 0.2838), ('牌照', 0.2664), ('国际', 0.2597), ('转账', 0.2516), ('许可', 0.2224)]
Mentioned Currencies:  
Keywords:  [('融资', 0.3978), ('galaxy', 0.3351), ('万美元', 0.2465), ('筹集', 0.2238), ('ventures', 0.2173), ('rezrenzo', 0.182), ('brevan', 0.0909), ('宣布', 0.0803), ('howard', 0.0576), ('来自', 0.0328)]
Mentioned Currencies:  
Keywords:  [('辩论', 0.5085), ('竞选', 0.4684), ('候选人', 0.4362), ('特朗普', 0.417), ('发言', 0.3832), ('讲台', 0.3665), ('麦克风', 0.3275), ('商业广告', 0.306), ('互动', 0.274), ('舞台', 0.237)]
Mentioned Currencies:  
Keywords:  [('版本', 0.5171), ('发布', 0.3263), ('即将', 0.1331)]
Mentioned Currencies:  
Keywords:  [('投票', 0.4278), ('snapshot', 0.3947), ('snt', 0.3947), ('网络', 0.3527), ('首次', 0.3318), ('社区', 0.3039), ('推出', 0.2904), ('查找', 0.274), ('进行', 0.2465), ('质押', 0.2244)]
Mentioned Currencies:  
Keywords:  [('pundix', 0.4253), ('functionx', 0.4065), ('pundixchain', 0.3831), ('重新命名', 0.2597), ('fx', 0.2265), ('发布', 0.2166), ('创始人', 0.2117), ('提案', 0.1993), ('计划', 0.1881), ('合并', 0.1256)]
Mentioned Currencies:  
Keywords:  [('selfchain', 0.5624), ('dwf', 0.3794), ('验证', 0.2712), ('代币', 0.2706), ('节点', 0.2613), ('启动', 0.2539), ('grachev', 0.2497), ('运行', 0.2247), ('质押', 0.2045), ('宣布', 0.191)]
Mentioned Currencies:  
Keywords:  [('selfchain', 0.5047), ('主网', 0.3909), ('slf', 0.3644), ('第二阶段', 0.2557), ('过渡', 0.243), ('代币', 0.2394), ('front', 0.2124), ('更新', 0.1796), ('已经', 0.1429), ('支持', 0.1192)]
Mentioned Currencies:  
Keywords:  [('测试', 0.3697), ('layerzero', 0.345), ('zro', 0.3337), ('发布', 0.2218), ('labs', 0.1437), ('一篇', 0.1299)]
Mentioned Currencies:  
Keywords:  [('2024', 0.4664), ('日期', 0.4278), ('singularitynet', 0.3627), ('修改', 0.2739), ('protocol', 0.2449), ('ocean', 0.207), ('合并', 0.2066), ('宣布', 0.1779), ('代币', 0.1698), ('今天', 0.1237)]
Mentioned Currencies:  
Keywords:  [('小时', 0.4065), ('公告', 0.3797), ('发布', 0.3433), ('wanchain', 0.2847), ('销毁', 0.2352), ('重大', 0.2312), ('疑似', 0.2211), ('wan', 0.2012)]
Mentioned Currencies:  
Keywords:  [('zk', 0.5026), ('跌幅', 0.3521), ('期货', 0.3264), ('小时', 0.2138), ('报价', 0.2005), ('aevo', 0.1921), ('平台', 0.1279), ('接近', 0.0631), ('一个', 0.0619)]
Mentioned Currencies:  
Keywords:  [('zk', 0.5111), ('zksync', 0.4926), ('zksynclite', 0.4374), ('流动资金', 0.3481), ('gitcoin', 0.3177), ('用户', 0.3012), ('交易', 0.3005), ('2024', 0.2835), ('代币', 0.2798), ('00utc', 0.2788)]
Mentioned Currencies:  
Keywords:  [('zk', 0.6858), ('查询', 0.3929), ('开放', 0.3744)]
Mentioned Currencies:  
Keywords:  [('live', 0.9968)]
Mentioned Currencies:  
Keywords:  [('mavia', 0.6435), ('第二阶段', 0.4892), ('即将', 0.4482), ('发生', 0.3938), ('拉开', 0.3488), ('特别', 0.3482), ('事情', 0.3475), ('一些', 0.3282)]
Mentioned Currencies:  
Keywords:  [('governance', 0.457), ('wstake', 0.4449), ('持有者', 0.3376), ('代币', 0.2961), ('开放', 0.2815), ('现已', 0.1186), ('面向', 0.1118)]
Mentioned Currencies:  Bitcoin
Keywords:  [('加密', 0.4678), ('万亿美元', 0.4553), ('基金', 0.4478), ('投资', 0.3315), ('资产', 0.3271), ('代币', 0.3002), ('富兰克林', 0.2304), ('探索', 0.1988), ('公司', 0.1704), ('比特', 0.1227)]
Mentioned Currencies:  
Keywords:  [('sandbox', 0.6206), ('亿美元', 0.3605), ('sandthe', 0.3342), ('融资', 0.291), ('扩大开放', 0.256), ('宇宙', 0.2314), ('创作者', 0.2124), ('经济', 0.1772), ('2000', 0.1754), ('估值', 0.149)]
Mentioned Currencies:  
Keywords:  [('ftmfantomfdn', 0.7078), ('memeseason2024', 0.7063), ('发布', 0.3601)]
Mentioned Currencies:  
Keywords:  [('network', 0.4491), ('第一季', 0.3772), ('maskmask', 0.259), ('推出', 0.2023), ('活动', 0.1973), ('staking', 0.1252)]
Mentioned Currencies:  
Keywords:  [('uni', 0.3753), ('涨幅', 0.3633), ('超过', 0.2542), ('消息', 0.1955), ('影响', 0.1875), ('受此', 0.0861)]
Mentioned Currencies:  
Keywords:  [('瘫痪', 0.4958), ('平台', 0.4663), ('openai', 0.3592), ('ai', 0.352), ('google', 0.3208), ('主要', 0.2631), ('chatgpt', 0.2611), ('anthropic', 0.2486), ('gemini', 0.2354), ('似乎', 0.2337)]
Mentioned Currencies:  
Keywords:  [('uni', 0.6552), ('超级', 0.429), ('准备', 0.4066), ('大事', 0.3995), ('做好', 0.3314)]
Mentioned Currencies:  
Keywords:  [('销毁', 0.3115), ('基金会', 0.3062), ('亿枚', 0.2958), ('astrastr', 0.2651), ('万美元', 0.1656), ('代币', 0.1595), ('提议', 0.1113)]
Mentioned Currencies:  
Keywords:  [('公告', 0.6505), ('发布', 0.6052), ('即将', 0.4484), ('重要', 0.3778), ('floki', 0.3256)]
Mentioned Currencies:  
Keywords:  [('coin', 0.3683), ('meme', 0.3302), ('dwf', 0.2908), ('投资', 0.2788), ('万美元', 0.2763), ('ladysmilady', 0.1903), ('宣布', 0.0417), ('labs', 0.0237), ('获得', -0.0037)]
Mentioned Currencies:  Uniswap
Keywords:  [('uni', 0.414), ('投票', 0.3885), ('推迟', 0.3536), ('uniswap', 0.3428), ('提案', 0.2967), ('基金会', 0.2482), ('计划', 0.2351), ('费用', 0.2049), ('委托', 0.1664), ('代币', 0.1537)]
Mentioned Currencies:  
Keywords:  [('coinbase', 0.456), ('coin', 0.4322), ('交易', 0.2553), ('enj', 0.1532), ('暂停', 0.1455), ('enjin', 0.1195)]
Mentioned Currencies:  Bitcoin
Keywords:  [('bitcoin', 0.6215), ('黑客攻击', 0.4943), ('亿美元', 0.3321), ('日本', 0.2979), ('被盗', 0.2767), ('dmm', 0.1859), ('日经', 0.1847), ('交易所', 0.1494), ('新闻', 0.138), ('平台', 0.1328)]
Mentioned Currencies:  
Keywords:  [('twt', 0.7772)]
Mentioned Currencies:  Bitcoin
Keywords:  [('binance', 0.4605), ('未来', 0.3668), ('发布', 0.2915), ('扩容', 0.2601), ('比特', 0.2546), ('research', 0.2535)]
Mentioned Currencies:  Polygon (prev.MATIC)
Keywords:  [('zk', 0.5428), ('zkj', 0.4846), ('zksync', 0.4523), ('商标', 0.2681), ('技术', 0.2528), ('starkware', 0.2487), ('公共', 0.24), ('matter', 0.2346), ('polygon', 0.2222), ('名称', 0.2179)]
Mentioned Currencies:  
Keywords:  [('经济学', 0.5917), ('代币', 0.5527), ('公平', 0.4676), ('创世纪', 0.3953), ('tokenomics', 0.3832), ('发布', 0.3487), ('ao', 0.3456), ('时间', 0.3353), ('美国', 0.3242), ('ar', 0.3116)]
Mentioned Currencies:  
Keywords:  [('投资', 0.3175), ('战略', 0.1922), ('arpa', 0.184), ('扩大', 0.1692), ('供应', 0.1367), ('产品', 0.1327), ('游戏', 0.1285), ('加密', 0.1251), ('全链', 0.0955), ('ai', 0.0757)]2025-11-28 20:29:47,005 - INFO - Channel: -1002117032512
2025-11-28 20:29:47,005 - INFO - Time: 2024-05-09T08:00:45+00:00
2025-11-28 20:29:47,005 - INFO - Content: $CHZ  SBI Digital Asset Holdings 和 Chiliz 计划建立合资伙伴关系

📎https://medium.com/chiliz/sbi-digital-asset-holdings-and-chiliz-plan-to-forge-joint-venture-partnership-to-bring-leading-2ac5a0368b22
2025-11-28 20:29:47,005 - INFO - --------------------------------------------------
2025-11-28 20:29:47,032 - INFO - Channel: -1002117032512
2025-11-28 20:29:47,032 - INFO - Time: 2024-05-09T07:00:49+00:00
2025-11-28 20:29:47,032 - INFO - Content: $LEVER 接下来的几周内将分享更多有关基于 OmniZK 构建的激动人心的项目
2025-11-28 20:29:47,032 - INFO - --------------------------------------------------
2025-11-28 20:29:47,057 - INFO - Channel: -1002117032512
2025-11-28 20:29:47,057 - INFO - Time: 2024-05-09T01:12:05+00:00
2025-11-28 20:29:47,057 - INFO - Content: $GLMR 新阶段开始——2024 年 5 月 20 日
2025-11-28 20:29:47,057 - INFO - --------------------------------------------------
2025-11-28 20:29:47,082 - INFO - Channel: -1002117032512
2025-11-28 20:29:47,082 - INFO - Time: 2024-05-09T00:53:24+00:00
2025-11-28 20:29:47,082 - INFO - Content: WatcherGuru ：特朗普表示，他将停止美国对加密货币的敌意并接受它。
2025-11-28 20:29:47,082 - INFO - --------------------------------------------------
2025-11-28 20:29:47,107 - INFO - Channel: -1002117032512
2025-11-28 20:29:47,108 - INFO - Time: 2024-05-08T09:48:25+00:00
2025-11-28 20:29:47,108 - INFO - Content: $SOL  

FTX 资产本周将出售第三批锁定的 Solana

总量4100万 $SOL ，第一批三月份以每枚 64 美元的价格出售17亿美元，第二批四月份以95 美元及以上的出价通过，当时SOL的价格已经150 美元，第三批定于5月9日举行

📎https://www.theblock.co/post/293099/ftx-estates-auction-for-third-tranche-of-locked-solana-gets-underway?utm_source=twitter&utm_medium=social
2025-11-28 20:29:47,108 - INFO - --------------------------------------------------
2025-11-28 20:29:47,165 - INFO - Channel: -1002117032512
2025-11-28 20:29:47,165 - INFO - Time: 2024-05-07T14:09:06+00:00
2025-11-28 20:29:47,165 - INFO - Content: $ERN   推出 Ethernity Chain，是增强型 AI 驱动安全性的 ETH Layer 2
2025-11-28 20:29:47,165 - INFO - --------------------------------------------------
2025-11-28 20:29:47,192 - INFO - Channel: -1002117032512
2025-11-28 20:29:47,192 - INFO - Time: 2024-05-07T04:36:45+00:00
2025-11-28 20:29:47,192 - INFO - Content: $QKC  QuarkChain 已成功从Optimism获得两笔资助
2025-11-28 20:29:47,192 - INFO - --------------------------------------------------
2025-11-28 20:29:47,218 - INFO - Channel: -1002117032512
2025-11-28 20:29:47,218 - INFO - Time: 2024-05-04T11:35:28+00:00
2025-11-28 20:29:47,218 - INFO - Content: $DOGE  特斯拉更新付款方式包括 DOGECOIN

📎https://www.tesla.com/support/shop/payment-checkout
2025-11-28 20:29:47,218 - INFO - --------------------------------------------------
2025-11-28 20:29:47,249 - INFO - Channel: -1002117032512
2025-11-28 20:29:47,249 - INFO - Time: 2024-05-02T12:30:43+00:00
2025-11-28 20:29:47,249 - INFO - Content: $FLOKI   5月27日发布重要公告
2025-11-28 20:29:47,249 - INFO - --------------------------------------------------
2025-11-28 20:29:47,275 - INFO - Channel: -1002117032512
2025-11-28 20:29:47,275 - INFO - Time: 2024-04-30T14:53:16+00:00
2025-11-28 20:29:47,275 - INFO - Content: $CHZ  Dragong8 硬分叉正式日期定于5月 21日，代表届时将上线CHZ 代币经济学 2.0

📎CHZ 2.0 https://docs.chiliz.com/learn/about-chiliz-chain/tokenomics
2025-11-28 20:29:47,275 - INFO - --------------------------------------------------
2025-11-28 20:29:47,306 - INFO - Channel: -1002117032512
2025-11-28 20:29:47,306 - INFO - Time: 2024-04-30T02:04:01+00:00
2025-11-28 20:29:47,306 - INFO - Content: $KLAY  kaia 将于六月底推出，下一步进行品牌重塑和双边代币互换计划，以及将交易所列出的 $KLAY 和 $FNSA 更新为 $KAIA

📎https://klaytn.foundation/say-hello-to-kaia/
2025-11-28 20:29:47,306 - INFO - --------------------------------------------------
2025-11-28 20:29:47,340 - INFO - Channel: -1002117032512
2025-11-28 20:29:47,340 - INFO - Time: 2024-04-30T01:48:35+00:00
2025-11-28 20:29:47,340 - INFO - Content: $KLAY   Klayton和Fincia合并的新品牌名为 KAIA
2025-11-28 20:29:47,340 - INFO - --------------------------------------------------
2025-11-28 20:29:47,363 - INFO - Channel: -1002117032512
2025-11-28 20:29:47,363 - INFO - Time: 2024-04-29T13:24:07+00:00
2025-11-28 20:29:47,363 - INFO - Content: ZachXBT ：2020 年至 2023 年期间 Lazarus Group 如何通过 25 次以上的加密货币黑客攻击将 2 亿美元洗钱为法定货币

📎https://zachxbt.mirror.xyz/B0-UJtxN41cJhpPtKv0v2LZ8u-0PwZ4ecMPEdX4l8vE
2025-11-28 20:29:47,363 - INFO - --------------------------------------------------
2025-11-28 20:29:47,389 - INFO - Channel: -1002117032512
2025-11-28 20:29:47,390 - INFO - Time: 2024-04-29T13:04:26+00:00
2025-11-28 20:29:47,390 - INFO - Content: $ETH  SEC 主席 Gensler 认为以太坊作为证券至少一年了  《福克斯商业》报道

📎https://www.foxbusiness.com/markets/new-court-filings-show-sec-chair-gensler-believed-ethereum-was-security-for-at-least-year
2025-11-28 20:29:47,390 - INFO - --------------------------------------------------
2025-11-28 20:29:47,413 - INFO - Channel: -1002117032512
2025-11-28 20:29:47,413 - INFO - Time: 2024-04-25T11:14:42+00:00
2025-11-28 20:29:47,413 - INFO - Content: $WLD Worldcoin 计划与包括 OpenAI 在内的一些科技巨头合作（彭博社）

📎https://www.bloomberg.com/news/articles/2024-04-25/eyeball-scanning-worldcoin-project-looks-to-openai-partnership
2025-11-28 20:29:47,413 - INFO - --------------------------------------------------
2025-11-28 20:29:47,439 - INFO - Channel: -1002117032512
2025-11-28 20:29:47,439 - INFO - Time: 2024-04-22T06:47:49+00:00
2025-11-28 20:29:47,439 - INFO - Content: $ONT Ontology 资助 1000 万美元用于去中心化身份创新

📎https://medium.com/ontologynetwork/ontologys-10-million-boost-for-decentralized-identity-innovation-884b5936f67c
2025-11-28 20:29:47,439 - INFO - --------------------------------------------------
2025-11-28 20:29:47,465 - INFO - Channel: -1002117032512
2025-11-28 20:29:47,465 - INFO - Time: 2024-04-22T05:51:13+00:00
2025-11-28 20:29:47,465 - INFO - Content: $AEVO  将发布Pre-launch
2025-11-28 20:29:47,465 - INFO - --------------------------------------------------
2025-11-28 20:29:47,490 - INFO - Channel: -1002117032512
2025-11-28 20:29:47,490 - INFO - Time: 2024-04-19T10:30:23+00:00
2025-11-28 20:29:47,490 - INFO - Content: $TON   Tether在$TON网络上增加了对 $USDT 的支持
2025-11-28 20:29:47,490 - INFO - --------------------------------------------------
2025-11-28 20:29:47,516 - INFO - Channel: -1002117032512
2025-11-28 20:29:47,516 - INFO - Time: 2024-04-19T09:47:44+00:00
2025-11-28 20:29:47,516 - INFO - Content: $TON  两小时后 Telegram 钱包即将推出一种新的加密货币转账方式，就像发送消息一样简单

📎https://ton.org/borderless
2025-11-28 20:29:47,516 - INFO - --------------------------------------------------
2025-11-28 20:29:47,546 - INFO - Channel: -1002117032512
2025-11-28 20:29:47,546 - INFO - Time: 2024-04-19T09:27:31+00:00
2025-11-28 20:29:47,546 - INFO - Content: 拜登考虑向以色列提供超过 10 亿美元的新武器：华尔街日报✍️
2025-11-28 20:29:47,546 - INFO - --------------------------------------------------
2025-11-28 20:29:47,574 - INFO - Channel: -1002117032512
2025-11-28 20:29:47,574 - INFO - Time: 2024-04-19T08:01:12+00:00
2025-11-28 20:29:47,574 - INFO - Content: $KLAY：DWF Labs 引领亚洲最大综合链生态系统的发展    DWF Labs 将购买 500 万美元 KLAY

📎https://klaytn.foundation/dwf-labs-leads-the-growth-of-asias-largest-integrated-chain-ecosystem/
2025-11-28 20:29:47,574 - INFO - --------------------------------------------------
2025-11-28 20:29:47,602 - INFO - Channel: -1002117032512
2025-11-28 20:29:47,602 - INFO - Time: 2024-04-18T08:30:51+00:00
2025-11-28 20:29:47,602 - INFO - Content: Binance推出 Megadrop：具有空投和 Web3 任务的代币发行平台

📎https://www.binance.com/en/support/announcement/binance-launches-megadrop-a-token-launch-platform-with-airdrops-and-web3-quests-748b7181f5d14d6fb2add4048374d646
2025-11-28 20:29:47,602 - INFO - --------------------------------------------------
2025-11-28 20:29:47,630 - INFO - Channel: -1002117032512
2025-11-28 20:29:47,630 - INFO - Time: 2024-04-18T06:00:26+00:00
2025-11-28 20:29:47,630 - INFO - Content: Bithumb [终止交易支持] 终止对桑托斯足球俱乐部（SANTOS）、波尔图足球俱乐部（PORTO）、拉齐奥足球俱乐部（LAZIO）的交易支持

📎https://feed.bithumb.com/notice/1644713
2025-11-28 20:29:47,630 - INFO - --------------------------------------------------
2025-11-28 20:29:47,662 - INFO - Channel: -1002117032512
2025-11-28 20:29:47,662 - INFO - Time: 2024-04-18T00:56:53+00:00
2025-11-28 20:29:47,662 - INFO - Content: $WRX 市场消息：币安准备支付约200万美元罚款，计划重返印度(金十数据APP)
2025-11-28 20:29:47,662 - INFO - --------------------------------------------------
2025-11-28 20:29:47,691 - INFO - Channel: -1002117032512
2025-11-28 20:29:47,691 - INFO - Time: 2024-04-17T15:00:34+00:00
2025-11-28 20:29:47,691 - INFO - Content: Zignaly 在 Cosmos 上推出了 ZIGChain，并宣布设立 1 亿美元基金

📎https://www.coindesk.com/business/2024/04/17/zignaly-announces-cosmos-based-zigchain-100m-ecosystem-fund/
2025-11-28 20:29:47,691 - INFO - --------------------------------------------------
2025-11-28 20:29:47,716 - INFO - Channel: -1002117032512
2025-11-28 20:29:47,716 - INFO - Time: 2024-04-17T14:58:33+00:00
2025-11-28 20:29:47,716 - INFO - Content: $WLD World Chain 预计将于今年夏天晚些时候推出

📎https://worldcoin.org/blog/announcements/introducing-world-chain
2025-11-28 20:29:47,716 - INFO - --------------------------------------------------
2025-11-28 20:29:47,743 - INFO - Channel: -1002117032512
2025-11-28 20:29:47,743 - INFO - Time: 2024-04-17T14:55:50+00:00
2025-11-28 20:29:47,743 - INFO - Content: $ONT 本体发起 1000 万美元计划，推动去中心化身份创新和采用

📎https://chainwire.org/2024/04/17/ontology-launches-10-million-initiative-to-fuel-decentralized-identity-innovation-and-adoption/
2025-11-28 20:29:47,743 - INFO - --------------------------------------------------
2025-11-28 20:29:47,769 - INFO - Channel: -1002117032512
2025-11-28 20:29:47,769 - INFO - Time: 2024-04-17T12:44:23+00:00
2025-11-28 20:29:47,769 - INFO - Content: $CHZ  明天宣布一项公告
2025-11-28 20:29:47,769 - INFO - --------------------------------------------------
2025-11-28 20:29:47,794 - INFO - Channel: -1002117032512
2025-11-28 20:29:47,794 - INFO - Time: 2024-04-17T11:04:33+00:00
2025-11-28 20:29:47,794 - INFO - Content: 根据特斯拉发布的声明，埃隆马斯克无视董事会的某些指令，在董事会批准比特币后单方面阻止特斯拉接受比特币。

📎https://www.sec.gov/Archives/edgar/data/1318605/000110465924048040/tm2326076d13_pre14a.htm
2025-11-28 20:29:47,794 - INFO - --------------------------------------------------
2025-11-28 20:29:47,848 - INFO - Channel: -1002117032512
2025-11-28 20:29:47,848 - INFO - Time: 2024-04-16T14:02:55+00:00
2025-11-28 20:29:47,848 - INFO - Content: $FET 人工智能超级智能联盟代币合并获批！ ASI 将于 5 月 24 日发布

📎https://fetch.ai/blog/artificial-superintelligence-alliance-token-merger-approved-asi-launch-set-may-24
2025-11-28 20:29:47,848 - INFO - --------------------------------------------------
2025-11-28 20:29:47,869 - INFO - Channel: -1002117032512
2025-11-28 20:29:47,869 - INFO - Time: 2024-04-16T13:57:45+00:00
2025-11-28 20:29:47,869 - INFO - Content: $MEME  介绍Stakeland 上的首要项目！ 通过完成任务或质押$MEME 或两者兼而有之来耕种符文币！
2025-11-28 20:29:47,869 - INFO - --------------------------------------------------
2025-11-28 20:29:47,893 - INFO - Channel: -1002117032512
2025-11-28 20:29:47,893 - INFO - Time: 2024-04-16T12:45:17+00:00
2025-11-28 20:29:47,893 - INFO - Content: 以色列军队发言人：不可能不对伊朗的袭击作出回应，我们将在适当的时间和地点采取行动
2025-11-28 20:29:47,893 - INFO - --------------------------------------------------
2025-11-28 20:29:47,919 - INFO - Channel: -1002117032512
2025-11-28 20:29:47,919 - INFO - Time: 2024-04-15T12:48:56+00:00
2025-11-28 20:29:47,919 - INFO - Content: $VANRY  4 月 16 日讨论与 Google - Gen #AI合作的下一步发展。
2025-11-28 20:29:47,919 - INFO - --------------------------------------------------
2025-11-28 20:29:47,942 - INFO - Channel: -1002117032512
2025-11-28 20:29:47,942 - INFO - Time: 2024-04-15T12:26:58+00:00
2025-11-28 20:29:47,942 - INFO - Content: $RAIL 

V神在谈论Railgun后 $RAIL 涨幅超过80%
2025-11-28 20:29:47,942 - INFO - --------------------------------------------------
2025-11-28 20:29:47,967 - INFO - Channel: -1002117032512
2025-11-28 20:29:47,967 - INFO - Time: 2024-04-15T12:15:44+00:00
2025-11-28 20:29:47,967 - INFO - Content: $RAIL V神谈论关于Railgun

📎 https://x.com/VitalikButerin/status/1779845886224253369
2025-11-28 20:29:47,967 - INFO - --------------------------------------------------
2025-11-28 20:29:47,999 - INFO - Channel: -1002117032512
2025-11-28 20:29:47,999 - INFO - Time: 2024-04-15T11:00:23+00:00
2025-11-28 20:29:47,999 - INFO - Content: $GMT 阿迪达斯与加密健身应用 Stepn 合作，NFT 和商品均即将推出

📎https://www.theblock.co/post/288220/adidas-partners-with-crypto-fitness-app-stepn-both-nfts-and-merch-coming
2025-11-28 20:29:47,999 - INFO - --------------------------------------------------
2025-11-28 20:29:48,028 - INFO - Channel: -1002117032512
2025-11-28 20:29:48,028 - INFO - Time: 2024-04-15T10:18:29+00:00
2025-11-28 20:29:48,028 - INFO - Content: 以色列军方发言人：将继续对抗伊朗在该地区部署的武器
2025-11-28 20:29:48,028 - INFO - --------------------------------------------------
2025-11-28 20:29:48,055 - INFO - Channel: -1002117032512
2025-11-28 20:29:48,055 - INFO - Time: 2024-04-13T14:51:28+00:00
2025-11-28 20:29:48,055 - INFO - Content: **大暴跌抄底没方向？📕 速览本月剩余大事件✍️**

4.15 香港预计通过比特币和以太坊现货 ETF $CFX
4.15 Stepn 发布重要公告 $GMT 
4.15 Solana 计划修复交易问题 $SOL
4.15 Stacks Nakamoto升级开始 $STX
4.15 Ankr 预计将在 stability world Al活动上发布公告 $ANKR
4.16 ETHERNITY 品牌重塑 $ERN
4.16 MANTRAChain 发布重要公告 $OM
4.16 Vanarchain 将发布有关 Google Cloud 的公告 $VANRY
4..17 Binance 上线Omni Network  $OMNI
4.17 Jupiter LFG 第 2 轮投票 $JUP
4.18 Coinbase 上市1000PEPE-PERP 期货市场 $PEPE
4.20 Bitcoin 减半 $BTC
4.20 Dogecoin 狗狗日DogeDay $DOGE
4.22 Magic 推出测试网 $MAGIC
4.23 Galxe 推出代币新实用程序 $GAL
4.30 Eos 本月底前发布新的代币经济学，涉及重大销毁 $EOS
4.30 Jasmy 锁仓1亿枚 $JASMY
4.30 Aergo 更新白皮书 $AERGO
4.30 Klayton 与Fincia 合并的新品牌揭晓 $KLAY
4.30 Dusk 上线主网 $DUSK
2025-11-28 20:29:48,055 - INFO - --------------------------------------------------
2025-11-28 20:29:48,145 - INFO - Channel: -1002117032512
2025-11-28 20:29:48,145 - INFO - Time: 2024-04-12T14:14:29+00:00
2025-11-28 20:29:48,145 - INFO - Content: $GMT  4月15日发布重要公告
2025-11-28 20:29:48,145 - INFO - --------------------------------------------------
2025-11-28 20:29:48,225 - INFO - Channel: -1002117032512
2025-11-28 20:29:48,225 - INFO - Time: 2024-04-12T05:08:03+00:00
2025-11-28 20:29:48,225 - INFO - Content: $AUCTION 🌟全新产品💡更多$AUCTION用例
2025-11-28 20:29:48,225 - INFO - --------------------------------------------------

Mentioned Currencies:  
Keywords:  [('pertsev', 0.4028), ('捐赠', 0.3821), ('free', 0.3604), ('cash', 0.3421), ('地址', 0.3278), ('juicebox', 0.3182), ('alexey', 0.3172), ('价值', 0.2831), ('roman', 0.2582), ('开发人员', 0.2552)]
Mentioned Currencies:  
Keywords:  [('powrpowerledger', 0.4146), ('google', 0.3713), ('合作伙伴', 0.3296), ('cloud', 0.2941), ('优势', 0.1947), ('荣获', 0.1153), ('发展', 0.1105), ('计划', 0.0977), ('称号', 0.0637), ('持续', -0.0051)]
Mentioned Currencies:  
Keywords:  [('web3', 0.6024), ('galxe', 0.3739), ('欢迎会', 0.3625), ('举办', 0.3583), ('circle', 0.3531), ('galforbes', 0.3495), ('合作', 0.3044), ('takeover', 0.1906)]
Mentioned Currencies:  
Keywords:  [('sales', 0.4228), ('brands', 0.4139), ('购买', 0.3316), ('增加', 0.244), ('private', 0.2369), ('gc', 0.1811), ('klay', 0.0882), ('计划', 0.0328), ('万个', -0.0179), ('klayanimoca', -0.0436)]
Mentioned Currencies:  
Keywords:  [('akash', 0.5205), ('aktakash', 0.4388), ('network', 0.3758), ('一键', 0.3207), ('nvidia', 0.3051), ('ai', 0.2789), ('创始人', 0.26), ('developer', 0.2467), ('现在', 0.1689), ('进入', 0.1532)]
Mentioned Currencies:  XRP
Keywords:  [('beoble', 0.4589), ('资金', 0.4365), ('bbl', 0.3831), ('支持', 0.3305), ('ripple', 0.2104), ('获得', 0.1833)]
Mentioned Currencies:  
Keywords:  [('扩展', 0.3271), ('l2', 0.2897), ('服务', 0.2251), ('ens', 0.1651), ('提议', 0.149), ('名称', 0.1193), ('labs', 0.0258), ('以太', -0.0694)]
Mentioned Currencies:  
Keywords:  [('公告', 0.512), ('发布', 0.4489), ('晚上', 0.4184), ('明天', 0.4044), ('cdt', 0.3894), ('时间', 0.3448), ('重大', 0.3305), ('gal', 0.3143)]
Mentioned Currencies:  
Keywords:  [('亿美元', 0.5283), ('融资', 0.5188), ('金额', 0.4461), ('公司', 0.2706), ('ai', 0.2629), ('官宣在', 0.1487), ('xai', 0.0911)]
Mentioned Currencies:  
Keywords:  [('bsw', 0.4891), ('通货紧缩', 0.4598), ('biswap', 0.4107), ('转变', 0.3356), ('路线图', 0.3354), ('模型', 0.3047), ('收入', 0.3043), ('计划', 0.2929), ('模式', 0.2856), ('分享', 0.2741)]
Mentioned Currencies:  
Keywords:  [('主网', 0.4616), ('代币', 0.3258), ('发布', 0.2962), ('chain', 0.2793), ('front', 0.243), ('后面', 0.2421), ('将会', 0.1934), ('涉及', 0.147), ('质押', 0.1304), ('迁移', 0.114)]
Mentioned Currencies:  
Keywords:  [('加密', 0.5122), ('证券交易', 0.404), ('骗局', 0.3556), ('仲裁员', 0.342), ('sec', 0.3282), ('市场', 0.3061), ('证券', 0.2992), ('法庭', 0.2746), ('委员会', 0.273), ('货币', 0.2458)]
Mentioned Currencies:  
Keywords:  [('stepn', 0.438), ('gmt', 0.3798), ('stepngo', 0.2988), ('ggt', 0.2727), ('健身', 0.269), ('app', 0.2418), ('发行', 0.198), ('社交', 0.1719), ('代币', 0.1584), ('推出', 0.1568)]
Mentioned Currencies:  
Keywords:  [('基金', 0.3558), ('开发者', 0.2929), ('万美元', 0.2149), ('筹集', 0.2109), ('omnizk', 0.1651), ('lever', -0.0787)]
Mentioned Currencies:  
Keywords:  [('brands', 0.5), ('公开市场', 0.4594), ('购买', 0.3831), ('代币', 0.2982), ('额外', 0.2262), ('eduanimoca', 0.1122)]
Mentioned Currencies:  
Keywords:  [('bake', 0.4802), ('fdv', 0.3416), ('项目', 0.3386), ('计划', 0.2957), ('公平', 0.1971), ('一些', 0.1597), ('推出', 0.1345)]
Mentioned Currencies:  
Keywords:  [('交易', 0.3851), ('信息', 0.3571), ('时间差', 0.3297), ('牛市', 0.2834), ('ens', 0.2381), ('影响', 0.2319)]
Mentioned Currencies:  
Keywords:  [('ens', 0.4209), ('正在', 0.381)]
Mentioned Currencies:  
Keywords:  [('非金融', 0.4691), ('成功', 0.3836), ('应用', 0.3427), ('ens', 0.3186), ('神说', 0.1102)]
Mentioned Currencies:  Polygon (prev.MATIC)
Keywords:  [('大象', 0.5525), ('创始人', 0.487), ('sandeep', 0.4617), ('创始', 0.4432), ('宠物', 0.402), ('ghangas', 0.3381), ('elecoinxyz', 0.3141), ('公司', 0.313), ('名为', 0.3099), ('主题', 0.2957)]
Mentioned Currencies:  
Keywords:  [('颜色', 0.5179), ('network', 0.4429), ('背景', 0.4269), ('看上去', 0.2693), ('像是', 0.2675), ('一致', 0.2139), ('即将', 0.1819), ('mode', 0.158), ('支持', 0.1108)]
Mentioned Currencies:  
Keywords:  [('knc', 0.4776), ('chain', 0.3422), ('发布', 0.199), ('即将', 0.1148), ('疑似', 0.0883)]
Mentioned Currencies:  
Keywords:  [('资金', 0.3343), ('dao', 0.2794), ('gno', 0.2661), ('gnosis', 0.2608), ('提案', 0.2448), ('计划', 0.2434), ('部署', 0.2206), ('万美元', 0.2174), ('发布', 0.2095), ('回购', 0.2017)]
Mentioned Currencies:  
Keywords:  [('相信', 0.4296), ('仍然', 0.4211), ('acc', 0.3465), ('回复', 0.3171)]
Mentioned Currencies:  
Keywords:  [('sonic', 0.3924), ('network', 0.349), ('基金会', 0.3347), ('连接', 0.3295), ('fantom', 0.325), ('层链', 0.3222), ('数亿', 0.3168), ('ftm', 0.3152), ('代币', 0.2984), ('提案', 0.2514)]
Mentioned Currencies:  
Keywords:  [('女巫', 0.3979), ('sybil', 0.3332), ('报告', 0.2926), ('地址', 0.254), ('结束', 0.2209), ('潜在', 0.2139), ('自我', 0.2134), ('阶段', 0.1964), ('确定', 0.1933), ('现已', 0.1926)]
Mentioned Currencies:  Toncoin
Keywords:  [('notcoin', 0.5642), ('telegram', 0.5248), ('创始人', 0.2211), ('领头羊', 0.2094), ('rove', 0.1796), ('程序', 0.1754), ('du', 0.1745), ('ton', 0.1587)]
Mentioned Currencies:  
关键词提取失败: empty vocabulary; perhaps the documents only contain stop words
Keywords:  []
Mentioned Currencies:  
Keywords:  [('stx', 0.7987)]
Mentioned Currencies:  
Keywords:  [('stx', 0.6901), ('投资', 0.4805), ('stxupbit', 0.4355), ('需谨慎', 0.241), ('通知', 0.2398)]
Mentioned Currencies:  
Keywords:  [('wld', 0.592), ('供应', 0.4968), ('流通', 0.4515), ('更新', 0.3972)]
Mentioned Currencies:  
Keywords:  [('frontselfchain', 0.534), ('主网', 0.3923), ('六月', 0.3827), ('slf', 0.2418), ('front', 0.2246), ('启动', 0.2173), ('计划', 0.1752), ('进行', 0.128), ('转换', 0.0769), ('意味着', 0.052)]
Mentioned Currencies:  
Keywords:  [('通货膨胀率', 0.4873), ('加息', 0.474), ('利率', 0.471), ('通胀', 0.4674), ('政策', 0.4351), ('更长', 0.4032), ('美联储', 0.394), ('限制性', 0.3752), ('时间', 0.3572), ('足够', 0.3558)]
Mentioned Currencies:  
Keywords:  [('投资者', 0.4828), ('polymarket', 0.4698), ('fund', 0.309), ('筹集', 0.1519), ('founders', 0.141), ('thiel', 0.1142), ('万美元', 0.1084), ('peter', 0.088), ('vitalikbuterin', 0.029), ('包括', 0.0176)]
Mentioned Currencies:  
Keywords:  [('2024', 0.4814), ('v2', 0.3621), ('dao', 0.3557), ('beta', 0.3436), ('发布', 0.25), ('troy', 0.0703)]
Mentioned Currencies:  
Keywords:  [('zuzalu', 0.7562), ('提到', 0.4664)]
Mentioned Currencies:  
Keywords:  [('astrastarnetwork', 0.5767), ('创始人', 0.3863), ('实验室', 0.2547), ('公司', 0.184), ('董事', 0.1801), ('索尼', 0.1746), ('startale', 0.1509), ('合资', 0.0738), ('成为', 0.0601), ('正式', -0.0232)]
Mentioned Currencies:  
Keywords:  [('兑换', 0.3578), ('00utc', 0.353), ('aevo', 0.3368), ('rbn', 0.331), ('持有者', 0.2536), ('上线', 0.2446), ('ui', 0.2351), ('转换', 0.2317), ('所有', 0.1965)]
Mentioned Currencies:  
Keywords:  [('chzdragon8', 0.5153), ('提案', 0.4081), ('代币', 0.382), ('并购', 0.3376), ('首个', 0.2766), ('之后', 0.232), ('提出', 0.2234)]
Mentioned Currencies:  
Keywords:  [('马德里', 0.4818), ('球迷', 0.3558), ('整合', 0.3228), ('合作伙伴', 0.3107), ('代币', 0.2809), ('竞技', 0.2785), ('扩大', 0.2576), ('chz', 0.2151), ('atmchiliz', 0.1882), ('关系', 0.1801)]
Mentioned Currencies:  
Keywords:  [('auction', 0.6158), ('bounce', 0.5281), ('launchpad', 0.4193), ('添加', 0.31), ('staking', 0.2628)]
Mentioned Currencies:  
Keywords:  [('媒体报道', 0.5508), ('指控', 0.4516), ('歪曲', 0.3933), ('事实', 0.3756), ('dwf', 0.2989), ('澄清', 0.2443), ('毫无根据', 0.2408), ('最近', 0.2394), ('回应', 0.2185), ('许多', 0.1845)]
Mentioned Currencies:  
Keywords:  [('亿美元', 0.4656), ('价格', 0.3814), ('dwf', 0.3531), ('代币', 0.341), ('虚假', 0.273), ('交易', 0.2691), ('2023', 0.2257), ('操纵', 0.2151), ('币安', 0.2128), ('发现', 0.1765)]
Mentioned Currencies: 2025-11-28 20:29:48,271 - INFO - Channel: -1002117032512
2025-11-28 20:29:48,272 - INFO - Time: 2024-04-12T02:59:13+00:00
2025-11-28 20:29:48,272 - INFO - Content: $HIGH  Highstreet推出游戏公链 Gudchain，下个月发布首个Fair Launch并支持质押 $HIGH

📎https://gudchain.com/
2025-11-28 20:29:48,272 - INFO - --------------------------------------------------
2025-11-28 20:29:48,337 - INFO - Channel: -1002117032512
2025-11-28 20:29:48,337 - INFO - Time: 2024-04-12T00:38:17+00:00
2025-11-28 20:29:48,337 - INFO - Content: $Ondo  六小时前 BlackRock 管理一亿美元余额的 BUIDL Fund 钱包向 @OndoFinance 发送25万USDC

📎https://platform.arkhamintelligence.com/explorer/address/0x13e003a57432062e4EdA204F687bE80139AD622f
2025-11-28 20:29:48,337 - INFO - --------------------------------------------------
2025-11-28 20:29:48,407 - INFO - Channel: -1002117032512
2025-11-28 20:29:48,407 - INFO - Time: 2024-04-11T14:00:50+00:00
2025-11-28 20:29:48,407 - INFO - Content: $GFT   Gifto与TON集成并将 GFT 代币桥接到 TON 网络，将在 Telegram 上为我们的礼品产品开发一款迷你应用程序
2025-11-28 20:29:48,407 - INFO - --------------------------------------------------
2025-11-28 20:29:48,440 - INFO - Channel: -1002117032512
2025-11-28 20:29:48,441 - INFO - Time: 2024-04-11T13:14:50+00:00
2025-11-28 20:29:48,441 - INFO - Content: $FLOW   SEC 调查 NBA Top Shot 开发商 Dapper Labs 于 9 月结案

📎https://fortune.com/crypto/2024/04/11/sec-dapper-labs-investigation-case-closed-september-2023-roham-gharegozlou/
2025-11-28 20:29:48,441 - INFO - --------------------------------------------------
2025-11-28 20:29:48,467 - INFO - Channel: -1002117032512
2025-11-28 20:29:48,468 - INFO - Time: 2024-04-11T13:02:09+00:00
2025-11-28 20:29:48,468 - INFO - Content: $AR  Tate Berenbaum 斥资 3500 万美元为 Arweave 成立"AO Ventures”.

📎https://www.coindesk.com/tech/2024/04/11/protocol-village/?utm_content=editorial&utm_term=organic&utm_campaign=coindesk_main&utm_source=twitter&utm_medium=social
2025-11-28 20:29:48,468 - INFO - --------------------------------------------------
2025-11-28 20:29:48,512 - INFO - Channel: -1002117032512
2025-11-28 20:29:48,512 - INFO - Time: 2024-04-11T12:39:16+00:00
2025-11-28 20:29:48,512 - INFO - Content: Coinbase Derivatives 已成功推出比特币现金和莱特币期货合约，并准备在本月晚些时候推出狗狗币期货

📎 https://www.coinbase.com/blog/coinbase-derivatives-has-successfully-launched-bitcoin-cash-and-litecoin
2025-11-28 20:29:48,512 - INFO - --------------------------------------------------
2025-11-28 20:29:48,541 - INFO - Channel: -1002117032512
2025-11-28 20:29:48,541 - INFO - Time: 2024-04-11T10:00:55+00:00
2025-11-28 20:29:48,541 - INFO - Content: $ROSE  正在加载：品牌更新...
2025-11-28 20:29:48,541 - INFO - --------------------------------------------------
2025-11-28 20:29:48,568 - INFO - Channel: -1002117032512
2025-11-28 20:29:48,568 - INFO - Time: 2024-04-11T09:00:27+00:00
2025-11-28 20:29:48,568 - INFO - Content: BNB：币安实验室投资BounceBit以支持比特币重新抵押和 CeDeFi 创新 $AUCTION

📎https://www.binance.com/en/blog/ecosystem/binance-labs-invests-in-bouncebit-to--support-bitcoin-restaking-and-cedefi-innovations-1590042846148031642
2025-11-28 20:29:48,568 - INFO - --------------------------------------------------
2025-11-28 20:29:48,596 - INFO - Channel: -1002117032512
2025-11-28 20:29:48,596 - INFO - Time: 2024-04-11T08:06:32+00:00
2025-11-28 20:29:48,596 - INFO - Content: $CHZ  OKX与Chiliz合作作为新的验证者

📎https://medium.com/chiliz/okx-collaborates-with-chiliz-as-a-new-validator-bolstering-blockchain-innovation-in-the-sports-b64b3edd6784
2025-11-28 20:29:48,596 - INFO - --------------------------------------------------
2025-11-28 20:29:48,622 - INFO - Channel: -1002117032512
2025-11-28 20:29:48,622 - INFO - Time: 2024-04-11T02:08:41+00:00
2025-11-28 20:29:48,622 - INFO - Content: $KLAY     Klayton和Fincia 合并的新品牌将于本月30日揭晓

📎https://it.chosun.com/news/articleView.html?idxno=2023092113435
2025-11-28 20:29:48,622 - INFO - --------------------------------------------------
2025-11-28 20:29:48,649 - INFO - Channel: -1002117032512
2025-11-28 20:29:48,649 - INFO - Time: 2024-04-10T08:33:13+00:00
2025-11-28 20:29:48,649 - INFO - Content: 知情人士表示，现货比特币交易所交易基金可能于本月在香港推出，首批批准可能会在下周公布。（路透社）

📎https://www.reuters.com/business/finance/hong-kong-set-approve-its-first-spot-bitcoin-etfs-april-sources-say-2024-04-10/
2025-11-28 20:29:48,649 - INFO - --------------------------------------------------
2025-11-28 20:29:48,681 - INFO - Channel: -1002117032512
2025-11-28 20:29:48,681 - INFO - Time: 2024-04-10T02:05:13+00:00
2025-11-28 20:29:48,681 - INFO - Content: $CYBER  推出 Cyber​​ Restaking
2025-11-28 20:29:48,681 - INFO - --------------------------------------------------
2025-11-28 20:29:48,709 - INFO - Channel: -1002117032512
2025-11-28 20:29:48,709 - INFO - Time: 2024-04-09T13:06:27+00:00
2025-11-28 20:29:48,709 - INFO - Content: $DEXE  DeXe Protocol DAO 已批准与@DWFLabs 建立流动性合作伙伴关系
2025-11-28 20:29:48,709 - INFO - --------------------------------------------------
2025-11-28 20:29:48,740 - INFO - Channel: -1001735732363
2025-11-28 20:29:48,740 - INFO - Time: 2025-11-28T12:06:39+00:00
2025-11-28 20:29:48,740 - INFO - Content: **NBA球星卡梅隆·安东尼：因自己犹豫不决错失加密货币投资机遇**

深潮 TechFlow 消息，11 月 28 日，据《财富》杂志报道，NBA球星、名人堂成员卡梅隆·安东尼披露因为自己犹豫不决错失了早期科技股和加密货币的投资机会，卡梅隆·安东尼在接受采访时说道：“几年前我就想试试加密货币，想涉足其中。然而每个人都说‘伙计，别碰加密货币，离远点，别碰它’，最终没有跟随自己的直觉参与其中，但这种新货币浪潮的某些特质的确非常吸引人。”
 
 https://www.techflowpost.com/newsletter/detail_106869.html
2025-11-28 20:29:48,740 - INFO - --------------------------------------------------
2025-11-28 20:29:48,792 - INFO - Channel: -1001735732363
2025-11-28 20:29:48,792 - INFO - Time: 2025-11-28T12:02:14+00:00
2025-11-28 20:29:48,792 - INFO - Content: **芝商所 EBS 市场将于 20:00 开放**

深潮 TechFlow 消息，11 月 28 日，据金十数据报道，芝商所（CME）表示，EBS 市场将于格林威治标准时间 12:00（北京时间 20:00）开放。
 
 https://www.techflowpost.com/newsletter/detail_106868.html
2025-11-28 20:29:48,792 - INFO - --------------------------------------------------
2025-11-28 20:29:48,892 - INFO - Channel: -1001735732363
2025-11-28 20:29:48,892 - INFO - Time: 2025-11-28T11:45:19+00:00
2025-11-28 20:29:48,892 - INFO - Content: **BNB财库公司CEA Industries任命数字资产专家Annemarie Tierney为董事**

深潮 TechFlow 消息，11 月 28 日，CEA Industries Inc.（纳斯达克：BNC）今日宣布，任命Liquid Advisors创始人Annemarie Tierney为公司董事会成员，自2025年11月26日起生效。作为管理全球最大BNB企业财库的公司，CEA Industries此举旨在强化其治理框架和监管合规能力。

Tierney拥有丰富的数字资产监管和证券法经验，曾在Digital Currency Group、纳斯达克私募市场和美国证券交易委员会等机构担任要职。
 
 https://www.techflowpost.com/newsletter/detail_106867.html
2025-11-28 20:29:48,892 - INFO - --------------------------------------------------
2025-11-28 20:29:48,982 - INFO - Channel: -1001735732363
2025-11-28 20:29:48,983 - INFO - Time: 2025-11-28T11:42:17+00:00
2025-11-28 20:29:48,983 - INFO - Content: **BIGG Digital Assets第三季度财报：公司目前持有约2150万加元现金及加密资产，无债务**

深潮 TechFlow 消息，11 月 28 日，BIGG Digital Assets Inc.（TSXV: BIGG，OTCQX: BBKCF）今日发布2025年第三季度财报，公司实现净利润142万加元，相较去年同期净亏损1210万加元实现显著扭亏。季度总营收达329万加元，其中Netcoins贡献273万加元（同比增长56%），Blockchain Intelligence Group贡献56万加元（同比增长37%）。

Netcoins资产托管规模增至2.395亿加元，同比增长19%；活跃用户达9,378名，同比增长17%。公司目前持有约2150万加元现金及加密资产，无债务。此外，BIGG继续推进TerraZero的元宇宙平台Intraverse开发，并计划申请成为注册投资经纪商。
 
 https://www.techflowpost.com/newsletter/detail_106866.html
2025-11-28 20:29:48,983 - INFO - --------------------------------------------------
2025-11-28 20:29:49,122 - INFO - Channel: -1001735732363
2025-11-28 20:29:49,122 - INFO - Time: 2025-11-28T11:33:53+00:00
2025-11-28 20:29:49,122 - INFO - Content: **Cobo 捐赠 100 万港币驰援香港大埔火灾救援，启用「合规区块链慈善钱包」向社会公众开放捐款通道**

深潮 TechFlow 消息，11 月 28 日，Cobo 宣布捐赠 100 万港币等值稳定币用于香港大埔火灾救援及社区重建，并与香港红十字会合作，启用专属「合规区块链慈善钱包」，确保善款全程公开、透明、可追溯验证。该钱包现已向社会开放，公众可直接向该钱包转账捐款，所有捐款将用于相关救援工作。Cobo 表示将持续关注善款流向和灾后重建进展，并愿意向有区块链捐赠渠道需求的慈善基金会提供免费技术支持。
 
 https://www.techflowpost.com/newsletter/detail_106865.html
2025-11-28 20:29:49,122 - INFO - --------------------------------------------------
2025-11-28 20:29:49,264 - INFO - Channel: -1001735732363
2025-11-28 20:29:49,264 - INFO - Time: 2025-11-28T11:21:55+00:00
2025-11-28 20:29:49,264 - INFO - Content: **Bybit 正式上线 Alpha Farm，目前黄金资产池年化收益达 26.2%**

深潮 TechFlow 消息，11 月 28 日，据悉，Bybit Alpha 已正式推出 Alpha Farm，成为行业首个在中心化交易所内实现链上交易与流动性挖矿一体化的平台。现 Bybit Alpha 用户无需钱包、无需支付 Gas 费用，仅需一键操作即可赚取链上真实收益。
Bybit Alpha Farm 采用集中流动性做市商（CLMM）模式，为用户提供界面更友好、收益更稳健的链上挖矿入口。该模式允许流动性提供者将资金集中配置于自定义价格区间，并按在区间内提供的流动性占比分配链上交易手续费收益。
该 XAUt0–USDT 链上流动性池由 Byreal 提供。Bybit Alpha 用户可直接使用交易所账户余额参与 Byreal 的流动性池挖矿，所有收益均来自 Byreal 链上真实交易手续费，透明且可验证。
 
 https://www.techflowpost.com/newsletter/detail_106864.html
2025-11-28 20:29:49,264 - INFO - --------------------------------------------------
2025-11-28 20:29:49,464 - INFO - Channel: -1001735732363
2025-11-28 20:29:49,464 - INFO - Time: 2025-11-28T11:17:06+00:00
2025-11-28 20:29:49,464 - INFO - Content: **土库曼斯坦通过加密货币监管法案，2026年1月1日生效**

深潮 TechFlow 消息，11 月 28 日，据路透社报道，土库曼斯坦总统别尔德穆哈梅多夫已签署一项法律，合法化并监管数字资产，包括为加密货币交易所和挖矿公司颁发许可证。该法案将于2026年1月1日正式生效，旨在吸引投资并促进经济数字化。作为拥有全球第四大天然气储量的中亚国家，土库曼斯坦正寻求多元化其经济结构，减少对主要出口至中国的天然气依赖。政府发言人表示，新法律将规范虚拟资产的创建、存储、使用和流通，并明确其法律和经济地位。
 
 https://www.techflowpost.com/newsletter/detail_106863.html
2025-11-28 20:29:49,464 - INFO - --------------------------------------------------
2025-11-28 20:29:49,642 - INFO - Channel: -1001735732363
2025-11-28 20:29:49,642 - INFO - Time: 2025-11-28T11:06:17+00:00
2025-11-28 20:29:49,642 - INFO - Content: **OKX 将上线 TRUTH 永续合约**

深潮 TechFlow 消息，11 月 28 日，据官方公告，欧易将于 2025 年 11 月 28 日 19:30 (UTC+8) 在网页端、App 端及 API 正式上线 TRUTHUSDT 永续合约，RUTHUSDT 合约交易开盘时间为：2025 年 11 月 28 日 19:30 (UTC+8)。
 
 https://www.techflowpost.com/newsletter/detail_106862.html
2025-11-28 20:29:49,642 - INFO - --------------------------------------------------
2025-11-28 20:29:49,814 - INFO - Channel: -1001735732363
2025-11-28 20:29:49,814 - INFO - Time: 2025-11-28T10:58:50+00:00
2025-11-28 20:29:49,814 - INFO - Content: **众议院民主党报告指控特朗普利用总统职位谋取加密货币利益**

深潮 TechFlow 消息，11 月 28 日，据Decrypt报道，众议院司法委员会民主党发布的一份党派报告指控特朗普总统及其家族利用白宫职权通过加密货币项目牟利。报告称，特朗普家族仅在2025年上半年就从加密货币销售中获利8亿美元，目前持有的加密货币和股票总价值达110亿美元。

报告主要作者、众议员杰米·拉斯金(D-MD)称特朗普将"椭圆形办公室变成了世界上最腐败的加密创业运营中心"，同时撤销了保护散户投资者的法规。报告还指控特朗普政府终止了对多家主要加密货币公司的调查，并解散了司法部的国家加密货币执法团队。

白宫尚未对此报告作出回应。
 
 https://www.techflowpost.com/newsletter/detail_106861.html
2025-11-28 20:29:49,814 - INFO - --------------------------------------------------
2025-11-28 20:29:49,931 - INFO - Channel: -1001735732363
2025-11-28 20:29:49,931 - INFO - Time: 2025-11-28T10:47:25+00:00
2025-11-28 20:29:49,931 - INFO - Content: **Aster推出人类vs AI交易大赛，无风险参与可赢20万美元奖金**

深潮 TechFlow 消息，11 月 28 日，Aster宣布举办一场别开生面的人类与AI对抗交易竞赛，将于12月9-23日进行。大赛为100名参赛者(包括人类和顶级AI模型)各提供10,000 USDT资金，参赛者无需自行投资且所有交易损失由平台承担，同时可保留100%交易收益。此外，设立20万美元奖金池，其中包括人类选手若夺冠可获得10万美元特别奖励。
 
 https://www.techflowpost.com/newsletter/detail_106860.html
2025-11-28 20:29:49,931 - INFO - --------------------------------------------------
2025-11-28 20:29:50,045 - INFO - Channel: -1001735732363
2025-11-28 20:29:50,045 - INFO - Time: 2025-11-28T10:41:24+00:00
2025-11-28 20:29:50,045 - INFO - Content: **Bitget 已履行捐赠承诺：1,200 万港元驰援香港大埔捐赠已全额拨付**

深潮 TechFlow 消息，11 月 28 日，此前，Bitget 宣布向香港提供总额 1,200 万港元的捐助，用于支持大埔宏福苑火灾的紧急救援、受灾家庭援助及灾后重建等多项工作。捐款将由三家具有公信力的本地公益机构分别承接与执行。

目前，1,200 万港元已全部完成拨付，分别为：
500 万港元捐至香港仁济医院
350 万港元捐至香港救世军
350 万港元捐至香港保良局
 
 https://www.techflowpost.com/newsletter/detail_106859.html
2025-11-28 20:29:50,045 - INFO - --------------------------------------------------
2025-11-28 20:29:50,212 - INFO - Channel: -1001735732363
2025-11-28 20:29:50,212 - INFO - Time: 2025-11-28T10:35:36+00:00
2025-11-28 20:29:50,212 - INFO - Content: **IMF警告代币化市场可能加剧闪崩风险，政府将介入监管**

深潮 TechFlow 消息，11 月 28 日，据Cointelegraph报道，国际货币基金组织(IMF)最新发布视频警告，尽管代币化市场能使金融交易更快速、成本更低廉，但这一技术也带来新的系统性风险。IMF承认代币化通过减少中间环节、实现即时结算可带来显著成本节约，但同时指出自动化交易可能导致市场波动性增加和闪崩风险上升。复杂的智能合约链在市场压力下可能如"多米诺骨牌"般连锁反应，将局部问题转化为系统性冲击。IMF预测，基于历史经验，各国政府不会在这一重要的货币演变中保持旁观，未来将在代币化领域扮演更积极的角色。
 
 https://www.techflowpost.com/newsletter/detail_106858.html
2025-11-28 20:29:50,212 - INFO - --------------------------------------------------
2025-11-28 20:29:50,435 - INFO - Channel: -1001735732363
2025-11-28 20:29:50,435 - INFO - Time: 2025-11-28T10:31:36+00:00
2025-11-28 20:29:50,435 - INFO - Content: **芝商所：交易平台BrokerTec欧盟市场已开放并正在交易**

深潮 TechFlow 消息，11 月 28 日，芝商所（CME）：交易平台BrokerTec欧盟市场已开放并正在交易。由于CyrusOne数据中心出现冷却问题，所有其他芝加哥商品交易所集团市场仍处于暂停状态。（金十）
 
 https://www.techflowpost.com/newsletter/detail_106857.html
2025-11-28 20:29:50,435 - INFO - --------------------------------------------------
2025-11-28 20:29:50,485 - INFO - Channel: -1001735732363
2025-11-28 20:29:50,485 - INFO - Time: 2025-11-28T10:13:49+00:00
2025-11-28 20:29:50,485 - INFO - Content: **日本邮储银行将推出代币化存款DCJPY，并与房地产行业合作实现支付自动化**

深潮 TechFlow 消息，11 月 28 日，据Coinpost报道，日本邮储银行计划于2026年度推出基于区块链的代币化存款"DCJPY"，并已与信浓建集团和Deecret DCP达成基本合作协议。三方将以房地产租赁管理中的月租支付为应用场景，验证支付流程的自动化与效率化。此代币化存款将银行存款通过区块链技术代币化，可实现资金流控制和支付自动化。正式推出后，用户有望自由设定房租和水电费的支付日期，信浓建集团还计划根据入住期间和支付记录提供"信浓建币"积分回馈。
 
 https://www.techflowpost.com/newsletter/detail_106856.html
2025-11-28 20:29:50,485 - INFO - --------------------------------------------------
2025-11-28 20:29:50,587 - INFO - Channel: -1001735732363
2025-11-28 20:29:50,587 - INFO - Time: 2025-11-28T10:00:13+00:00
2025-11-28 20:29:50,587 - INFO - Content: **BiyaPay 分析师：白银涨幅反超黄金，光伏需求点燃行情**

深潮 TechFlow 消息，11 月 28 日，自2023年10月以来，现货白银累计涨幅约163%，略胜黄金的约142%，在低关注度下完成“价值重估”。BiyaPay 分析师指出，本轮白银上涨更偏向“工业属性”：一方面，光伏装机井喷推高银浆用量；另一方面，LSEG 预计白银供给增速有限、矿山关停在即，市场长期维持结构性缺口，令白银具备“涨得慢但站得稳”的中长期配置价值。短期需警惕价格回调与贵金属整体情绪降温带来的波动。

投资者可通过 BiyaPay 使用 USDT 参与美股、港股及期货交易，布局白银矿企、金属相关标的，同时享受数字货币现货与合约 0 手续费交易，在同一账户内灵活配置贵金属与数字资产，平衡成长与避险需求。


 
 https://www.techflowpost.com/newsletter/detail_106847.html
2025-11-28 20:29:50,587 - INFO - --------------------------------------------------
2025-11-28 20:29:50,711 - INFO - Channel: -1001735732363
2025-11-28 20:29:50,711 - INFO - Time: 2025-11-28T09:57:32+00:00
2025-11-28 20:29:50,711 - INFO - Content: **香港证监会发起员工募捐行动支援大埔火灾灾民**

深潮 TechFlow 消息，11 月 28 日，香港证监会发起员工募捐行动支援大埔火灾灾民。其表示，证监会作为公共机构，定当与社会各界携手，为遇难者及其家属提供支援以共度艰难时刻。证监会呼吁全体员工积极参与募捐行动，并自发向有需要人士提供任何形式的义务协助。证监会将把是次募捐行动所得的全数款额，连同年度员工晚宴（原定于 12 月举行但现已取消）的预算款项，一并捐赠予由香港特区政府成立的「大埔宏福苑援助基金」。
 
 https://www.techflowpost.com/newsletter/detail_106855.html
2025-11-28 20:29:50,711 - INFO - --------------------------------------------------
2025-11-28 20:29:50,848 - INFO - Channel: -1001735732363
2025-11-28 20:29:50,848 - INFO - Time: 2025-11-28T09:51:33+00:00
2025-11-28 20:29:50,848 - INFO - Content: **分析：美股股指势将结束连胜势头，罕见在11月收跌**

深潮 TechFlow 消息，11 月 28 日，美国股市周四因感恩节休市，将于周五重新开市至美东时间下午1点（北京时间次日凌晨两点）。据CNBC报道，在本月仅剩大约3个小时的交易时间里，美国主要股指势将以收跌结束11月。本月截至周三收盘，标普500指数累跌0.4%，道指跌0.29%，纳指跌2.15%。除非周五美国股市在缩短的交易时段内出现大幅上涨，否则美股股指即将结束连胜势头：标普500指数和道指连涨6个月、纳指连涨7个月。这也将标志着与历史常态的背离。根据Stock Trader's Almanac的数据，自1950年以来，标普500指数在11月份的平均涨幅为1.8%。而在美国总统大选当年，该指数通常会上涨1.6%。但今年并不是典型的总统大选当年。在未来几个月甚至几年里，很难看到市场按照任何历史轨迹运行。(金十)
 
 https://www.techflowpost.com/newsletter/detail_106854.html
2025-11-28 20:29:50,848 - INFO - --------------------------------------------------
2025-11-28 20:29:51,011 - INFO - Channel: -1001735732363
2025-11-28 20:29:51,011 - INFO - Time: 2025-11-28T09:44:36+00:00
2025-11-28 20:29:51,011 - INFO - Content: **发现香港本土包括一些传统财经媒体在统计香港捐款的时候，不知是有意还是无意，总是忽略了加密货币公司的捐款。

我们认为，善举都还是值得被记录和表扬，于是我们盘点了详细的加密货币捐款方列表（目前），向他们致敬🫡**

https://x.com/TechFlowPost/status/1994340907370586122?s=20
2025-11-28 20:29:51,011 - INFO - --------------------------------------------------
2025-11-28 20:29:51,150 - INFO - Channel: -1001735732363
2025-11-28 20:29:51,150 - INFO - Time: 2025-11-28T09:37:50+00:00
2025-11-28 20:29:51,150 - INFO - Content: **Animoca Brands 2026年将聚焦稳定币和RWA，计划通过反向合并登陆纳斯达克**

深潮 TechFlow 消息，11 月 28 日，据The Block报道，Animoca Brands首席战略官Keyvan Peymani近日在接受CNBC采访时表示，公司将在2026年重点发展稳定币和真实世界资产(RWA)代币化业务。"我们将大力推进稳定币计划，并推出RWA市场，这对我们来说是一个全新的领域，"Peymani说道。

今年8月，Animoca已与渣打银行和香港电讯成立香港合资企业Anchorpoint Financial，并计划申请当地稳定币发行许可证。此外，公司还与复星财富和FinChain合作，通过分发复星的RWA产品，将亚洲传统金融与Web3连接起来。

此外，Animoca计划明年通过与新加坡金融科技公司Currenc Group的反向合并在纳斯达克上市。
 
 https://www.techflowpost.com/newsletter/detail_106853.html
2025-11-28 20:29:51,150 - INFO - --------------------------------------------------
2025-11-28 20:29:51,292 - INFO - Channel: -1001735732363
2025-11-28 20:29:51,292 - INFO - Time: 2025-11-28T09:33:07+00:00
2025-11-28 20:29:51,292 - INFO - Content: **Dragonfly合伙人发文《为指数函数辩护》：呼吁重新审视区块链长期价值**

深潮 TechFlow 消息，11 月 28 日，Dragonfly合伙人Haseeb在社交媒体发表长文《为指数函数辩护》，针对当前加密市场的悲观情绪提出反思。他指出，市场心态已从"金融虚无主义"转向"金融犬儒主义"，许多人认为区块链项目估值过高，将面临崩盘。

Haseeb以亚马逊为例，指出该公司在成立22年后才开始真正盈利，而在此之前，批评者一直质疑其商业模式。他认为区块链行业正处于类似阶段，不应用线性增长思维和传统财务指标如市盈率来评估其价值。

文章强调，区块链技术将呈现指数级增长，类似于早期电子商务的发展轨迹。虽然增长可能不会像电子商务那样平稳，但其潜力不容忽视。Haseeb认为，区块链最终将改变金融和货币的运作方式，就像互联网改变了其他行业一样。

他呼吁投资者成为长期信仰者，相信区块链将带来社会和金融的彻底变革，并表示"如果你相信指数增长，从长远角度来看，现在一切都还很便宜"。
 
 https://www.techflowpost.com/newsletter/detail_106852.html
2025-11-28 20:29:51,292 - INFO - --------------------------------------------------
2025-11-28 20:29:51,484 - INFO - Channel: -1001735732363
2025-11-28 20:29:51,484 - INFO - Time: 2025-11-28T09:18:31+00:00
2025-11-28 20:29:51,484 - INFO - Content: **某巨鲸平空转多，清算价为59,112美元**

深潮 TechFlow 消息，11 月 28 日，据链上分析平台 Lookonchain（@lookonchain）监测，0x0ddf9 开头巨鲸此前做空比特币的仓位已经平仓，并转为做多。该地址关闭了价值 9100 万美元的 1000 枚 BTC 做空仓位，损失约 160 万美元，随后以 3 倍杠杆开设了 1000 枚 BTC（价值 9100 万美元）的做多仓位，清算价为 59,112 美元。
 
 https://www.techflowpost.com/newsletter/detail_106851.html
2025-11-28 20:29:51,484 - INFO - --------------------------------------------------
2025-11-28 20:29:51,810 - INFO - Channel: -1001735732363
2025-11-28 20:29:51,810 - INFO - Time: 2025-11-28T09:13:18+00:00
2025-11-28 20:29:51,810 - INFO - Content: **Upbit 母公司 Dunamu CEO 致歉：将加强安全措施，受损资产全额补偿**

深潮 TechFlow 消息，11 月 28 日，Upbit 母公司 Dunamu CEO 吴京锡就平台遭遇网络入侵事件发表致歉声明，承认事故源于内部安全管理疏漏，并承诺用户资产零损失。Upbit 表示事件发生在 27 日上午，当时监测到 Solana 系钱包异常提币，随即全面排查网络与钱包系统，并修复了一个可能通过链上交易分析推断私钥的严重漏洞。截至目前，Upbit 认定受损数字资产规模约 445 亿韩元，其中 386 亿韩元为用户资产、23 亿已被冻结；公司自身损失约 59 亿韩元。Upbit 强调，所有用户损失已由平台自有资产全额承担补偿。
 
 https://www.techflowpost.com/newsletter/detail_106850.html
2025-11-28 20:29:51,810 - INFO - --------------------------------------------------
2025-11-28 20:29:51,996 - INFO - Channel: -1001735732363
2025-11-28 20:29:51,997 - INFO - Time: 2025-11-28T09:11:55+00:00
2025-11-28 20:29:51,997 - INFO - Content: **CryptoQuant：稳定币供应量创历史新高，或预示比特币走势**

深潮 TechFlow 消息，11 月 28 日，据CryptoQuant最新研究报告，ERC20稳定币总供应量在2025年已突破1600亿美元，创下历史新高，这被认为是预测比特币价格走势的关键指标。研究指出，与全球M2货币供应量相比，稳定币供应与比特币价格走势的相关性更为显著。

报告分析称，稳定币作为加密市场的主要流动性来源，能够更快速、更直接地反映投资者资金流向，其供应量的增长往往领先于比特币价格上涨。在2021年牛市和2024-2025年市场复苏期间，稳定币供应量的增长均明显先于比特币价格上涨。

CryptoQuant研究团队表示，当前稳定币供应量处于历史高位，表明市场底层购买力持续增强，这可能成为比特币下一轮价格走势的重要推动力。
 
 https://www.techflowpost.com/newsletter/detail_106848.html
2025-11-28 20:29:51,997 - INFO - --------------------------------------------------
 
Keywords:  [('dwf', 0.3952), ('监控', 0.304), ('市场', 0.2907), ('操纵', 0.2262), ('发现', 0.2106), ('消息人士', 0.2005), ('团队', 0.0863), ('币安', 0.0717), ('参与', 0.0601), ('labs', -0.0052)]
Mentioned Currencies:  
Keywords:  [('伙伴关系', 0.5269), ('holdings', 0.3534), ('asset', 0.33), ('digital', 0.3134), ('合资', 0.3099), ('计划', 0.2428), ('chzsbi', 0.2391), ('chiliz', 0.2019), ('建立', 0.1152)]
Mentioned Currencies:  
Keywords:  [('项目', 0.3904), ('接下来', 0.3412), ('分享', 0.3278), ('基于', 0.3228), ('omnizk', 0.3168), ('激动人心', 0.3162), ('几周', 0.3099), ('构建', 0.3006), ('lever', 0.0162)]
Mentioned Currencies:  
Keywords:  [('2024', 0.5654), ('glmr', 0.4381), ('阶段', 0.3612)]
Mentioned Currencies:  
Keywords:  [('特朗普', 0.4623), ('加密', 0.4441), ('停止', 0.4005), ('敌意', 0.217), ('美国', 0.2149), ('货币', 0.1675), ('接受', 0.1483), ('watcherguru', 0.1085), ('表示', 0.1033)]
Mentioned Currencies:  Solana
Keywords:  [('价格', 0.4189), ('出价', 0.373), ('出售', 0.3503), ('资产', 0.3297), ('美元', 0.3018), ('ftx', 0.2924), ('亿美元', 0.2829), ('solana', 0.2755), ('第三批', 0.2578), ('sol', 0.1845)]
Mentioned Currencies:  Ethereum
Keywords:  [('ethernity', 0.5446), ('layer2', 0.3468), ('安全性', 0.3448), ('chain', 0.2901), ('ern', 0.2477), ('增强型', 0.2167), ('ai', 0.2025), ('eth', 0.1917), ('驱动', 0.1425), ('推出', 0.0848)]
Mentioned Currencies:  
Keywords:  [('optimism', 0.5061), ('qkcquarkchain', 0.4464), ('资助', 0.4376), ('成功', 0.3533), ('两笔', 0.2191), ('获得', 0.149)]
Mentioned Currencies:  
Keywords:  [('doge', 0.5467), ('dogecoin', 0.5067), ('特斯拉', 0.5), ('付款', 0.3695), ('更新', 0.2251), ('包括', 0.068), ('方式', 0.0478)]
Mentioned Currencies:  
Keywords:  [('公告', 0.6137), ('发布', 0.6079), ('floki5', 0.4745), ('重要', 0.3359)]
Mentioned Currencies:  
Keywords:  [('chzdragong8', 0.5799), ('日期', 0.5317), ('chz', 0.4488), ('届时', 0.2663), ('代币', 0.2333), ('经济学', 0.1732), ('上线', 0.1711), ('正式', 0.1638), ('定于', 0.1608), ('分叉', 0.0864)]
Mentioned Currencies:  
Keywords:  [('klaykaia', 0.4356), ('品牌', 0.3317), ('kaia', 0.3267), ('更新', 0.3138), ('代币', 0.2843), ('六月', 0.2727), ('klay', 0.2707), ('交易所', 0.2336), ('计划', 0.2301), ('重塑', 0.2088)]
Mentioned Currencies:  Toncoin
Keywords:  [('品牌', 0.5294), ('kaia', 0.4732), ('klayklayton', 0.3797), ('fincia', 0.3264), ('名为', 0.2682), ('合并', 0.2366)]
Mentioned Currencies:  
Keywords:  [('黑客攻击', 0.5493), ('亿美元', 0.5082), ('货币', 0.4343), ('洗钱', 0.428), ('加密', 0.407), ('2023', 0.2981), ('zachxbt', 0.246), ('法定', 0.2326), ('2020', 0.2255), ('期间', 0.1977)]
Mentioned Currencies:  Ethereum
Keywords:  [('证券', 0.3465), ('ethsec', 0.3418), ('一年', 0.3301), ('福克斯', 0.2873), ('主席', 0.2652), ('商业', 0.1819), ('报道', 0.1585), ('认为', 0.1267), ('至少', 0.1041), ('以太', 0.085)]
Mentioned Currencies:  Worldcoin
Keywords:  [('worldcoin', 0.6185), ('wld', 0.502), ('openai', 0.3778), ('科技', 0.3463), ('计划', 0.3238), ('彭博社', 0.3081), ('合作', 0.2792), ('包括', 0.2555), ('巨头', 0.2458), ('在内', 0.1548)]
Mentioned Currencies:  
Keywords:  [('ontology', 0.4497), ('资助', 0.3296), ('创新', 0.2875), ('身份', 0.1874), ('中心化', 0.1618), ('万美元', 0.159), ('ont', 0.0857), ('用于', 0.0832)]
Mentioned Currencies:  
Keywords:  [('aevo', 0.4859), ('发布', 0.3442), ('pre', 0.2765), ('launch', 0.2645)]
Mentioned Currencies:  
Keywords:  [('usdt', 0.4422), ('网络', 0.3102), ('增加', 0.2773), ('支持', 0.2619), ('tontether', 0.2437), ('ton', 0.2253)]
Mentioned Currencies:  
Keywords:  [('telegram', 0.5674), ('加密', 0.4458), ('钱包', 0.4302), ('货币', 0.4216), ('转账', 0.4183), ('发送', 0.3907), ('小时', 0.2777), ('消息', 0.2699), ('简单', 0.2538), ('即将', 0.2408)]
Mentioned Currencies:  
Keywords:  [('以色列', 0.6577), ('亿美元', 0.4253), ('武器', 0.4248), ('超过', 0.2389), ('考虑', 0.2338), ('提供', 0.1654), ('拜登', 0.1378), ('华尔街日报', 0.1335)]
Mentioned Currencies:  
Keywords:  [('生态系统', 0.3769), ('dwf', 0.3296), ('最大', 0.2491), ('亚洲', 0.2446), ('万美元', 0.2172), ('购买', 0.1617), ('发展', 0.1562), ('综合', 0.1056), ('klay', 0.0965), ('labs', 0.0296)]
Mentioned Currencies:  
Keywords:  [('megadrop', 0.5039), ('web3', 0.5005), ('平台', 0.4099), ('binance', 0.4052), ('发行', 0.278), ('任务', 0.2664), ('代币', 0.2574), ('空投', 0.2019), ('推出', 0.1884), ('具有', 0.1475)]
Mentioned Currencies:  
Keywords:  [('足球', 0.3843), ('终止', 0.3688), ('俱乐部', 0.3655), ('porto', 0.3124), ('交易', 0.3101), ('拉齐奥', 0.288), ('lazio', 0.2643), ('桑托斯', 0.2629), ('支持', 0.2525), ('波尔图', 0.2465)]
Mentioned Currencies:  
Keywords:  [('罚款', 0.5395), ('支付', 0.4953), ('金十', 0.3962), ('币安', 0.3881), ('万美元', 0.3701), ('印度', 0.3615), ('市场', 0.344), ('wrx', 0.2727), ('重返', 0.2661), ('计划', 0.1875)]
Mentioned Currencies:  
Keywords:  [('zignaly', 0.4953), ('zigchain', 0.4519), ('亿美元', 0.2826), ('基金', 0.2364), ('cosmos', 0.1001), ('宣布', 0.0873), ('设立', 0.0788), ('推出', 0.0374)]
Mentioned Currencies:  
Keywords:  [('wld', 0.3903), ('今年夏天', 0.3901), ('world', 0.2895), ('chain', 0.2409), ('晚些时候', 0.2156), ('预计', 0.1796), ('推出', 0.1022)]
Mentioned Currencies:  
Keywords:  [('创新', 0.4354), ('计划', 0.2622), ('身份', 0.2108), ('中心化', 0.1938), ('万美元', 0.1654), ('发起', 0.1078), ('采用', 0.1015), ('ont', 0.0571), ('推动', 0.0455), ('本体', 0.0381)]
Mentioned Currencies:  
Keywords:  [('chz', 0.6238), ('公告', 0.4493), ('宣布', 0.4363), ('明天', 0.3696), ('一项', 0.1756)]
Mentioned Currencies:  Bitcoin
Keywords:  [('特斯拉', 0.4464), ('批准', 0.1759), ('无视', 0.1441), ('埃隆', 0.129), ('董事会', 0.1019), ('阻止', 0.0936), ('指令', 0.0741), ('声明', 0.0459), ('接受', 0.0122), ('币后', -0.0102)]
Mentioned Currencies:  
Keywords:  [('人工智能', 0.4439), ('发布', 0.3921), ('智能', 0.3683), ('代币', 0.342), ('联盟', 0.3398), ('获批', 0.3319), ('fet', 0.3105), ('超级', 0.306), ('合并', 0.2826), ('asi', 0.2308)]
Mentioned Currencies:  
Keywords:  [('meme', 0.5329), ('项目', 0.5329), ('符文币', 0.5107), ('任务', 0.5058), ('介绍', 0.4503), ('首要', 0.4088), ('质押', 0.4005), ('完成', 0.3574), ('兼而有之', 0.3542), ('耕种', 0.3276)]
Mentioned Currencies:  
Keywords:  [('以色列', 0.5555), ('伊朗', 0.4652), ('袭击', 0.3565), ('采取行动', 0.351), ('发言人', 0.2658), ('时间', 0.2555), ('回应', 0.2511), ('适当', 0.2453), ('军队', 0.2336), ('作出', 0.2249)]
Mentioned Currencies:  
Keywords:  [('google', 0.4193), ('vanry4', 0.3026), ('讨论', 0.2427), ('发展', 0.232), ('ai', 0.2213), ('gen', 0.2123), ('合作', 0.1804), ('一步', 0.1195)]
Mentioned Currencies:  
Keywords:  [('railgun', 0.4812), ('涨幅', 0.3706), ('超过', 0.2751), ('rail', 0.2667), ('谈论', 0.1703), ('神在', 0.0269)]
Mentioned Currencies:  
Keywords:  [('railgun', 0.7827), ('rail', 0.453), ('谈论', 0.3929)]
Mentioned Currencies:  
Keywords:  [('gmt', 0.4182), ('应用', 0.3756), ('加密', 0.3732), ('nft', 0.2923), ('stepn', 0.2769), ('商品', 0.2241), ('健身', 0.2108), ('推出', 0.1997), ('合作', 0.1582), ('即将', 0.1379)]
Mentioned Currencies:  
Keywords:  [('伊朗', 0.5376), ('以色列', 0.5227), ('武器', 0.3366), ('对抗', 0.3018), ('军方', 0.2419), ('继续', 0.1907), ('部署', 0.1872), ('地区', 0.0581), ('发言人', 0.0461)]
Mentioned Currencies:  Dogecoin,MemeCore,Solana,Bitcoin,Toncoin
Keywords:  [('cloud', 0.4357), ('gmt', 0.3993), ('vanarchain', 0.3633), ('发布', 0.3567), ('coinbase', 0.3278), ('更新', 0.3176), ('nakamoto', 0.3143), ('升级', 0.3076), ('上市', 0.3033), ('google', 0.2994)]
Mentioned Currencies:  
Keywords:  [('gmt4', 0.5684), ('公告', 0.5229), ('发布', 0.5084), ('重要', 0.2737)]
Mentioned Currencies: 2025-11-28 20:29:52,164 - INFO - Channel: -1001735732363
2025-11-28 20:29:52,164 - INFO - Time: 2025-11-28T08:57:04+00:00
2025-11-28 20:29:52,164 - INFO - Content: **Hyperliquid ZEC 第一大多头仓位已浮亏 192.5 万美元**

深潮 TechFlow 消息，11 月 28 日，据链上分析师 Ai姨 (@ai 9684xtpa) 监测，ZEC 再次跌破 500 美元，0xcf9 开头地址于 11 月 22 日开启 10 倍 ZEC 多单，目前持仓 20,386 枚（价值约 979 万美元），开仓价 574.864 美元，浮亏约 192.5 万美元。其监测显示，今早币价低点时该地址浮亏一度超过 242 万美元，但暂未减仓。
 
 https://www.techflowpost.com/newsletter/detail_106846.html
2025-11-28 20:29:52,164 - INFO - --------------------------------------------------
2025-11-28 20:29:52,361 - INFO - Channel: -1001735732363
2025-11-28 20:29:52,361 - INFO - Time: 2025-11-28T08:54:42+00:00
2025-11-28 20:29:52,361 - INFO - Content: **ViaBTC 捐款 300 万港币，支持大埔宏福苑火灾救援与社区重建**

深潮 TechFlow 消息，11 月 28 日，ViaBTC 宣布向香港特区政府相关部门捐出 300 万港币，用于支援大埔宏福苑火灾的救援及社区重建工作，帮助受影响居民尽快恢复正常生活。

ViaBTC 创始人兼 CEO 杨海坡表示：“此次灾情令人十分痛心，ViaBTC 向遇难者致以深切哀悼，并向奋战在前线、全力投入救援的消防及救援人员致以崇高敬意。” 他强调，ViaBTC 将持续关注相关赈灾进展，并愿与各方保持协作，尽己所能支援受灾市民早日渡过难关、重建家园。
 
 https://www.techflowpost.com/newsletter/detail_106845.html
2025-11-28 20:29:52,361 - INFO - --------------------------------------------------
2025-11-28 20:29:52,438 - INFO - Channel: -1001735732363
2025-11-28 20:29:52,438 - INFO - Time: 2025-11-28T08:31:12+00:00
2025-11-28 20:29:52,438 - INFO - Content: **币安钱包现已支持Monad网络**

深潮 TechFlow 消息，11 月 28 日，币安钱包今日宣布已集成 Monad Network，用户现可在钱包内无缝完成 Monad 资产的兑换、跨链与管理操作。
 
 https://www.techflowpost.com/newsletter/detail_106844.html
2025-11-28 20:29:52,438 - INFO - --------------------------------------------------
2025-11-28 20:29:52,524 - INFO - Channel: -1001735732363
2025-11-28 20:29:52,524 - INFO - Time: 2025-11-28T08:11:25+00:00
2025-11-28 20:29:52,524 - INFO - Content: **某巨鲸抛售100枚wBTC，亏损251.7万美元**

深潮 TechFlow 消息，11 月 28 日，据链上分析师 Ai姨 (@ai 9684xtpa) 监测，在 116504 美元高点建仓 wBTC 的巨鲸地址「0x4ED...bC853」时隔一周再次割肉，以均价 91333.4 美元抛售 100 枚 wBTC（约 913 万美元），亏损 251.7 万美元。

此前其已在 11 月 17 至 21 日期间分批清仓 17497 枚 ETH 并亏损 1840 万美元，近期陆续割肉 wBTC，目前仍剩余 1210 枚，价值 1.1 亿美元，浮亏 3091 万美元。
 
 https://www.techflowpost.com/newsletter/detail_106843.html
2025-11-28 20:29:52,524 - INFO - --------------------------------------------------
2025-11-28 20:29:52,605 - INFO - Channel: -1001735732363
2025-11-28 20:29:52,605 - INFO - Time: 2025-11-28T08:07:16+00:00
2025-11-28 20:29:52,605 - INFO - Content: **现货黄金短线下挫，一度急跌至4154美元/盎司**

深潮 TechFlow 消息，11 月 28 日，现货黄金短线下挫，一度急跌至4154美元/盎司，现回升至4163.58美元/盎司。(金十)
 
 https://www.techflowpost.com/newsletter/detail_106842.html
2025-11-28 20:29:52,605 - INFO - --------------------------------------------------
2025-11-28 20:29:52,714 - INFO - Channel: -1001735732363
2025-11-28 20:29:52,714 - INFO - Time: 2025-11-28T08:05:30+00:00
2025-11-28 20:29:52,714 - INFO - Content: **数据：BTC期权交割14.3万张最大痛点98000美元，ETH期权交割57.2万张最大痛点3400美元**

深潮 TechFlow 消息，11 月 28 日，加密货币市场迎来重要期权交割日。数据显示，14.3万张BTC期权到期，Put Call Ratio为0.51，最大痛点98000美元，名义价值130亿美元；57.2万张ETH期权到期，Put Call Ratio为0.48，最大痛点3400美元，名义价值17.1亿美元。

本月比特币和以太坊价格经历大幅下跌后月底企稳反弹，目前BTC已稳守9万美元整数关口，而ETH出现月线三连阴，在3000美元附近震荡。市场情绪较上周明显好转。

期权数据显示，隐含波动率较上月全面回升，BTC主要期限IV平均在45%附近，ETH主要期限IV在70%以下，均处于今年较高水平。分析人士指出，受宏观不确定性等因素影响，今年四季度行情表现较差，市场分歧较大，不建议投资者进行杠杆操作。
 
 https://www.techflowpost.com/newsletter/detail_106841.html
2025-11-28 20:29:52,714 - INFO - --------------------------------------------------
2025-11-28 20:29:52,820 - INFO - Channel: -1001735732363
2025-11-28 20:29:52,820 - INFO - Time: 2025-11-28T08:03:48+00:00
2025-11-28 20:29:52,821 - INFO - Content: **币安：持有至少252积分的用户可申领400枚VSN空投**

深潮 TechFlow 消息，11 月 28 日，据官方公告，币安 Alpha Vision（VSN）空投现已上线，持有至少 252 个币安 Alpha 积分的用户可领取 400 枚 VSN 代币，先到先得；若活动未结束，积分门槛将每 5 分钟自动降低 5 分。

需注意，参与申领将消耗 15 个币安 Alpha 积分，且用户需在 Alpha 活动页面于 24 小时内完成确认，否则视为放弃空投资格。
 
 https://www.techflowpost.com/newsletter/detail_106840.html
2025-11-28 20:29:52,821 - INFO - --------------------------------------------------
2025-11-28 20:29:52,946 - INFO - Channel: -1001735732363
2025-11-28 20:29:52,946 - INFO - Time: 2025-11-28T07:59:50+00:00
2025-11-28 20:29:52,946 - INFO - Content: **Hotcoin 即将上线 GUA**

深潮 TechFlow 消息，11 月 28 日，据官方消息，Hotcoin 将于 2025 年 11 月 28 日上线 GUA 热门项目，精准捕捉市场新叙事，助力用户抢占新一轮赛道先机！

【现货交易】

📍 11月28日 18:00（UTC+8）上线 GUA/USDT

Hotcoin 重磅推出限时零手续费交易活动，让用户以更低成本把握新兴资产的早期增长机遇。

凭借美国 MSB 与澳洲 AUSTRAC 双牌照合规运营、八年零安全事故记录及高效稳定的交易系统，Hotcoin 持续为全球用户提供安全、专业、便捷的数字资产服务。
 
 https://www.techflowpost.com/newsletter/detail_106839.html
2025-11-28 20:29:52,946 - INFO - --------------------------------------------------
2025-11-28 20:29:53,038 - INFO - Channel: -1001735732363
2025-11-28 20:29:53,038 - INFO - Time: 2025-11-28T07:54:12+00:00
2025-11-28 20:29:53,038 - INFO - Content: **Hyperliquid 已在主要永续合约市场激活自动减仓（ADL）清算系统**

深潮 TechFlow 消息，11 月 28 日，据 Financefeeds. 报道，去中心化衍生品交易所 Hyperliquid 已在所有主要永续合约市场激活自动减仓（ADL）清算系统，旨在随着未平仓合约增长和资金费率波动加强风险管理。

ADL 系统作为后备清算机制，当保险基金无法完全吸收破产头寸损失时启动。在此情况下，高杠杆且拥有高未实现收益的盈利交易者可能面临部分或全部头寸被减少以抵消亏损。Hyperliquid 强调，ADL 仅在极端情况下触发，旨在防止可能破坏整个生态系统稳定的连锁反应。

该系统根据杠杆水平、头寸盈利能力和整体系统风险敞口计算交易者的减仓优先级。平台表示，ADL 激活不会影响正常条件下的大多数交易者，主要影响使用高杠杆或在流动性较薄市场持仓的交易者。
 
 https://www.techflowpost.com/newsletter/detail_106838.html
2025-11-28 20:29:53,038 - INFO - --------------------------------------------------
2025-11-28 20:29:53,170 - INFO - Channel: -1001735732363
2025-11-28 20:29:53,170 - INFO - Time: 2025-11-28T07:39:35+00:00
2025-11-28 20:29:53,170 - INFO - Content: **中国新闻周刊：钱志敏极有可能还有比特币尚未被发现或没收，自称 2 万枚 BTC 钱包密码遗失**

深潮 TechFlow 消息，11 月 28 日，据《中国新闻周刊》报道，专项审计显示，自2014年8月至2017年7月，蓝天格锐共吸收资金402亿多元，这些钱均由钱志敏控制支配。自2014年4月至2017年8月，蓝天格锐向128409人返款341亿多元，另有11.4亿多元被用于购买比特币。

媒体从英国法庭获悉的文件也显示，钱志敏共计买入194951枚比特币，高于警方锁定的6.1万枚。但法院并未披露剩余12万多枚比特币的情况。这也就意味着，钱志敏的财产中，极有可能还有比特币尚未被发现或没收。在接受英国媒体采访时，伦敦警察厅刑警乔·莱恩透露，钱志敏说自己一个带有2万枚比特币的钱包“密码遗失”。按照最新换算市价，仅这些“遗失”的比特币，就价值约125亿元。
 
 https://www.techflowpost.com/newsletter/detail_106837.html
2025-11-28 20:29:53,171 - INFO - --------------------------------------------------
2025-11-28 20:29:53,283 - INFO - Channel: -1001735732363
2025-11-28 20:29:53,283 - INFO - Time: 2025-11-28T07:13:13+00:00
2025-11-28 20:29:53,283 - INFO - Content: **韩国金融委员会主席：将扩大“旅行规则”至 100 万韩元以下交易，严厉打击虚拟资产洗钱**

深潮 TechFlow 消息，11 月 28 日，据韩联社报道，韩国金融委员会主席李亿元在金融情报分析院第 19 届反洗钱日纪念仪式上表示，将把被称为"代币实名制"的旅行规则监管扩大至 100 万韩元以下交易，严厉打击利用虚拟资产交易进行的洗钱行为。

目前韩国虚拟资产交易所需根据旅行规则，对 100 万韩元以上的虚拟货币存取款请求收集发送方和接收方的姓名、钱包地址等信息。李亿元强调，将禁止与洗钱风险较高的海外交易所进行虚拟资产交易，有毒品、逃税等犯罪前科者不得成为虚拟资产业务经营者的大股东。
 
 https://www.techflowpost.com/newsletter/detail_106836.html
2025-11-28 20:29:53,283 - INFO - --------------------------------------------------
2025-11-28 20:29:53,384 - INFO - Channel: -1001735732363
2025-11-28 20:29:53,384 - INFO - Time: 2025-11-28T07:09:28+00:00
2025-11-28 20:29:53,384 - INFO - Content: **某交易员在 Hyperliquid 开设价值 8419 万美元 BTC 多单**

深潮 TechFlow 消息，11 月 28 日，据链上分析师 The Data Nerd（@OnchainDataNerd）监测，某交易员在 Hyperliquid 平台开设了价值约 8419 万美元的 BTC 3 倍多头仓位。
 
 https://www.techflowpost.com/newsletter/detail_106835.html
2025-11-28 20:29:53,384 - INFO - --------------------------------------------------
2025-11-28 20:29:53,503 - INFO - Channel: -1001735732363
2025-11-28 20:29:53,503 - INFO - Time: 2025-11-28T07:01:49+00:00
2025-11-28 20:29:53,503 - INFO - Content: **币安 Alpha：今日16:00将开放空投申领，门槛为 252 分**

深潮 TechFlow 消息，11 月 28 日，据官方公告，今日16:00将开放空投申领，拥有至少 252 个币安 Alpha 积分的用户可以按先到先得的方式领取代币，直至空投池全部发放完毕或空投活动结束。更多详情即将公布。
 
 https://www.techflowpost.com/newsletter/detail_106834.html
2025-11-28 20:29:53,503 - INFO - --------------------------------------------------
2025-11-28 20:29:53,636 - INFO - Channel: -1001735732363
2025-11-28 20:29:53,636 - INFO - Time: 2025-11-28T06:51:33+00:00
2025-11-28 20:29:53,636 - INFO - Content: **PDAX：菲律宾代币化资产市场预计 2030 年达 600 亿美元**

深潮 TechFlow 消息，11 月 28 日，据菲律宾数字资产交易所（PDAX）报告，菲律宾代币化资产市场预计到 2030 年将达到 600 亿美元。

PDAX 联合 Saison Capital 和 Onigiri Capital 发布的 Project Bayani 白皮书显示，该预测涵盖政府债券、股票、共同基金及其他投资产品的区块链代币化增长。报告指出，超过 14% 的菲律宾人已持有加密货币，而持有股票和债券的比例分别仅为 2.4% 和不足 1%。
 
 https://www.techflowpost.com/newsletter/detail_106833.html
2025-11-28 20:29:53,636 - INFO - --------------------------------------------------
2025-11-28 20:29:53,728 - INFO - Channel: -1001735732363
2025-11-28 20:29:53,728 - INFO - Time: 2025-11-28T06:48:00+00:00
2025-11-28 20:29:53,728 - INFO - Content: **$ROCK**** 完成回购销毁近20亿枚，持续通缩，本月价格飙升45%，自底部已上涨近20倍**

深潮 TechFlow 消息，11 月 28 日，据官方消息，$ROCK 持续完成大规模回购销毁，本次共销毁 19.4 亿枚 ROCK（约合 349.8 万 USDT）。受通缩效应持续影响，$ROCK 市场表现亮眼，现报 0.00192 USDT，本月累计涨幅达 45%。ROCK自底部已上涨近20倍。

自 ROCK DAO 启动BNB回购计划以来，通过定期销毁机制有效促进去中心化生态的良性循环。随着销毁计划的持续推进，代币稀缺性将进一步凸显，为持有者创造长期价值。
 
 https://www.techflowpost.com/newsletter/detail_106832.html
2025-11-28 20:29:53,728 - INFO - --------------------------------------------------
2025-11-28 20:29:53,862 - INFO - Channel: -1001735732363
2025-11-28 20:29:53,862 - INFO - Time: 2025-11-28T06:46:10+00:00
2025-11-28 20:29:53,862 - INFO - Content: **韩国两名警官因涉及 1.86 亿美元加密货币洗钱案被起诉**

深潮 TechFlow 消息，11 月 28 日，据 Decrypt 报道，韩国两名警官因涉嫌从非法加密货币交易所运营商处收受贿赂被起诉，该交易所与一起价值 1.86 亿美元的语音钓鱼洗钱案有关。

水原地方检察厅刑事部门表示，首尔警察局局长"F"在 2022 年 7 月至 2024 年 2 月期间收受 5.9 万美元贿赂，高级警官"G"同期收受 7500 美元现金和奢侈品。两名警官已被免职。

检方指控，这两名警官为换取贿赂，向犯罪分子提供调查信息、介绍律师、要求解冻犯罪活动账户，并协助联系其他执法人员。

据悉，一个犯罪团伙在首尔江南区等繁华地段开设伪装成礼品券商店的非法现金换加密货币交易所，将语音钓鱼诈骗所得转换为 USDT 稳定币。当局已冻结约 110 万美元非法资产，其中包括 60 万美元 USDT。
 
 https://www.techflowpost.com/newsletter/detail_106831.html
2025-11-28 20:29:53,862 - INFO - --------------------------------------------------
2025-11-28 20:29:53,982 - INFO - Channel: -1001735732363
2025-11-28 20:29:53,982 - INFO - Time: 2025-11-28T06:07:59+00:00
2025-11-28 20:29:53,982 - INFO - Content: **火币HTX已上线AT永续合约，并启动合约交易派对**

深潮 TechFlow 消息，11 月 28 日，据官方公告，火币HTX已于11月28日上线AT/USDT永续合约，最高杠杆20倍。同时，火币HTX于11月28日15:00至12月5日15:00（UTC+8）启动AT合约交易派对，总奖池高达10,000美元。

活动期间，用户完成报名，并参与AT/USDT合约交易，累计有效交易额≥10,000 USDT，即可根据交易额排名瓜分奖池；合约新用户完成AT/USDT合约交易还将获得专属福利。
 
 https://www.techflowpost.com/newsletter/detail_106830.html
2025-11-28 20:29:53,982 - INFO - --------------------------------------------------
2025-11-28 20:29:54,063 - INFO - Channel: -1001735732363
2025-11-28 20:29:54,063 - INFO - Time: 2025-11-28T06:07:00+00:00
2025-11-28 20:29:54,063 - INFO - Content: **Bitget 将捐赠 1,200 万港元，支持香港大埔火灾救援及重建工作**

深潮 TechFlow 消息，11 月 28 日，据官方消息，Bitget 将向香港捐出总额 1,200 万港元，用于支持宏福苑火灾的紧急救援、受灾家庭援助及灾后重建等多项工作。捐款将由三家具有公信力的本地公益机构分别承接与执行：

捐款分配如下：

香港仁济医院 — 500 万港元，用于协助处理紧急医疗支援、受伤人士治疗相关费用，以及为受影响家庭提供必要的健康与康复支持。

香港救世军 — 350 万港元，用于提供经济援助、临时安置、生活物资及灾后基本生活重建相关服务，帮助受灾家庭尽快恢复日常。

香港保良局 — 350 万港元 ，用于社区支援、心理辅导、家庭援助，以及火灾后续的社会工作跟进，协助受影响居民度过过渡期。

Bitget 表示，希望每一分善款都将用得透明、及时、到位，透过本次捐款，与本地公益机构共同为受灾居民提供及时、务实的支援，帮助社区尽快重建、恢复正常生活。
 
 https://www.techflowpost.com/newsletter/detail_106829.html
2025-11-28 20:29:54,063 - INFO - --------------------------------------------------
2025-11-28 20:29:54,222 - INFO - Channel: -1001735732363
2025-11-28 20:29:54,222 - INFO - Time: 2025-11-28T06:02:18+00:00
2025-11-28 20:29:54,223 - INFO - Content: **云锋金融捐赠 1000 万港元支持香港火灾救援工作**

深潮 TechFlow 消息，11 月 28 日，据官方公告，马云支持的云锋金融集团及下属万通保险宣布，紧急捐赠1000万港元专项善款，用于受灾居民的医疗救治、紧急安置及过渡期生活补助等关键救援事宜。
 
 https://www.techflowpost.com/newsletter/detail_106828.html
2025-11-28 20:29:54,223 - INFO - --------------------------------------------------
2025-11-28 20:29:54,363 - INFO - Channel: -1001735732363
2025-11-28 20:29:54,363 - INFO - Time: 2025-11-28T05:37:53+00:00
2025-11-28 20:29:54,363 - INFO - Content: **Polygon 高管：稳定币将迎来"超级周期"，5 年内发行方或超 10 万个**

深潮 TechFlow 消息，11 月 28 日，据 The Fintech Times 报道，Polygon 全球支付与 RWA 负责人 Aishwary Gupta 预测稳定币将迎来"超级周期"，预计 5 年内稳定币发行方数量将超过 10 万个。

Gupta 表示，当前正处于"超级周期"的开端，从银行到大型科技公司的每个主要实体都将尝试推出自己的稳定币。他指出，稳定币的爆发式增长将对传统银行模式构成威胁，因为稳定币提供的收益率往往超过银行存款，导致资本流向链上。为应对资本外流，银行将发行"存款代币"——客户存款的数字化表示，使资金保留在银行生态系统内的同时提供区块链技术的实用性。
 
 https://www.techflowpost.com/newsletter/detail_106827.html
2025-11-28 20:29:54,363 - INFO - --------------------------------------------------
2025-11-28 20:29:54,508 - INFO - Channel: -1001735732363
2025-11-28 20:29:54,509 - INFO - Time: 2025-11-28T05:30:09+00:00
2025-11-28 20:29:54,509 - INFO - Content: **经济学家：研究显示住房危机正推动美国 Z 世代转向加密货币投资和经济虚无主义**

深潮 TechFlow 消息，11 月 28 日，据英国《金融时报》报道，芝加哥大学和伊利诺伊州西北大学经济学家发布的研究显示，面临住房购买无望的年轻人更倾向于投资加密货币等高风险金融资产。

研究人员 Seung Hyeong Lee 和 Younggeun Yoo 通过分析美国人的信用卡交易、财富和态度数据发现，那些几乎没有现实可能购买房屋的年轻成年人，在减少工作努力、增加休闲支出和投资包括加密货币在内的风险资产方面表现突出。相比之下，那些有望在中期内实现住房拥有或已经拥有住房的人风险承担较少，工作更加努力。

研究还发现，随着住房可负担性恶化，那些认为自己被锁定在住房拥有之外的人会采取高风险投注和"金融虚无主义"的混合策略。
 
 https://www.techflowpost.com/newsletter/detail_106826.html
2025-11-28 20:29:54,509 - INFO - --------------------------------------------------
2025-11-28 20:29:54,626 - INFO - Channel: -1001735732363
2025-11-28 20:29:54,626 - INFO - Time: 2025-11-28T05:21:29+00:00
2025-11-28 20:29:54,626 - INFO - Content: **某巨鲸 5 天内再购入 4.04 万枚 AAVE 代币，3 年累计持仓浮盈 460 万美元**

深潮 TechFlow 消息，11 月 28 日，据 Lookonchain 监测，随着市场下跌，巨鲸 0xE9D0 在过去 5 天内再次购入 40,433 枚 AAVE 代币，价值约 710 万美元。

该巨鲸在过去 3 年中累计购入 292,838 枚 AAVE 代币，总价值 5450 万美元，平均成本约为 170 美元。按当前价格计算，该巨鲸持仓浮盈约 460 万美元。

 
 
 https://www.techflowpost.com/newsletter/detail_106825.html
2025-11-28 20:29:54,626 - INFO - --------------------------------------------------
2025-11-28 20:29:54,777 - INFO - Channel: -1001735732363
2025-11-28 20:29:54,777 - INFO - Time: 2025-11-28T05:13:04+00:00
2025-11-28 20:29:54,777 - INFO - Content: **Chainlink 储备库新增 89,079 枚 LINK 代币，总持有量达 973,752 枚**

深潮 TechFlow 消息，11 月 28 日，据 Chainlink 今日凌晨发文披露，Chainlink 储备库今日新增积累 89,079.05 枚 LINK 代币。截至目前，Chainlink 储备库总持有量已达 973,752.70 枚 LINK 。
 
 https://www.techflowpost.com/newsletter/detail_106824.html
2025-11-28 20:29:54,777 - INFO - --------------------------------------------------
2025-11-28 20:29:54,834 - INFO - Channel: -1001735732363
2025-11-28 20:29:54,834 - INFO - Time: 2025-11-28T05:05:24+00:00
2025-11-28 20:29:54,834 - INFO - Content: 🌟 推荐阅读

Vitalik 捐了 256 个 ETH 给 2 个你没听过的聊天软件，到底在押注什么？
https://www.techflowpost.com/article/detail_29340.html

📖 相关推荐

Vitalik 今晨宣布向 Session 和 SimpleX 各捐赠 128 ETH，称支持隐私通讯发展
https://www.techflowpost.com/newsletter/detail_106673.html

解读 Vitalik 长文：聪明人为何要坚守「笨规则」？
https://www.techflowpost.com/article/detail_29293.html

Vitalik 向左，华尔街向右
https://www.techflowpost.com/article/detail_28326.html
2025-11-28 20:29:54,834 - INFO - --------------------------------------------------
2025-11-28 20:29:54,917 - INFO - Channel: -1001735732363
2025-11-28 20:29:54,917 - INFO - Time: 2025-11-28T04:57:27+00:00
2025-11-28 20:29:54,917 - INFO - Content: 🌟 推荐阅读

查理芒格最后的岁月：99 岁仍在大胆投资，扶持年轻邻居打造地产帝国
https://www.techflowpost.com/article/detail_29338.html

📖 相关推荐

查理芒格生前最后访谈：世界充满欺骗，年轻人越来越难
https://www.techflowpost.com/article/detail_14678.html

如何度过比特币寒冬？投资策略、建议和底部判断
https://www.techflowpost.com/article/detail_29278.html

全球流动性之父 Michael Howell：扩张周期即将见顶，你必须同时持有比特币和黄金
https://www.techflowpost.com/article/detail_29302.html
2025-11-28 20:29:54,917 - INFO - --------------------------------------------------
2025-11-28 20:29:55,024 - INFO - Channel: -1001735732363
2025-11-28 20:29:55,024 - INFO - Time: 2025-11-28T04:49:24+00:00
2025-11-28 20:29:55,024 - INFO - Content: **不丹王国政府向 QCP Capital 转移 160.35 枚 ETH，价值约 48.3 万美元**

深潮 TechFlow 消息，11 月 28 日，据 OnchainLens 监测，不丹王国政府向 QCP Capital 转移了 160.35 枚 ETH，价值约 48.3 万美元，并可能继续存入更多资产。
 
 https://www.techflowpost.com/newsletter/detail_106823.html
2025-11-28 20:29:55,024 - INFO - --------------------------------------------------
2025-11-28 20:29:55,078 - INFO - Channel: -1001735732363
2025-11-28 20:29:55,078 - INFO - Time: 2025-11-28T04:37:27+00:00
2025-11-28 20:29:55,078 - INFO - Content: 🌟 推荐阅读

对话 VanEck 投资经理：从机构的角度看，你现在该买 BTC 吗？
https://www.techflowpost.com/article/detail_29337.html

📖 相关推荐

对话 VanEck 数字资产研究主管：比特币四年牛市周期还在吗？
https://www.techflowpost.com/article/detail_27796.html

对话 Bitwise 投资顾问：流动性紧缩+地缘政治危机，BTC 还有牛吗？
https://www.techflowpost.com/article/detail_29237.html

比特币四年周期已结束，取而代之的是更易预测的两年周期
https://www.techflowpost.com/article/detail_29327.html
2025-11-28 20:29:55,078 - INFO - --------------------------------------------------
2025-11-28 20:29:55,220 - INFO - Channel: -1001735732363
2025-11-28 20:29:55,220 - INFO - Time: 2025-11-28T04:13:11+00:00
2025-11-28 20:29:55,220 - INFO - Content: **Matrixport 集团与员工共同捐赠 300 万港元，支援香港火灾救援与重建**

深潮 TechFlow 消息，11 月 28 日，为全力支持香港大埔火灾的紧急救援及灾后安置和重建工作，Matrixport 集团通过香港分公司向相关救援机构捐赠 300 万港元。该笔善款由集团与员工共同捐助，将专项用于灾后救援与重建工作。

灾情发生后，集团立即与香港相关机构沟通协调，迅速落实捐款事宜。Matrixport 向在本次事故中不幸遇难的市民及殉职消防员致以深切悼念，对前线消防救援和救护人员致以崇高的敬意，并向伤亡人员家属致以诚挚的慰问。

Matrixport 将继续密切关注灾后进展，并与本地公益合作伙伴保持协作，为受影响的香港社区提供持续支持。
 
 https://www.techflowpost.com/newsletter/detail_106822.html
2025-11-28 20:29:55,220 - INFO - --------------------------------------------------
2025-11-28 20:29:55,453 - INFO - Channel: -1001735732363
2025-11-28 20:29:55,453 - INFO - Time: 2025-11-28T04:11:28+00:00
2025-11-28 20:29:55,453 - INFO - Content: **标普500及纳斯达克100期货自11:44以来无交易数据**

深潮 TechFlow 消息，11 月 28 日，据金十数据报道，LSEG数据显示，自格林威治标准时间03:44（北京时间11:44）以来，标普500期货和纳斯达克100期货无交易数据。
 
 https://www.techflowpost.com/newsletter/detail_106821.html
2025-11-28 20:29:55,453 - INFO - --------------------------------------------------
2025-11-28 20:29:55,594 - INFO - Channel: -1001735732363
2025-11-28 20:29:55,594 - INFO - Time: 2025-11-28T04:01:06+00:00
2025-11-28 20:29:55,594 - INFO - Content: **澳大利亚 Monochrome 现货比特币 ETF 的 BTC 持仓已升至 1158 枚**

深潮 TechFlow 消息，11 月 28 日，据官方公告，澳大利亚Monochrome现货比特币ETF（IBTC）披露截至11月25日持仓量已达到1158枚比特币，持仓市值已超过1.61亿澳元。
 
 https://www.techflowpost.com/newsletter/detail_106820.html
2025-11-28 20:29:55,594 - INFO - --------------------------------------------------
2025-11-28 20:29:55,654 - INFO - Channel: -1001735732363
2025-11-28 20:29:55,654 - INFO - Time: 2025-11-28T03:51:04+00:00
2025-11-28 20:29:55,654 - INFO - Content: **市场消息：芝商所（CME Group）大宗商品期货交易暂停**

深潮 TechFlow 消息，11 月 28 日，据金十数据报道，有市场消息称：芝商所（CME Group）大宗商品期货交易暂停。
 
 https://www.techflowpost.com/newsletter/detail_106819.html
2025-11-28 20:29:55,654 - INFO - --------------------------------------------------
2025-11-28 20:29:55,704 - INFO - Channel: -1001735732363
2025-11-28 20:29:55,704 - INFO - Time: 2025-11-28T03:49:02+00:00
2025-11-28 20:29:55,704 - INFO - Content: **Solana：将致力于成为金融领域的亚马逊**

深潮TechFlow消息，11月28日，Solana在X平台发文表示将致力于成为金融领域的亚马逊，并分析指出：亚马逊通过专注于快速交付和低成本（客户体验）成为实体产品的万能商店，从而形成增长飞轮带来更多流量，进而吸引更多卖家，为不断改进底层基础设施和保持飞轮运转提供资源。
Solana致力于成为数字和金融产品的一站店，专注于速度和低成本从而形成增长飞轮，带来更多流量（用户+流动性），进而带来更多卖家（发行方）和更多产品（链上资产），提供资源来不断改进底层基础设施（IBRL），并保持飞轮运转。
 
 https://www.techflowpost.com/newsletter/detail_106818.html
2025-11-28 20:29:55,704 - INFO - --------------------------------------------------
2025-11-28 20:29:55,789 - INFO - Channel: -1001735732363
2025-11-28 20:29:55,789 - INFO - Time: 2025-11-28T03:39:44+00:00
2025-11-28 20:29:55,789 - INFO - Content: **Bitget 推出第 3 期 VIP专享空投活动，交易解锁 2.5 万枚 XRP**

深潮 TechFlow 消息，11 月 28 日，Bitget 推出第 3 期 VIP专享空投活动，VIP 用户均可参与。活动期间完成特定合约、现货交易任务，单人最高可得 240 枚 XRP 代币空投。总奖池 25,000 枚 XRP，采取先到先得的模式。

详细规则已在 Bitget 官方平台发布，符合条件的用户点击「立即加入」按钮完成报名，方可参与活动。活动时间截止 12 月 3 日 18:00（UTC+8）。
 
 https://www.techflowpost.com/newsletter/detail_106817.html
2025-11-28 20:29:55,789 - INFO - --------------------------------------------------
2025-11-28 20:29:56,018 - INFO - Channel: -1001735732363
2025-11-28 20:29:56,018 - INFO - Time: 2025-11-28T03:30:50+00:00
2025-11-28 20:29:56,019 - INFO - Content: **火币HTX与波场TRON联合捐赠1,000万港元，支持香港大埔火灾救援工作**

深潮 TechFlow 消息，11 月 28 日，火币HTX与波场TRON联合宣布紧急启动慈善援助机制，向香港捐赠1,000万港元，用于大埔火灾一线救援、受灾居民临时安置及基本生活物资保障。

在联合声明中，火币HTX与波场TRON表示，“向奋战在前线的消防、医护及社区工作人员致以敬意。我们将与香港市民携手同行，并持续关注灾后需求，以实际行动践行企业社会责任。”
 
 https://www.techflowpost.com/newsletter/detail_106816.html
2025-11-28 20:29:56,019 - INFO - --------------------------------------------------
 
Keywords:  [('用例', 0.7249), ('全新', 0.6075), ('产品', 0.5816), ('auction', 0.3688)]
Mentioned Currencies:  
Keywords:  [('highhighstreet', 0.4806), ('high', 0.4687), ('gudchain', 0.2735), ('launch', 0.252), ('fair', 0.2042), ('公链', 0.1776), ('游戏', 0.1772), ('发布', 0.1715), ('首个', 0.1047), ('推出', 0.0877)]
Mentioned Currencies:  
Keywords:  [('亿美元', 0.5573), ('fund', 0.4725), ('钱包', 0.4517), ('blackrock', 0.4176), ('ondofinance', 0.3461), ('usdc', 0.2617), ('余额', 0.2529), ('ondo', 0.2202), ('发送', 0.1992), ('buidl', 0.1873)]
Mentioned Currencies:  Toncoin
Keywords:  [('gftgifto', 0.4604), ('telegram', 0.446), ('gft', 0.4125), ('网络', 0.3806), ('应用程序', 0.3505), ('迷你', 0.3177), ('代币', 0.3152), ('产品开发', 0.308), ('礼品', 0.2759), ('集成', 0.2517)]
Mentioned Currencies:  
Keywords:  [('flowsec', 0.3469), ('dapper', 0.3161), ('shot', 0.2958), ('开发商', 0.2834), ('调查', 0.2702), ('top', 0.2405), ('nba', 0.232), ('labs', 0.1018), ('结案', 0.1011)]
Mentioned Currencies:  
Keywords:  [('ventures', 0.564), ('arweave', 0.4484), ('berenbaum', 0.4152), ('artate', 0.3068), ('ao', 0.2788), ('斥资', 0.2756), ('万美元', 0.2661), ('成立', 0.2537)]
Mentioned Currencies:  Bitcoin Cash,Dogecoin,Litecoin,Bitcoin
Keywords:  [('coinbase', 0.6244), ('现金', 0.3795), ('期货', 0.3679), ('合约', 0.2392), ('derivatives', 0.2053), ('本月', 0.1712), ('比特', 0.1096), ('狗狗', 0.0972), ('准备', 0.0644), ('晚些时候', 0.0601)]
Mentioned Currencies:  
Keywords:  [('rose', 0.5616), ('品牌', 0.4627), ('更新', 0.4256), ('加载', 0.2937), ('正在', 0.2018)]
Mentioned Currencies:  Bitcoin
Keywords:  [('bnb', 0.4455), ('bouncebit', 0.3605), ('投资', 0.3231), ('创新', 0.312), ('抵押', 0.2992), ('币安', 0.2845), ('auction', 0.2671), ('比特', 0.2297), ('实验室', 0.2238), ('cedefi', 0.1815)]
Mentioned Currencies:  
Keywords:  [('chzokx', 0.4802), ('chiliz', 0.4077), ('验证', 0.3129), ('合作', 0.2361)]
Mentioned Currencies:  Toncoin
Keywords:  [('品牌', 0.492), ('klayklayton', 0.2916), ('fincia', 0.1786), ('本月', 0.1425), ('合并', 0.1346), ('揭晓', 0.1147)]
Mentioned Currencies:  Bitcoin
Keywords:  [('香港', 0.3806), ('基金', 0.2368), ('交易所', 0.2348), ('批准', 0.1871), ('可能', 0.1852), ('公布', 0.1754), ('本月', 0.1701), ('首批', 0.1253), ('下周', 0.1233), ('交易', 0.1092)]
Mentioned Currencies:  
Keywords:  [('cyber', 0.7186), ('推出', 0.3431), ('restaking', 0.3108)]
Mentioned Currencies:  
Keywords:  [('protocol', 0.5157), ('dwflabs', 0.3938), ('dao', 0.3045), ('合作伙伴', 0.2941), ('批准', 0.2866), ('dexedexe', 0.2154), ('流动性', 0.145), ('关系', 0.0726), ('建立', 0.0574)]
Mentioned Currencies:  
Keywords:  [('加密', 0.4453), ('犹豫不决', 0.3542), ('卡梅隆', 0.3488), ('货币', 0.3431), ('几年', 0.3076), ('安东尼', 0.3072), ('机会', 0.3007), ('直觉', 0.2984), ('球星', 0.2968), ('说道', 0.293)]
Mentioned Currencies:  
Keywords:  [('市场', 0.4189), ('ebs', 0.363), ('开放', 0.3534), ('cme', 0.2665), ('时间', 0.248), ('北京', 0.1816), ('标准', 0.18), ('数据', 0.1617), ('报道', 0.1171), ('芝商', 0.0879)]
Mentioned Currencies:  
Keywords:  [('advisors', 0.4698), ('bnc', 0.4034), ('bnb', 0.3793), ('董事', 0.3783), ('资产', 0.3535), ('创始人', 0.351), ('董事会', 0.3487), ('私募', 0.3466), ('机构', 0.344), ('公司', 0.3297)]
Mentioned Currencies:  
Keywords:  [('资产', 0.5114), ('assets', 0.4905), ('亿加元', 0.4427), ('现金', 0.4423), ('债务', 0.4315), ('净利润', 0.4169), ('投资', 0.3948), ('blockchain', 0.3807), ('bbkcf', 0.3516), ('digital', 0.3303)]
Mentioned Currencies:  
Keywords:  [('捐款', 0.4762), ('捐赠', 0.4658), ('香港', 0.4646), ('慈善', 0.435), ('cobo', 0.3384), ('救援', 0.3114), ('港币', 0.3101), ('社区', 0.3038), ('基金会', 0.2684), ('火灾', 0.2642)]
Mentioned Currencies:  
Keywords:  [('alpha', 0.4604), ('bybit', 0.36), ('平台', 0.288), ('黄金', 0.2839), ('账户', 0.2746), ('farm', 0.2648), ('资产', 0.2397), ('链上', 0.2224), ('资金', 0.2198), ('上线', 0.2114)]
Mentioned Currencies:  
Keywords:  [('合法化', 0.4356), ('加密', 0.4173), ('土库曼斯坦', 0.4139), ('2026', 0.3843), ('监管', 0.3673), ('中亚国家', 0.3527), ('许可证', 0.3339), ('法律', 0.329), ('货币', 0.3224), ('法案', 0.3071)]
Mentioned Currencies:  
Keywords:  [('2025', 0.4526), ('时间', 0.3904), ('okx', 0.3802), ('合约', 0.3406), ('永续', 0.3369), ('上线', 0.286), ('官方', 0.2742), ('端及', 0.24), ('公告', 0.2393), ('app', 0.2241)]
Mentioned Currencies:  
Keywords:  [('decrypt', 0.4843), ('加密', 0.4783), ('特朗普', 0.4642), ('腐败', 0.4464), ('亿美元', 0.3955), ('白宫', 0.3568), ('总统', 0.3336), ('民主党', 0.2949), ('货币', 0.2875), ('众议员', 0.2788)]
Mentioned Currencies:  Aster
Keywords:  [('大赛', 0.4389), ('竞赛', 0.4388), ('参赛者', 0.4351), ('奖金', 0.4343), ('奖励', 0.3845), ('夺冠', 0.3187), ('收益', 0.3064), ('交易', 0.2937), ('aster', 0.2849), ('模型', 0.2841)]
Mentioned Currencies:  
Keywords:  [('捐款', 0.5121), ('香港', 0.5104), ('捐赠', 0.4912), ('捐助', 0.4895), ('万港元', 0.4721), ('捐至', 0.402), ('援助', 0.3332), ('救援', 0.3158), ('总额', 0.2975), ('承诺', 0.2541)]
Mentioned Currencies:  
Keywords:  [('风险', 0.5512), ('国际货币基金组织', 0.4877), ('波动性', 0.4836), ('金融交易', 0.4507), ('警告', 0.3743), ('预测', 0.3609), ('市场', 0.3564), ('货币', 0.3421), ('未来', 0.306), ('连锁反应', 0.3047)]
Mentioned Currencies:  
Keywords:  [('交易平台', 0.5189), ('芝加哥商品交易所', 0.4981), ('市场', 0.4937), ('欧盟', 0.4074), ('开放', 0.3453), ('交易', 0.3069), ('数据中心', 0.2909), ('brokertec', 0.2774), ('cme', 0.2728), ('cyrusone', 0.2381)]
Mentioned Currencies:  
Keywords:  [('银行存款', 0.4409), ('日本', 0.4363), ('邮储', 0.4334), ('2026', 0.3959), ('存款', 0.3913), ('coinpost', 0.3745), ('银行', 0.365), ('资金流', 0.3542), ('dcp', 0.3379), ('月租', 0.3212)]
Mentioned Currencies:  
Keywords:  [('银矿', 0.5811), ('白银', 0.5418), ('黄金', 0.522), ('贵金属', 0.4848), ('增速', 0.4482), ('市场', 0.4421), ('涨幅', 0.4248), ('银浆', 0.4183), ('行情', 0.4035), ('价格', 0.3959)]
Mentioned Currencies:  
Keywords:  [('香港特区政府', 0.5672), ('募捐', 0.4707), ('香港', 0.4564), ('捐赠', 0.4368), ('提供支援', 0.3696), ('支援', 0.3348), ('灾民', 0.3277), ('火灾', 0.3179), ('援助', 0.2965), ('基金', 0.293)]
Mentioned Currencies:  
Keywords:  [('美国股市', 0.6882), ('stock', 0.5779), ('市场', 0.4143), ('本月', 0.3807), ('时段', 0.367), ('今年', 0.3529), ('结束', 0.348), ('月份', 0.3464), ('时间', 0.3457), ('累跌', 0.3428)]
Mentioned Currencies:  
Keywords:  [('香港', 0.5025), ('加密', 0.3985), ('捐款', 0.3344), ('媒体', 0.3226), ('货币', 0.2622), ('财经', 0.2358), ('值得', 0.2169), ('包括', 0.1909), ('统计', 0.1876), ('公司', 0.1666)]
Mentioned Currencies:  
Keywords:  [('香港', 0.4744), ('2026', 0.4615), ('brands2026', 0.4261), ('亚洲', 0.4189), ('市场', 0.3919), ('新加坡', 0.3563), ('明年', 0.3539), ('上市', 0.3352), ('代币', 0.324), ('brands', 0.3173)]
Mentioned Currencies:  
Keywords:  [('dragonfly', 0.4012), ('电子商务', 0.3669), ('悲观', 0.3552), ('投资者', 0.3174), ('互联网', 0.3156), ('批评者', 0.3103), ('市场', 0.2952), ('市盈率', 0.2862), ('公司', 0.2799), ('虚无主义', 0.271)]
Mentioned Currencies:  Bitcoin
Keywords:  [('巨鲸', 0.5083), ('价为', 0.4928), ('lookonchain', 0.4558), ('美元', 0.4478), ('万美元', 0.3603), ('0x0ddf9', 0.3209), ('价值', 0.3189), ('损失', 0.2543), ('地址', 0.2374), ('仓位', 0.2361)]
Mentioned Currencies:  
Keywords:  [('漏洞', 0.4646), ('安全措施', 0.3997), ('安全', 0.3949), ('致歉', 0.3912), ('upbit', 0.3758), ('疏漏', 0.3705), ('承认', 0.335), ('受损', 0.3339), ('损失', 0.3315), ('修复', 0.328)]
Mentioned Currencies:  Bitcoin
Keywords:  [('cryptoquant', 0.5181), ('价格上涨', 0.4261), ('2024', 0.3945), ('价格', 0.3934), ('货币', 0.3832), ('亿美元', 0.3714), ('供应量', 0.3709), ('2025', 0.3557), ('市场', 0.3532), ('加密', 0.3451)]2025-11-28 20:29:56,218 - INFO - Channel: -1001735732363
2025-11-28 20:29:56,218 - INFO - Time: 2025-11-28T03:30:31+00:00
2025-11-28 20:29:56,218 - INFO - Content: **某比特币 OG 平仓 5 倍杠杆以太坊多单，获利 78.26 万美元**

深潮 TechFlow 消息，11 月 28 日，据 Onchain Lens 监测，某比特币 OG 已完全平仓其 5 倍杠杆以太坊多头头寸，获利 782,630 美元。
 
 https://www.techflowpost.com/newsletter/detail_106815.html
2025-11-28 20:29:56,218 - INFO - --------------------------------------------------
2025-11-28 20:29:56,303 - INFO - Channel: -1001735732363
2025-11-28 20:29:56,303 - INFO - Time: 2025-11-28T03:27:43+00:00
2025-11-28 20:29:56,303 - INFO - Content: **瑞士将加密货币税务信息共享实施时间推迟至 2027 年**

深潮 TechFlow 消息，11 月 28 日，据 Cointelegraph 报道，瑞士联邦委员会和国际金融事务国务秘书处周三宣布，将自动与海外税务机构交换加密货币账户信息的规则实施时间推迟至 2027 年。

加密资产报告框架（CARF）规则仍将按原计划于 2026 年 1 月 1 日写入法律，但实施时间将推迟至少一年。瑞士政府表示，推迟的原因是税务委员会"暂停了关于瑞士打算根据 CARF 交换数据的合作伙伴国家的审议"。

CARF 是经济合作与发展组织（OECD）于 2022 年批准的全球框架，旨在通过共享加密货币账户数据来遏制通过加密平台进行的税务逃避。目前已有包括瑞士在内的 75 个国家签署了该框架，计划在未来 2 至 4 年内实施。
 
 https://www.techflowpost.com/newsletter/detail_106814.html
2025-11-28 20:29:56,303 - INFO - --------------------------------------------------
2025-11-28 20:29:56,474 - INFO - Channel: -1001735732363
2025-11-28 20:29:56,475 - INFO - Time: 2025-11-28T03:22:08+00:00
2025-11-28 20:29:56,475 - INFO - Content: **"1011 开空内幕巨鲸"平仓 15000 ETH 多单，获利 84.6 万美元**

深潮 TechFlow 消息，11 月 28 日，据链上分析师 Ai 姨（@ai_9684xtpa）监测，"1011 开空内幕巨鲸"已将 15000 ETH（价值 4532 万美元）的多单分批平仓，最终获利 84.6 万美元。

该多单持续不到四天以盈利告终。截至目前，该地址仅有 11.08 BTC 多单处于亏损状态，其余交易均盈利，账户累计盈利达 1.01 亿美元。
 
 https://www.techflowpost.com/newsletter/detail_106813.html
2025-11-28 20:29:56,475 - INFO - --------------------------------------------------
2025-11-28 20:29:56,722 - INFO - Channel: -1001735732363
2025-11-28 20:29:56,722 - INFO - Time: 2025-11-28T03:18:40+00:00
2025-11-28 20:29:56,722 - INFO - Content: **Animoca Brands 计划 2026 年扩展投资重点至稳定币、AI 和 DePIN 领域**

深潮 TechFlow 消息，11 月 28 日，据 Cointelegraph 报道，Web3 游戏巨头 Animoca Brands 首席战略官 Keyvan Peymani 表示，公司计划在明年扩大其约 600 家公司的投资组合，将重点扩展至游戏以外的领域。

Peymani 在接受 CNBC 采访时透露，公司每年投资数十家公司，目标涵盖人工智能、去中心化物理基础设施网络（DePIN）、去中心化金融（DeFi）、游戏以及稳定币等新兴领域。目前，游戏仍是 Animoca Brands 投资组合中的最大类别，在其投资的 628 家公司中有 230 家与游戏相关。

Peymani 强调，稳定币将成为公司近期的主要关注焦点，并表示："我们的目标是在稳定币和现实世界资产（RWA）等令人兴奋的领域成为市场领导者之一。"
 
 https://www.techflowpost.com/newsletter/detail_106812.html
2025-11-28 20:29:56,722 - INFO - --------------------------------------------------
2025-11-28 20:29:56,966 - INFO - Channel: -1001735732363
2025-11-28 20:29:56,966 - INFO - Time: 2025-11-28T03:15:00+00:00
2025-11-28 20:29:56,966 - INFO - Content: **Coinbase：DEX 及借贷服务出现性能问题，正在积极调查**

深潮 TechFlow 消息，11 月 28 日，据官方公告，Coinbase 的 DEX、借贷业务出现性能下降问题。技术团队正在积极调查此问题，并将很快提供更新。Coinbase 强调用户资金安全无虞。目前尚未透露具体的故障原因和预计修复时间。
 
 https://www.techflowpost.com/newsletter/detail_106811.html
2025-11-28 20:29:56,966 - INFO - --------------------------------------------------
2025-11-28 20:29:57,168 - INFO - Channel: -1001735732363
2025-11-28 20:29:57,168 - INFO - Time: 2025-11-28T03:12:17+00:00
2025-11-28 20:29:57,168 - INFO - Content: **CryptoQuant CEO：比特币链上指标呈现看跌信号，进一步上涨需依赖宏观流动性**

深潮 TechFlow 消息，11 月 28 日，CryptoQuant 创始人兼 CEO Ki Young Ju 在社交媒体发文表示，Bitcoin 链上指标呈现看跌信号，进一步上涨可能需要依赖宏观流动性。
 
 https://www.techflowpost.com/newsletter/detail_106810.html
2025-11-28 20:29:57,168 - INFO - --------------------------------------------------
2025-11-28 20:29:57,292 - INFO - Channel: -1001735732363
2025-11-28 20:29:57,292 - INFO - Time: 2025-11-28T02:50:35+00:00
2025-11-28 20:29:57,292 - INFO - Content: **某鲸鱼 ZEC 多单遭完全清算，损失 159 万美元**

深潮 TechFlow 消息，11 月 28 日，据 Onchain Lens 监测，随着 ZEC 价格下跌，某鲸鱼在 ZEC 多头头寸中遭完全清算，损失 159 万美元。该鲸鱼在多个头寸中累计损失 239 万美元，目前仅剩余 2.4 万美元资产。
 
 https://www.techflowpost.com/newsletter/detail_106809.html
2025-11-28 20:29:57,292 - INFO - --------------------------------------------------
2025-11-28 20:29:57,395 - INFO - Channel: -1001735732363
2025-11-28 20:29:57,396 - INFO - Time: 2025-11-28T02:35:55+00:00
2025-11-28 20:29:57,396 - INFO - Content: **Arthur Hayes：预计到 2026 年底，所有 CEX 和 DEX 都将提供股票永续合约**

深潮 TechFlow 消息，11 月 28 日，据 BitMEX 联合创始人 Arthur Hayes 博客，其发文详述永续合约发展历史，并预测其将彻底改变传统金融衍生品交易格局。

Hayes 表示，永续合约解决了杠杆和流动性两大核心问题，成为零售交易者的完美产品。传统金融交易所由于清算所担保结算模式，无法为零售用户提供高杠杆，而加密货币交易所通过社会化损失保证金系统，可提供高达 100 倍杠杆。

Hayes 预测，到 2026 年底，所有去中心化交易所和中心化交易所都将提供股票永续合约，该产品将完全颠覆股票衍生品交易市场。随着美国监管环境转向支持加密货币，传统交易所面临"适应或死亡"的选择，必须调整产品结构以应对加密货币交易所的竞争。
 
 https://www.techflowpost.com/newsletter/detail_106808.html
2025-11-28 20:29:57,396 - INFO - --------------------------------------------------
2025-11-28 20:29:57,764 - INFO - Channel: -1001735732363
2025-11-28 20:29:57,764 - INFO - Time: 2025-11-28T02:19:34+00:00
2025-11-28 20:29:57,764 - INFO - Content: **韩国当局怀疑朝鲜黑客组织 Lazarus 是昨日 Upbit 黑客事件的幕后黑手**

深潮 TechFlow 消息，11 月 28 日，据韩联社报道，关于韩国最大虚拟资产交易所 Upbit 发生的 445 亿韩元（Upbit 官方披露数据为 540 亿韩元）规模虚拟资产被盗事件，当局正重点怀疑朝鲜侦察总局下属黑客组织 Lazarus 为幕后黑手。

此次攻击发生在热钱包中，与 2019 年 Upbit 580 亿韩元以太坊被盗案采用相同手法。政府相关人士表示，攻击者可能通过盗取管理员账户或冒充管理员进行资金转移。

安全专家指出，黑客在攻击后将资金转移至其他交易所钱包并进行混币操作，这是 Lazarus 组织的典型手法。由于加入国际反洗钱金融行动特别工作组的国家无法进行混币操作，朝鲜作案可能性较高。

值得注意的是，此次事件恰好发生在 Naver Financial 与 Dunamu 合并相关记者会当日，专家认为这可能体现了黑客的炫耀心理。目前金融监督院、韩国互联网振兴院等机构正对 Upbit 进行现场检查。
 
 https://www.techflowpost.com/newsletter/detail_106807.html
2025-11-28 20:29:57,764 - INFO - --------------------------------------------------
2025-11-28 20:29:57,983 - INFO - Channel: -1001735732363
2025-11-28 20:29:57,983 - INFO - Time: 2025-11-28T02:11:13+00:00
2025-11-28 20:29:57,983 - INFO - Content: **MegaETH ：将退还预存桥筹集所有的资金**

深潮 TechFlow 消息，11 月 28 日，据 MegaETH 官方公告，该项目决定退还预存桥（Pre-Deposit Bridge）所有募集资金。MegaETH 表示，此次执行存在不足，且期望与项目目标未能保持一致。该项目原本计划通过预存桥预加载抵押品，以确保在主网上线时实现 1:1 的 USDm 兑换。
 
 https://www.techflowpost.com/newsletter/detail_106806.html
2025-11-28 20:29:57,983 - INFO - --------------------------------------------------
2025-11-28 20:29:58,224 - INFO - Channel: -1001735732363
2025-11-28 20:29:58,224 - INFO - Time: 2025-11-28T02:06:47+00:00
2025-11-28 20:29:58,224 - INFO - Content: **某鲸鱼花费 510 万 USDC 购入 1776 万枚 ENA 代币，均价 0.2874 美元**

深潮 TechFlow 消息，11 月 28 日，据 Lookonchain 监测，某神秘鲸鱼地址正在大量买入 ENA 代币。该地址从币安和 Bybit 提取了 1311 万 USDC，并向 Hyperliquid 存入 660 万 USDC 用于购买 ENA。

目前该地址已花费 510 万 USDC，以平均价格 0.2874 美元购入 1776 万枚 ENA 代币。
 
 https://www.techflowpost.com/newsletter/detail_106805.html
2025-11-28 20:29:58,224 - INFO - --------------------------------------------------
2025-11-28 20:29:58,327 - INFO - Channel: -1001735732363
2025-11-28 20:29:58,327 - INFO - Time: 2025-11-28T02:02:58+00:00
2025-11-28 20:29:58,327 - INFO - Content: **不丹政府通过 Figment 质押 320 枚 ETH，价值约 97 万美元**

深潮 TechFlow 消息，11 月 28 日，据 Cointelegraph 报道，区块链数据显示不丹王国政府通过质押服务商 Figment 质押了 320 枚 ETH，价值约 97 万美元。

Figment 是一家质押服务提供商，帮助大型投资者和机构在多个区块链上质押数字资产并获得奖励。今年 10 月，不丹开始将其主权数字身份系统从 Polygon 迁移至以太坊，预计到 2026 年初完成全部迁移。不丹自 2019 年开始利用水电资源挖矿积累比特币，目前持有约 6154 枚 BTC，价值超过 5.62 亿美元。
 
 https://www.techflowpost.com/newsletter/detail_106804.html
2025-11-28 20:29:58,327 - INFO - --------------------------------------------------
2025-11-28 20:29:58,520 - INFO - Channel: -1001735732363
2025-11-28 20:29:58,520 - INFO - Time: 2025-11-28T01:52:55+00:00
2025-11-28 20:29:58,520 - INFO - Content: **“2016 年以太坊远古巨鲸”疑似通过 Wintermute 抛售 1300 ETH，价值 394 万美元**

深潮 TechFlow 消息，11 月 28 日，据链上分析师 Ai 姨（@ai_9684xtpa）监测，成本低至 203.22 美元的 2016 年以太坊远古巨鲸疑似通过 Wintermute 再次抛售 1300 ETH，价值 394 万美元。若卖出该巨鲸将获利 367.6 万美元，九年回报率 1391%。自 11 月 17 日起，该巨鲸已累计向 Wintermute 转移 6000 ETH，总价值 1816 万美元，平均充值价格 3026.77 美元。
 
 https://www.techflowpost.com/newsletter/detail_106803.html
2025-11-28 20:29:58,520 - INFO - --------------------------------------------------
2025-11-28 20:29:58,759 - INFO - Channel: -1001735732363
2025-11-28 20:29:58,759 - INFO - Time: 2025-11-28T01:48:51+00:00
2025-11-28 20:29:58,759 - INFO - Content: 📰 11月28日 加密早报

多家机构向香港捐款，以支持火灾救援与重建等工作

Upbit 披露遭遇攻击，约 540 亿韩元代币被转移至未知钱包

Uniswap"UNIfication"提案以压倒性优势通过初步投票，启动1550万美元漏洞赏金计划

Bitwise 更新其现货 Avalanche ETF 的申请文件，拟加入质押功能

Wormhole：基金会已购入500万美元 W 代币，计入资产负债表

Balancer DAO 正在讨论黑客事件中已追回的 800 万美元资产的分配计划

Bubblemaps 指控 Edel Finance 在代币发行时“狙击”30% 供应量，联合创始人否认相关指控

Mantle网络推出USDT0跨链稳定币服务，实现EVM生态无缝流转

Lido 提出新发展提案：从单一质押产品转向多元化 DeFi 平台

YZi Labs 向 SEC 提交初步同意声明书，寻求扩大 CEA Industries 董事会规模并选举新增董事

Naver 与 Dunamu 计划将投资 68 亿美元发展 AI 和区块链技术

推荐阅读

泡菜溢价 VS 国家黑客，Upbit 数次被盗后的朝韩暗战
https://www.techflowpost.com/article/detail_29322.html

a16z 前合伙人重磅科技报告：AI 如何吞噬世界？
https://www.techflowpost.com/article/detail_29314.html

一览 Solana 最新 x402 黑客松五个获奖项目
https://www.techflowpost.com/article/detail_29319.html

为什么加密行业正在失去年轻人才？
https://www.techflowpost.com/article/detail_29324.html

回顾加密黄金时代：造富狂潮已逝，现在没有傻钱的机会
https://www.techflowpost.com/article/detail_29325.html
2025-11-28 20:29:58,759 - INFO - --------------------------------------------------
2025-11-28 20:29:58,925 - INFO - Channel: -1001735732363
2025-11-28 20:29:58,925 - INFO - Time: 2025-11-28T01:43:43+00:00
2025-11-28 20:29:58,925 - INFO - Content: **风投公司 Entrée Capital 宣布募集 3 亿美元新基金，专注投资 AI、加密货币等早期项目**

深潮 TechFlow 消息，11 月 27 日，据 Entrée Capital 披露，该风险投资公司宣布成功募集 3 亿美元新基金，专门用于早期阶段投资。此次募资使该公司管理资产总额达到 15 亿美元。

新基金将主要部署在以色列、英国、欧洲和美国的种子前、种子轮和 A 轮投资中，重点关注五大领域：人工智能（AI 原生应用、垂直 AI 和基础设施）、深科技与量子计算、软件数据与 B2B 生产力工具、加密货币基础设施与安全，以及前沿创新技术。
 
 https://www.techflowpost.com/newsletter/detail_106802.html
2025-11-28 20:29:58,925 - INFO - --------------------------------------------------
2025-11-28 20:29:59,086 - INFO - Channel: -1001735732363
2025-11-28 20:29:59,086 - INFO - Time: 2025-11-28T01:22:55+00:00
2025-11-28 20:29:59,086 - INFO - Content: **某鲸鱼继续借币增持 WBTC，过去 3 小时借出 550 万 USDT 购入 60.07 枚 WBTC**

深潮 TechFlow 消息，11 月 28 日，据链上分析师 Ai 姨（@ai_9684xtpa）监测，地址 0x931...3c721 在过去 3 小时内从 Aave 借出 550 万枚 USDT，转移至地址 0x276...23E87 并以均价 91,242.6 美元买入 60.07 枚 WBTC。

目前该地址累计在 Aave 抵押 375.07 枚 WBTC，借出 2,248 万枚 USDT。
 
 https://www.techflowpost.com/newsletter/detail_106801.html
2025-11-28 20:29:59,086 - INFO - --------------------------------------------------
2025-11-28 20:29:59,279 - INFO - Channel: -1001735732363
2025-11-28 20:29:59,279 - INFO - Time: 2025-11-28T01:17:54+00:00
2025-11-28 20:29:59,279 - INFO - Content: **Bitmine 再次购入 14,618 枚以太坊，价值 4434 万美元**

深潮 TechFlow 消息，11 月 28 日，据 Onchain Lens 监测，Bitmine 从 BitGo 购入 14,618 枚 ETH，价值 4434 万美元。
 
 https://www.techflowpost.com/newsletter/detail_106800.html
2025-11-28 20:29:59,279 - INFO - --------------------------------------------------
2025-11-28 20:29:59,334 - INFO - Channel: -1001735732363
2025-11-28 20:29:59,334 - INFO - Time: 2025-11-28T01:15:35+00:00
2025-11-28 20:29:59,334 - INFO - Content: **BTC 跌破 91,000 美元，24 小时涨幅缩小至 0.31 %**

深潮 TechFlow 消息，11 月 28 日，据 HTX 行情数据显示，BTC 跌破 91,000 美元，现报 90,986.01 美元，24 小时涨幅缩小至 0.31 %。
 
 https://www.techflowpost.com/newsletter/detail_106799.html
2025-11-28 20:29:59,334 - INFO - --------------------------------------------------
2025-11-28 20:29:59,422 - INFO - Channel: -1001735732363
2025-11-28 20:29:59,422 - INFO - Time: 2025-11-28T01:13:10+00:00
2025-11-28 20:29:59,422 - INFO - Content: **ETH 跌破 3,000 美元，24 小时跌幅 1.31 %**

深潮 TechFlow 消息，11 月 28 日，据 HTX 行情数据显示，ETH 跌破 3,000 美元，现报 2,999.95 美元，24 小时跌幅 1.31 %。
 
 https://www.techflowpost.com/newsletter/detail_106798.html
2025-11-28 20:29:59,422 - INFO - --------------------------------------------------
2025-11-28 20:29:59,470 - INFO - Channel: -1001735732363
2025-11-28 20:29:59,470 - INFO - Time: 2025-11-28T01:05:08+00:00
2025-11-28 20:29:59,470 - INFO - Content: **俄罗斯专家建议对加密货币矿工实施大赦，超 60% 矿工仍未合规注册**

深潮 TechFlow 消息，11 月 28 日，据 Cryptopolitan 报道，俄罗斯国家杜马加密货币立法监管工作组专家委员会成员 Oleg Ogienko 建议政府对使用非法进口挖矿设备的加密货币矿工实施大赦。

Ogienko 在本周于雅库茨克举行的"Digital Almaz"论坛上表示，应通过法律确立对违法进口挖矿设备的大赦，这将有助于更多矿工"走出阴影"。目前约 60% 的俄罗斯加密货币矿工仍未在联邦税务局登记注册，处于监管之外。

据悉，俄罗斯于 2024 年通过立法将数字货币挖矿合法化，目前已有约 150 家挖矿基础设施运营商和近 1300 家挖矿实体正式注册。由于电力短缺问题，今年已有超过 10 个地区临时或永久禁止挖矿活动，联邦政府也支持打击非法挖矿操作。
 
 https://www.techflowpost.com/newsletter/detail_106797.html
2025-11-28 20:29:59,470 - INFO - --------------------------------------------------
2025-11-28 20:29:59,574 - INFO - Channel: -1001735732363
2025-11-28 20:29:59,574 - INFO - Time: 2025-11-28T00:36:43+00:00
2025-11-28 20:29:59,574 - INFO - Content: **现货黄金短线走高逾10美元，突破4180美元/盎司**

深潮 TechFlow 消息，11 月 28 日，据金十数据报道，现货黄金短线走高逾10美元，突破4180美元/盎司。
 
 https://www.techflowpost.com/newsletter/detail_106796.html
2025-11-28 20:29:59,574 - INFO - --------------------------------------------------
2025-11-28 20:29:59,628 - INFO - Channel: -1001735732363
2025-11-28 20:29:59,628 - INFO - Time: 2025-11-28T00:33:34+00:00
2025-11-28 20:29:59,628 - INFO - Content: **Balancer DAO 正在讨论黑客事件中已追回的 800 万美元资产的分配计划**

深潮 TechFlow 消息，11 月 28 日，据 CoinDesk 报道，Balancer DAO 开始讨论向受影响的流动性提供者分配约 800 万美元已回收资产的计划。

这些资金由白帽黑客和内部团队在攻击发生后迅速救回。根据 DAO 贡献者 Xeonus 发布的征求意见稿，该计划包括对白帽黑客的结构化支付以及基于攻击时池持有量快照数据的用户补偿机制。

除通过 DAO 重新分配的 800 万美元外，另有 1970 万美元的 osETH 和 osGNO 由白帽黑客 StakeWise 救回，将单独处理。此外，内部与Certora协同追回的410万美元，因先前有协议，不符合赏金条件。

此前消息，该协议在 11 月 3 日遭受攻击，损失超 1.1 亿美元。
 
 https://www.techflowpost.com/newsletter/detail_106795.html
2025-11-28 20:29:59,628 - INFO - --------------------------------------------------
2025-11-28 20:29:59,742 - INFO - Channel: -1001735732363
2025-11-28 20:29:59,742 - INFO - Time: 2025-11-28T00:22:08+00:00
2025-11-28 20:29:59,742 - INFO - Content: **Amundi 推出首只代币化欧元货币市场基金，首笔交易已于 11 月 4 日记录在以太坊链上
**
深潮 TechFlow 消息，11 月 28 日，据 Cointelegraph 报道，欧洲最大资产管理公司 Amundi 推出其首只代币化股份类别的欧元货币市场基金。该基金采用混合结构，投资者可在传统版本和基于区块链的新版本之间选择，首笔交易已于 11 月 4 日在以太坊网络上记录。

该项目与欧洲资产服务集团 CACEIS 合作开发，后者提供代币化基础设施、投资者钱包和数字订单系统。代币化基金可简化订单处理、拓宽投资者渠道并实现 24/7 交易。该基金主要持有短期高质量欧元计价债务，包括货币市场工具和与欧洲主权国家的隔夜回购协议。
 
 https://www.techflowpost.com/newsletter/detail_106794.html
2025-11-28 20:29:59,742 - INFO - --------------------------------------------------
2025-11-28 20:29:59,845 - INFO - Channel: -1001735732363
2025-11-28 20:29:59,845 - INFO - Time: 2025-11-28T00:20:09+00:00
2025-11-28 20:29:59,845 - INFO - Content: **Bitwise 更新其现货 Avalanche ETF 的申请文件，拟加入质押功能**

深潮 TechFlow 消息，11 月 28 日，据 CoinDesk 报道，Bitwise向美国证券交易委员会（SEC）更新了其现货Avalanche ETF的申请文件，这一修订将Avalanche ETF的代码变更为BAVA，并将管理费率设定为0.34%，目前在同类产品中相对较低。

更新后的 S-1 文件显示，该基金将允许质押最多 70% 的 AVAX 持仓，在 Avalanche 的权益证明机制下赚取额外代币。Bitwise 计划从质押收益中抽取 12% 作为费用，其余部分流向股东。
 
 https://www.techflowpost.com/newsletter/detail_106793.html
2025-11-28 20:29:59,845 - INFO - --------------------------------------------------
2025-11-28 20:30:00,113 - INFO - Channel: -1001735732363
2025-11-28 20:30:00,113 - INFO - Time: 2025-11-28T00:15:27+00:00
2025-11-28 20:30:00,113 - INFO - Content: **Bitfury斥资1200万美元战略投资去中心化AI算力网络Gonka AI**

深潮 TechFlow 消息，11 月 28 日，据福布斯报道，全球头部加密矿企Bitfury集团近日完成对去中心化AI计算网络Gonka.ai的1200万美元战略投资，以0.6美元/枚的价格认购2000万枚GNK代币。Gonka.ai由连续创业者利伯曼兄弟创立，旨在构建基于区块链的分布式GPU算力市场。此次投资是Bitfury设立10亿美元伦理AI基金后的首笔公开投资，预示传统矿企正系统性布局去中心化AI基础设施赛道。

据公开数据，Gonka全网已超5000个英伟达H100系列GPU等效算力，同时支持 3080、4090、H100、H200等近 20 种主流 AI 设备接入，形成分布式算力集群，有望突破英伟达与云服务商垄断，大幅降低AI开发成本。据此前报道，Gonka曾于2023 年完成 1800 万美元融资，投资方包括 OpenAI 投资方 Coatue Management、Solana 投资方 Slow Ventures、K5、Insight 与 Benchmark 的多位合伙人等。早期建设者还包括 6 Block、Hard Yaka、Gcore、Hyperfusion等多家行业知名机构。
 
 https://www.techflowpost.com/newsletter/detail_106792.html
2025-11-28 20:30:00,113 - INFO - --------------------------------------------------
2025-11-28 20:30:00,318 - INFO - Channel: -1001735732363
2025-11-28 20:30:00,319 - INFO - Time: 2025-11-28T00:14:23+00:00
2025-11-28 20:30:00,319 - INFO - Content: **今日恐慌与贪婪指数升至 25，仍处于「极度恐慌状态」**

深潮 TechFlow 消息，11 月 28 日，据 Alternative.me 数据，今日加密货币恐慌与贪婪指数升至 25（昨日该指数为 22），表明市场仍处于「极度恐慌状态」。
 
 https://www.techflowpost.com/newsletter/detail_106791.html
2025-11-28 20:30:00,319 - INFO - --------------------------------------------------
2025-11-28 20:30:00,385 - INFO - Channel: -1001735732363
2025-11-28 20:30:00,385 - INFO - Time: 2025-11-28T00:10:57+00:00
2025-11-28 20:30:00,385 - INFO - Content: **“以循环贷方式高位囤积 WBTC 及 ETH 的巨鲸”继续割肉卖出 350 枚 WBTC，亏损 1016 万美元**

深潮 TechFlow 消息，11 月 28 日，据链上分析师余烬（@EmberCN）监测，此前以循环贷方式高位囤积 WBTC 及 ETH 的某巨鲸继续割肉清仓。

过去一周内，该巨鲸以 87,732 美元的均价卖出 350 枚 WBTC，换取 3070 万 USDT。由于其 WBTC 成本价为 116,762 美元，此次割肉实现亏损 1016 万美元。

目前该巨鲸仍持有 1210 枚 WBTC，浮亏 3090 万美元。

此前该巨鲸已割肉清仓 18,517 枚 ETH，实现亏损 2529 万美元。
 
 https://www.techflowpost.com/newsletter/detail_106790.html
2025-11-28 20:30:00,385 - INFO - --------------------------------------------------
2025-11-28 20:30:00,458 - INFO - Channel: -1001735732363
2025-11-28 20:30:00,459 - INFO - Time: 2025-11-28T00:08:46+00:00
2025-11-28 20:30:00,459 - INFO - Content: **YZi Labs 向 SEC 提交初步同意声明书，寻求扩大 CEA Industries 董事会规模并选举新增董事**

深潮 TechFlow 消息，11 月 27 日，据 YZi Labs 披露，该公司已向美国证券交易委员会提交初步同意声明书，寻求股东书面同意增加 CEA Industries Inc.（纳斯达克：BNC）董事会规模并选举新增董事。

作为 BNC 的股东，YZi Labs 表示，尽管 BNC 今年夏天完成了 5 亿美元的 PIPE 融资，且其主要资产 BNB 价格大幅上涨，但公司表现仍未达到预期。

YZi Labs 负责人 Ella Zhang 表示，BNC 的糟糕表现直接源于战略执行不力、投资者沟通不足以及缺乏有效监督。该公司还对 BNC 在关键 SEC 文件提交方面的延迟、缺乏数字资产库存和净资产价值的投资者更新，以及投资者对公司身份和战略的持续困惑表示担忧。
 
 https://www.techflowpost.com/newsletter/detail_106789.html
2025-11-28 20:30:00,459 - INFO - --------------------------------------------------
2025-11-28 20:30:00,586 - INFO - Channel: -1001735732363
2025-11-28 20:30:00,586 - INFO - Time: 2025-11-28T00:05:41+00:00
2025-11-28 20:30:00,586 - INFO - Content: **VanEck 昨日再次质押 12,600 枚 ETH，价值约 3790 万美元**

深潮 TechFlow 消息，11 月 28 日，据 Lookonchain 监测，VanEck 昨日再次质押 12,600 枚 ETH（约 3790 万美元）。
 
 https://www.techflowpost.com/newsletter/detail_106788.html
2025-11-28 20:30:00,586 - INFO - --------------------------------------------------
2025-11-28 20:30:00,682 - INFO - Channel: -1001735732363
2025-11-28 20:30:00,682 - INFO - Time: 2025-11-28T00:03:00+00:00
2025-11-28 20:30:00,682 - INFO - Content: **OKX 向香港捐款 1000 万港币支援紧急救援与恢复工作**

深潮 TechFlow 消息，11 月 28 日，据官方消息，OKX 表示向香港捐款 1,000 万港币，用于支持当地紧急救援和灾后恢复相关工作。
 
 https://www.techflowpost.com/newsletter/detail_106787.html
2025-11-28 20:30:00,682 - INFO - --------------------------------------------------
2025-11-28 20:30:00,765 - INFO - Channel: -1001735732363
2025-11-28 20:30:00,765 - INFO - Time: 2025-11-27T23:57:16+00:00
2025-11-28 20:30:00,765 - INFO - Content: **Wormhole：基金会已购入500万美元 W 代币，计入资产负债表**

深潮 TechFlow 消息，11 月 28 日，Wormhole 在社交媒体发文宣布基金会已购入 500 万美元的 W 代币，计入资产负债表。
 
 https://www.techflowpost.com/newsletter/detail_106786.html
2025-11-28 20:30:00,765 - INFO - --------------------------------------------------
2025-11-28 20:30:00,839 - INFO - Channel: -1001735732363
2025-11-28 20:30:00,839 - INFO - Time: 2025-11-27T23:54:22+00:00
2025-11-28 20:30:00,839 - INFO - Content: **今日CME“美联储观察”数据：12月降息25个基点的概率升至86.9%**

深潮 TechFlow 消息，11 月 28 日，据金十数据报道，今日CME“美联储观察”数据显示：美联储12月降息25个基点的概率为86.9%，维持利率不变的概率为13.1%。

美联储到明年1月累计降息25个基点的概率为67.3%，维持利率不变的概率为9.6%，累计降息50个基点的概率为23.1%。
 
 https://www.techflowpost.com/newsletter/detail_106785.html
2025-11-28 20:30:00,839 - INFO - --------------------------------------------------
2025-11-28 20:30:00,898 - INFO - Channel: -1001735732363
2025-11-28 20:30:00,898 - INFO - Time: 2025-11-27T15:49:08+00:00
2025-11-28 20:30:00,898 - INFO - Content: **今日加密货币市值前100代币涨跌： KAS 涨 17.34%，M 跌 31.38%**

深潮 TechFlow 消息，11 月 27 日，据 Coinmarketcap 数据，今日加密货币市值前 100 代币表现如下，

涨幅前五：

Kaspa (KAS) 涨 17.54%，现价 0.05969 美元；

Flare (FLR) 涨 13.41%，现价 0.01519 美元；

Virtuals Protocol (VIRTUAL) 涨 12.86%，现价 1.01 美元；

Sky (SKY) 涨 11.65%，现价 0.0475 美元；

ether.fi (ETHFI) 涨 10.17%，现价 0.8124 美元。

跌幅前五：

MemeCore (M) 跌 31.38%，现价 1.26 美元；

MYX Finance (MYX) 跌 2.23%，现价 2.60 美元；

Monero (XMR) 跌 1.90%，现价 392.04 美元；

Zcash (ZEC) 跌 1.84%，现价 499.00 美元；

Canton (CC) 跌 1.19%，现价 0.08479 美元。
 
 https://www.techflowpost.com/newsletter/detail_106784.html
2025-11-28 20:30:00,898 - INFO - --------------------------------------------------
2025-11-28 20:30:00,963 - INFO - Channel: -1001735732363
2025-11-28 20:30:00,963 - INFO - Time: 2025-11-27T15:42:22+00:00
2025-11-28 20:30:00,963 - INFO - Content: **机构：美元可能在2026年因美联储的降息而下跌**

深潮 TechFlow 消息，11 月 27 日，Pictet Asset Management 策略师 Luca Paolini 表示，随着经济增长放缓为美联储进一步降息铺平道路，美元明年将面临新一轮疲软。他指出，美元的利率差正在显著收窄。「我们预计美国经济会变得稍微疲软，这将使通胀压力慢慢消失。」相对而言，世界其他地区的经济增长可能会改善，尤其是欧洲和日本。除此之外，美元估值仍显偏高。Pictet 预计，到 2026 年底，美元指数将从目前的 99.55 附近跌至 95。(金十)
 
 https://www.techflowpost.com/newsletter/detail_106783.html
2025-11-28 20:30:00,963 - INFO - --------------------------------------------------

Mentioned Currencies:  Zcash,Hyperliquid
Keywords:  [('开仓价', 0.4608), ('zec', 0.4173), ('早币价', 0.3684), ('美元', 0.3415), ('0xcf9', 0.3202), ('ai9684xtpa', 0.313), ('万美元', 0.2586), ('减仓', 0.2373), ('价值', 0.232), ('仓位', 0.1809)]
Mentioned Currencies:  
Keywords:  [('香港特区政府', 0.4577), ('捐款', 0.4533), ('赈灾', 0.4354), ('viabtc', 0.4053), ('捐出', 0.3854), ('救援', 0.381), ('支援', 0.3435), ('哀悼', 0.3021), ('支持', 0.2996), ('港币', 0.2898)]
Mentioned Currencies:  
Keywords:  [('钱包', 0.4559), ('network', 0.4162), ('兑换', 0.3564), ('用户', 0.3323), ('网络', 0.3254), ('币安', 0.3247), ('跨链', 0.2756), ('资产', 0.2697), ('集成', 0.2298), ('支持', 0.1903)]
Mentioned Currencies:  Ethereum
Keywords:  [('巨鲸', 0.6022), ('亿美元', 0.5335), ('美元', 0.4492), ('均价', 0.3899), ('万美元', 0.3714), ('价值', 0.3442), ('割肉', 0.3137), ('抛售', 0.3129), ('亏损', 0.3082), ('bc853', 0.246)]
Mentioned Currencies:  
Keywords:  [('美元', 0.6115), ('黄金', 0.5507), ('盎司', 0.4682), ('金十', 0.4533), ('下挫', 0.316), ('急跌', 0.295), ('回升', 0.2732), ('现货', 0.2215), ('短线', 0.2013), ('一度', 0.1887)]
Mentioned Currencies:  Ethereum,Bitcoin
Keywords:  [('亿美元', 0.4591), ('价格', 0.4315), ('平均', 0.4192), ('万美元', 0.3427), ('美元', 0.3313), ('整数', 0.3268), ('货币', 0.3075), ('期限', 0.3026), ('四季度', 0.2873), ('btc', 0.2786)]
Mentioned Currencies:  
Keywords:  [('用户', 0.3743), ('小时', 0.3584), ('门槛', 0.3437), ('alpha', 0.3213), ('代币', 0.3122), ('分钟', 0.3074), ('积分', 0.29), ('币安', 0.2878), ('资格', 0.2734), ('消耗', 0.2648)]
Mentioned Currencies:  
Keywords:  [('hotcoin', 0.6668), ('推出', 0.3497), ('即将', 0.3478), ('先机', 0.3467), ('热门', 0.3401), ('安全', 0.3386), ('上线', 0.3366), ('低成本', 0.3327), ('官方消息', 0.3249), ('赛道', 0.3165)]
Mentioned Currencies:  Hyperliquid
Keywords:  [('adl', 0.5582), ('交易所', 0.4786), ('风险管理', 0.4613), ('市场', 0.4544), ('financefeeds', 0.4357), ('交易者', 0.3621), ('基金', 0.3604), ('资金', 0.3591), ('杠杆', 0.3588), ('hyperliquid', 0.3584)]
Mentioned Currencies:  Bitcoin
Keywords:  [('亿多元', 0.4743), ('亿元', 0.4416), ('钱志敏', 0.3756), ('资金', 0.3553), ('钱包', 0.3389), ('钱均', 0.3356), ('密码', 0.3216), ('市价', 0.3044), ('btc', 0.2386), ('返款', 0.2292)]
Mentioned Currencies:  
Keywords:  [('反洗钱', 0.458), ('货币', 0.4483), ('交易所', 0.4446), ('万韩元', 0.4388), ('代币', 0.4182), ('旅行', 0.4102), ('交易', 0.3989), ('亿元', 0.3906), ('钱包', 0.3856), ('存取款', 0.3748)]
Mentioned Currencies:  Bitcoin,Hyperliquid
Keywords:  [('交易员', 0.4466), ('hyperliquid', 0.3484), ('btc3', 0.3222), ('价值', 0.2996), ('btc', 0.284), ('onchaindatanerd', 0.2776), ('万美元', 0.2554), ('分析师', 0.2425), ('data', 0.2068), ('据链', 0.1891)]
Mentioned Currencies:  
Keywords:  [('门槛', 0.4556), ('代币', 0.4101), ('开放', 0.3959), ('币安', 0.3915), ('alpha', 0.3764), ('申领', 0.3747), ('积分', 0.3612), ('发放', 0.3584), ('个币安', 0.358), ('官方', 0.3499)]
Mentioned Currencies:  
Keywords:  [('菲律宾', 0.4584), ('菲律宾人', 0.4253), ('亿美元', 0.3967), ('资产', 0.3849), ('市场', 0.3764), ('2030', 0.37), ('债券', 0.349), ('货币', 0.3472), ('基金', 0.3436), ('股票', 0.3054)]
Mentioned Currencies:  
Keywords:  [('价格', 0.5293), ('销毁', 0.4127), ('涨幅', 0.3961), ('市场', 0.396), ('代币', 0.3906), ('亿枚', 0.3822), ('回购', 0.366), ('价值', 0.3394), ('上涨', 0.3285), ('大规模', 0.3064)]
Mentioned Currencies:  
Keywords:  [('犯罪分子', 0.4726), ('收受贿赂', 0.4615), ('警察局', 0.4597), ('贿赂', 0.4243), ('执法人员', 0.4199), ('犯罪活动', 0.4158), ('韩国', 0.3952), ('诈骗', 0.3944), ('刑事', 0.3922), ('警官', 0.3798)]
Mentioned Currencies:  
Keywords:  [('htx', 0.51), ('交易额', 0.4292), ('美元', 0.4076), ('交易', 0.3809), ('合约', 0.3707), ('usdt', 0.3697), ('000usdt', 0.3388), ('火币', 0.3285), ('期间', 0.2945), ('官方', 0.2815)]
Mentioned Currencies:  
Keywords:  [('香港', 0.5078), ('捐款', 0.4684), ('捐赠', 0.4574), ('经济援助', 0.3987), ('万港元', 0.3982), ('捐出', 0.3487), ('费用', 0.3427), ('援助', 0.3354), ('支援', 0.3239), ('救援', 0.3228)]
Mentioned Currencies:  
Keywords:  [('捐赠', 0.4673), ('香港', 0.4516), ('万港元', 0.3858), ('补助', 0.385), ('救援', 0.3414), ('金融', 0.2868), ('支持', 0.2849), ('火灾', 0.2815), ('保险', 0.2397), ('紧急', 0.2351)]
Mentioned Currencies:  Polygon (prev.MATIC)
Keywords:  [('年内', 0.4809), ('周期', 0.4457), ('代币', 0.3823), ('银行存款', 0.3757), ('收益率', 0.3539), ('资金', 0.3451), ('存款', 0.3197), ('超级', 0.3096), ('稳定', 0.3066), ('资本', 0.3033)]
Mentioned Currencies:  
Keywords:  [('住房', 0.4433), ('经济学家', 0.4236), ('高风险', 0.417), ('风险', 0.4063), ('年轻人', 0.4012), ('世代', 0.3975), ('金融', 0.3871), ('金融资产', 0.387), ('经济', 0.3699), ('支出', 0.3619)]
Mentioned Currencies:  Aave
Keywords:  [('巨鲸', 0.6117), ('成本', 0.5319), ('价格', 0.527), ('美元', 0.4186), ('总价值', 0.3757), ('代币', 0.3577), ('购入', 0.3471), ('万美元', 0.3425), ('价值', 0.3303), ('平均', 0.2988)]
Mentioned Currencies:  Chainlink
Keywords:  [('chainlink', 0.6211), ('link', 0.2888), ('储备库', 0.2502), ('积累', 0.133), ('新增', 0.1112), ('代币', 0.1111), ('持有', 0.0682), ('目前', 0.0592), ('今日', 0.0359), ('截至', 0.0288)]
Mentioned Currencies:  Ethereum
Keywords:  [('隐私', 0.4279), ('通讯', 0.37), ('simplex', 0.3222), ('128eth', 0.3176), ('聪明人', 0.3171), ('软件', 0.2937), ('捐赠', 0.2601), ('推荐', 0.2406), ('vitalik', 0.2406), ('解读', 0.2384)]
Mentioned Currencies:  Bitcoin
Keywords:  [('岁月', 0.4417), ('投资', 0.3838), ('最后', 0.3766), ('建议', 0.3544), ('年轻人', 0.3492), ('推荐', 0.3455), ('年轻', 0.3361), ('策略', 0.3346), ('查理', 0.321), ('度过', 0.3189)]
Mentioned Currencies:  Ethereum
Keywords:  [('capital', 0.3394), ('资产', 0.3322), ('不丹', 0.2838), ('价值', 0.279), ('万美元', 0.2517), ('qcp', 0.2377), ('政府', 0.2209), ('转移', 0.2196), ('王国', 0.1577), ('存入', 0.0957)]
Mentioned Currencies:  Bitcoin
Keywords:  [('四年', 0.3671), ('btc', 0.2991), ('投资', 0.2949), ('两年', 0.2938), ('bitwise', 0.2926), ('预测', 0.2922), ('周期', 0.2805), ('对话', 0.2678), ('推荐', 0.2645), ('资产', 0.2493)]
Mentioned Currencies:  
Keywords:  [('捐款', 0.4201), ('捐赠', 0.4057), ('香港', 0.3961), ('救援', 0.3833), ('捐助', 0.3824), ('matrixport', 0.3504), ('支援', 0.333), ('重建', 0.2922), ('万港元', 0.2819), ('消防员', 0.2698)]
Mentioned Currencies:  
Keywords:  [('期货', 0.4321), ('数据', 0.2712), ('交易', 0.2446), ('以来', 0.1701), ('报道', 0.1371), ('北京', 0.1361), ('标准', 0.1281), ('时间', 0.1274), ('纳斯达克', 0.1153), ('lseg', 0.0637)]
Mentioned Currencies:  Bitcoin
Keywords:  [('亿澳元', 0.3203), ('市值', 0.2621), ('ibtc', 0.2587), ('monochrome', 0.2475), ('btc', 0.2428), ('超过', 0.09), ('etf', 0.076), ('持仓量', 0.068), ('官方', 0.0644), ('持仓', 0.051)]
Mentioned Currencies:  
Keywords:  [('期货交易', 0.5078), ('市场', 0.4285), ('cme', 0.4285), ('暂停', 0.4197), ('消息', 0.2134), ('报道', 0.2095), ('商品', 0.2039), ('芝商', 0.2025), ('数据', 0.1902), ('group', 0.187)]
Mentioned Currencies:  Solana
Keywords:  [('亚马逊', 0.6615), ('金融', 0.3448), ('卖家', 0.2995), ('资产', 0.2884), ('资源', 0.2818), ('ibrl', 0.2793), ('流量', 0.2775), ('低成本', 0.2689), ('交付', 0.2627), ('商店', 0.2598)]
Mentioned Currencies:  XRP
Keywords:  [('vip', 0.4332), ('报名', 0.3461), ('用户', 0.2967), ('总奖池', 0.2949), ('平台', 0.2777), ('解锁', 0.2382), ('xrp', 0.237), ('按钮', 0.2275), ('参与', 0.2163), ('合约', 0.2009)]
Mentioned Currencies:  TRON
Keywords:  [('香港市民', 0.4484), ('慈善', 0.4346), ('香港', 0.4313), ('消防', 0.4258), ('捐赠', 0.4197), ('救援', 0.3866), ('火灾', 0.3756), ('援助', 0.3611), ('htx', 0.3422), ('火币', 0.3287)]2025-11-28 20:30:01,238 - INFO - Channel: -1001735732363
2025-11-28 20:30:01,238 - INFO - Time: 2025-11-27T15:05:08+00:00
2025-11-28 20:30:01,238 - INFO - Content: **全球通胀推动加密货币采用率上升**

深潮 TechFlow 消息，11 月 27 日，据Cointelegraph报道，多国持续面临高通胀压力，促使民众和政府转向加密货币作为替代解决方案。委内瑞拉通胀率高达172%，阿根廷31.3%，土耳其32%，伊朗45.3%，玻利维亚22.23%，这些国家的加密货币交易量显著增长。
 
 https://www.techflowpost.com/newsletter/detail_106781.html
2025-11-28 20:30:01,238 - INFO - --------------------------------------------------
2025-11-28 20:30:01,398 - INFO - Channel: -1001735732363
2025-11-28 20:30:01,398 - INFO - Time: 2025-11-27T15:02:31+00:00
2025-11-28 20:30:01,398 - INFO - Content: **Uniswap"UNIfication"提案以压倒性优势通过初步投票，启动1550万美元漏洞赏金计划**

深潮 TechFlow 消息，11 月 27 日，据The Block报道，Uniswap的"UNIfication"治理提案已在初步Snapshot投票中获得超过6300万UNI代币支持，几乎无人反对。该提案旨在将Uniswap Labs和Uniswap Foundation统一在协调的治理框架下，同时激活协议级费用机制。目前，一项价值1550万美元的Cantina漏洞赏金计划已经启动，覆盖新的费用切换智能合约，为预计下周进行的完整链上投票做准备。
 
 https://www.techflowpost.com/newsletter/detail_106780.html
2025-11-28 20:30:01,398 - INFO - --------------------------------------------------
2025-11-28 20:30:01,762 - INFO - Channel: -1001735732363
2025-11-28 20:30:01,762 - INFO - Time: 2025-11-27T14:54:28+00:00
2025-11-28 20:30:01,762 - INFO - Content: **感恩节比特币价格15年增长史：从0.28美元到9万美元**

深潮 TechFlow 消息，11 月 27 日，据WatcherGuru披露，每年感恩节比特币价格:


 2010: $0.28
 2011: $2.49
 2012: $12.51
 2013: $813
 2014: $376
 2015: $328
 2016: $739
 2017: $8,771
 2018: $4,015
 2019: $7,150
 2020: $18,764
 2021: $58,927
 2022: $16,353
 2023: $37,035
 2024: $95,531
 2025: $91,711


 
 
 https://www.techflowpost.com/newsletter/detail_106779.html
2025-11-28 20:30:01,762 - INFO - --------------------------------------------------
2025-11-28 20:30:01,819 - INFO - Channel: -1001735732363
2025-11-28 20:30:01,819 - INFO - Time: 2025-11-27T14:33:01+00:00
2025-11-28 20:30:01,819 - INFO - Content: **币安向香港捐款1000万港币支持火灾救援与重建**

深潮 TechFlow 消息，11 月 27 日，币安宣布将向香港捐款 1000 万港元，用于支持救灾及后续重建工作。币安表示，将通过相关渠道向灾区进行捐赠，支持宏福苑居民重建家园。币安还向所有大埔受灾民众表达了慰问。
 
 https://www.techflowpost.com/newsletter/detail_106778.html
2025-11-28 20:30:01,819 - INFO - --------------------------------------------------
2025-11-28 20:30:01,912 - INFO - Channel: -1001735732363
2025-11-28 20:30:01,912 - INFO - Time: 2025-11-27T14:25:41+00:00
2025-11-28 20:30:01,912 - INFO - Content: **DeepSeek推出DeepSeekMath‑V2模型**

深潮 TechFlow 消息，11 月 27 日，DeepSeek推出新型数学推理模型DeepSeekMath-V2，采用可自我验证的训练框架。该模型基于DeepSeek-V3.2-Exp-Base构建，通过LLM验证器自动审查生成的数学证明，并利用高难度样本持续优化性能。(金十)
 
 https://www.techflowpost.com/newsletter/detail_106777.html
2025-11-28 20:30:01,912 - INFO - --------------------------------------------------
2025-11-28 20:30:01,978 - INFO - Channel: -1001735732363
2025-11-28 20:30:01,978 - INFO - Time: 2025-11-27T14:13:43+00:00
2025-11-28 20:30:01,978 - INFO - Content: **恶意Chrome扩展程序暗中窃取Solana交易资金**

深潮 TechFlow 消息，11 月 27 日，据Cointelegraph报道，网络安全公司Socket发现一款名为"Crypto Copilot"的恶意Chrome扩展程序正在暗中从用户的Solana交易中窃取资金。该扩展程序允许用户直接从X社交媒体平台进行Solana交易，但会在每笔交易中注入额外指令，抽取至少0.0013 SOL或交易额的0.05%。

与典型的钱包清空恶意软件不同，Crypto Copilot使用Raydium去中心化交易所执行交易，同时添加第二条指令将SOL转移到攻击者钱包，而用户界面仅显示交易概要，隐藏了单独的操作指令。

该扩展程序自2024年6月18日发布以来，目前仅有15名用户。Socket已向Chrome Web Store安全团队提交了下架请求。安全专家提醒用户，Chrome扩展生态系统因其庞大用户群和可扩展设计，长期以来一直是加密货币诈骗的热门目标。
 
 https://www.techflowpost.com/newsletter/detail_106776.html
2025-11-28 20:30:01,978 - INFO - --------------------------------------------------
2025-11-28 20:30:02,134 - INFO - Channel: -1001735732363
2025-11-28 20:30:02,134 - INFO - Time: 2025-11-27T14:07:42+00:00
2025-11-28 20:30:02,134 - INFO - Content: **Infinex将推出Sonar代币销售，估值3亿美元**

深潮 TechFlow 消息，11 月 27 日，据The Block报道，Infinex宣布将开启Sonar代币销售，计划在2026年1月INX代币生成事件(TGE)前分发5%的代币供应，目标筹资1500万美元，完全稀释估值为3亿美元。

此次销售建立在去年成功筹集6770万美元的Patron NFT销售基础上，旨在扩大代币持有者范围。销售分为两条路径：Patron NFT持有者可根据持有量获得最高50万美元的分配额度，非持有者则通过彩票机制参与，上限为每人5000美元。

Infinex创始人Kain Warwick表示，该平台整合了钱包基础设施、交易功能和多链连接，支持超过20个网络的非托管钱包服务。平台将通过多产品收入回购代币，所有财务活动将通过HyperTracker公开透明化。
 
 https://www.techflowpost.com/newsletter/detail_106775.html
2025-11-28 20:30:02,134 - INFO - --------------------------------------------------
2025-11-28 20:30:02,370 - INFO - Channel: -1001735732363
2025-11-28 20:30:02,371 - INFO - Time: 2025-11-27T14:04:46+00:00
2025-11-28 20:30:02,371 - INFO - Content: **Bybit与Mantle联合推出USDT0跨链稳定币服务**

深潮 TechFlow 消息，11 月 27 日，Bybit今日宣布将在Mantle网络上支持USDT0存取款服务，成为首批支持该跨链稳定币标准的主流交易所之一。用户可在Bybit和Mantle网络间直接存取USDT0，并限时享受零手续费提款优惠。

USDT0基于LayerZero构建，采用铸造-销毁架构并保持1:1支持，解决了传统跨链桥接的碎片化问题。该服务实现了跨EVM生态的高效流转，提升了交易速度和安全性。

此次合作使Mantle成为TVL最大的交易所相关Layer 2网络，为链上金融发展奠定新基础。
 
 https://www.techflowpost.com/newsletter/detail_106774.html
2025-11-28 20:30:02,371 - INFO - --------------------------------------------------
2025-11-28 20:30:02,629 - INFO - Channel: -1001735732363
2025-11-28 20:30:02,629 - INFO - Time: 2025-11-27T13:47:47+00:00
2025-11-28 20:30:02,630 - INFO - Content: **Visa与Aquanow合作扩大CEMEA地区稳定币结算业务**

深潮 TechFlow 消息，11 月 27 日，据Cointelegraph报道，Visa宣布与加密基础设施公司Aquanow建立新合作伙伴关系，将在中东欧、中东和非洲(CEMEA)地区扩大稳定币结算业务。该合作将利用USDC等获批准的稳定币进行交易结算，旨在降低跨境支付成本、减少操作摩擦并缩短结算时间。Visa CEMEA地区产品和解决方案负责人Godfrey Sullivan表示，此举将使该地区机构"体验更快速、更简便的结算"，并减少对传统多中介系统的依赖。
 
 https://www.techflowpost.com/newsletter/detail_106773.html
2025-11-28 20:30:02,630 - INFO - --------------------------------------------------
2025-11-28 20:30:02,909 - INFO - Channel: -1001735732363
2025-11-28 20:30:02,909 - INFO - Time: 2025-11-27T13:32:35+00:00
2025-11-28 20:30:02,909 - INFO - Content: **币安将上线AT赚币、买币、闪兑及保证金服务**

深潮 TechFlow 消息，11 月 27 日，据官方公告，币安将于 2025 年 11 月 27 日 14：00（UTC）上线 APRO（AT）的赚币服务，包括 AT 灵活产品在简单赚币上线并开放申购；同时将在 AT 现货上线后一小时内开放买币和闪兑服务，支持 AT 与 BTC、USDT 等零手续费交易；并于同日 14：00（UTC）在保证金服务中新增 AT 作为可借资产，并开放 AT/USDT 和 AT/USDC 交易对。 
 
 https://www.techflowpost.com/newsletter/detail_106772.html
2025-11-28 20:30:02,909 - INFO - --------------------------------------------------
2025-11-28 20:30:03,081 - INFO - Channel: -1001735732363
2025-11-28 20:30:03,081 - INFO - Time: 2025-11-27T13:15:10+00:00
2025-11-28 20:30:03,081 - INFO - Content: **Bybit TradFi 推出新人专享活动，用户最高可领取 $10000 奖励金**

深潮 TechFlow 消息，11 月 27 日，Bybit宣布推出全新 TradFi 奖励金活动，自今日起至12月30日，新注册用户只需完成指定的入金和 TradFi 交易任务，即可赢取高达 $10,000 的奖励金，总奖池高达$500,000。
活动设有六个奖励等级（奖励从 $10 到 $10,000），奖励将根据用户注册后的 15天内净入金金额和 TradFi 交易量发放。每位用户最高有机会领取 $10,000。
Bybit TradFi 提供一站式金融交易平台，集成黄金、外汇、大宗商品和股票 CFD 交易。通过 Bybit，用户可以同时交易加密货币和传统金融资产，满足多元化的投资需求。
 
 https://www.techflowpost.com/newsletter/detail_106770.html
2025-11-28 20:30:03,081 - INFO - --------------------------------------------------
2025-11-28 20:30:03,306 - INFO - Channel: -1001735732363
2025-11-28 20:30:03,306 - INFO - Time: 2025-11-27T13:14:26+00:00
2025-11-28 20:30:03,306 - INFO - Content: **Aave 创始人：英国税务部门确认 DeFi 存款采用"无增益无损"税务处理方式**

深潮 TechFlow 消息，11 月 27 日，英国税务海关总署(HMRC)近日发布DeFi税务咨询结果，明确用户在Aave等平台存入加密资产不被视为资本利得税处置行为，将采用"无增益无损"(NGNL)方法。这一政策对希望用加密货币作为抵押借入稳定币的英国用户是重大利好。Aave Labs创始人Stani Kulechov表示，团队积极参与了此次咨询，确保税务处理反映经济现实。
 
 https://www.techflowpost.com/newsletter/detail_106771.html
2025-11-28 20:30:03,306 - INFO - --------------------------------------------------
2025-11-28 20:30:03,547 - INFO - Channel: -1001735732363
2025-11-28 20:30:03,547 - INFO - Time: 2025-11-27T12:40:31+00:00
2025-11-28 20:30:03,547 - INFO - Content: **某巨鲸开启TWAT订单，累计买入超14万枚HYPE**

深潮 TechFlow 消息，11 月 27 日，据链上分析师 The Data Nerd（@OnchainDataNerd）监测，巨鲸 gtrove_hl 开仓 TWAT 策略，累计买入 141,000 枚 $HYPE 代币，总价值约 491 万美元。
 
 https://www.techflowpost.com/newsletter/detail_106769.html
2025-11-28 20:30:03,547 - INFO - --------------------------------------------------
2025-11-28 20:30:03,760 - INFO - Channel: -1001735732363
2025-11-28 20:30:03,760 - INFO - Time: 2025-11-27T12:28:31+00:00
2025-11-28 20:30:03,760 - INFO - Content: **USDC Treasury在Solana链上新增铸造5亿枚USDC**

深潮 TechFlow 消息，11 月 27 日，据 Whale Alert 监测，USDC Treasury 在 Solana 链上新增铸造 5 亿枚 USDC。
 
 https://www.techflowpost.com/newsletter/detail_106768.html
2025-11-28 20:30:03,760 - INFO - --------------------------------------------------
2025-11-28 20:30:03,792 - INFO - Channel: -1001735732363
2025-11-28 20:30:03,792 - INFO - Time: 2025-11-27T12:14:41+00:00
2025-11-28 20:30:03,792 - INFO - Content: **Goodfood公布2025年财年业绩，净销售额1.21亿加元，调整后EBITDA为600万加元**

深潮 TechFlow 消息，11 月 27 日，加拿大上市公司Goodfood Market Corp.（TSX：FOOD）今日公布2025财年业绩。尽管面临宏观经济挑战，公司全年净销售额达1.21亿加元，第四季度为2500万加元；全年毛利润5000万加元，毛利率保持在42%；调整后EBITDA为600万加元，年度调整后自由现金流为220万加元。

此前消息，加拿大上市公司 Goodfood 宣布采用比特币储备战略，已完成首笔约 100 万美元比特币投资。
 
 
 https://www.techflowpost.com/newsletter/detail_106767.html
2025-11-28 20:30:03,792 - INFO - --------------------------------------------------
2025-11-28 20:30:03,851 - INFO - Channel: -1001735732363
2025-11-28 20:30:03,851 - INFO - Time: 2025-11-27T12:12:41+00:00
2025-11-28 20:30:03,851 - INFO - Content: **BNB Chain任命Nina Rong为增长执行总监，加速全球Web3生态扩张**

深潮 TechFlow 消息，11 月 27 日，BNB Chain官方宣布任命Nina Rong担任增长执行总监，以推动其快速发展阶段的战略布局。Nina拥有多年Web3生态系统拓展经验，在新职位上将主要负责生态发展、加强开发者支持以及拓展全球业务。
 
 https://www.techflowpost.com/newsletter/detail_106766.html
2025-11-28 20:30:03,851 - INFO - --------------------------------------------------
2025-11-28 20:30:04,004 - INFO - Channel: -1001735732363
2025-11-28 20:30:04,004 - INFO - Time: 2025-11-27T12:11:46+00:00
2025-11-28 20:30:04,004 - INFO - Content: **Bybit理财“疯狂星期四”本周活动主打XAUT，新用户年化收益率最高可达555%**

深潮 TechFlow 消息，11 月 27 日，据悉，Bybit理财“疯狂星期四”活动已开放最新理财池，本周福利币种为XAUT、限时 7 天，新用户质押USDT即可获得收益。
活动详情：
- 新用户专享：质押100或以上USDT可解锁 555% XAUT 年化收益率
- 全体用户：质押0.1 或以上 XAUT可解锁最高 10% 年化收益率
Bybit理财“疯狂星期四“于本月推出，每周上新热币，锁仓期仅 7 天，并同时开放两大理财池供新旧用户瓜分。
 
 https://www.techflowpost.com/newsletter/detail_106765.html
2025-11-28 20:30:04,004 - INFO - --------------------------------------------------
2025-11-28 20:30:04,120 - INFO - Channel: -1001735732363
2025-11-28 20:30:04,120 - INFO - Time: 2025-11-27T12:07:04+00:00
2025-11-28 20:30:04,120 - INFO - Content: **以太坊区块gas限制提升至60M，网络容量创四年新高**

深潮 TechFlow 消息，11 月 27 日，据Cointelegraph报道，以太坊网络近日迎来重大技术升级，其主网区块gas限制已成功提升至60M，达到四年来的最高水平。数据显示，超过51.3万个验证者支持此次提升，使网络自动开始扩大区块容量，显著提高了基础层的吞吐量。

此次gas限制提升是由以太坊开发者Eric Connor和Mariano Conti于2024年3月发起的"Pump The Gas"倡议的成果，旨在降低第一层区块链的交易费用并提高网络可扩展性。

以太坊联合创始人Vitalik Buterin表示，这仅是网络扩容的开始，未来一年将继续以更智能的方式优化网络容量。
 
 https://www.techflowpost.com/newsletter/detail_106764.html
2025-11-28 20:30:04,120 - INFO - --------------------------------------------------
2025-11-28 20:30:04,264 - INFO - Channel: -1001735732363
2025-11-28 20:30:04,264 - INFO - Time: 2025-11-27T12:02:38+00:00
2025-11-28 20:30:04,264 - INFO - Content: **孙悟空（SunX）累计交易额突破112亿USDT，百万枚$SUN邀请奖励同步上线**

深潮 TechFlow 消息，11 月 27 日，据官方消息，截至11月26日，去中心化合约交易平台孙悟空（SunX）数据显著增长。其中，SUN/USDT单日成交额突破3500万USDT，日环比增长44%；累计注册地址数超6.8万，累计交易额突破112亿USDT。
此外，孙悟空（SunX）现已上线“邀请好友”活动，总奖池达100万枚$SUN。用户登录孙悟空（SunX）进入【邀请好友】即可获取专属链接或邀请码。每成功邀请一位好友并完成交易任务，邀请人与被邀请者双方均可获得奖励，单人最高可领取 130 枚 $SUN。
 
 https://www.techflowpost.com/newsletter/detail_106763.html
2025-11-28 20:30:04,264 - INFO - --------------------------------------------------
2025-11-28 20:30:04,398 - INFO - Channel: -1001735732363
2025-11-28 20:30:04,398 - INFO - Time: 2025-11-27T12:02:06+00:00
2025-11-28 20:30:04,398 - INFO - Content: **韩国金融业遭大规模勒索软件攻击，28家机构数据被盗**

深潮 TechFlow 消息，11 月 27 日，韩国金融部门近期遭遇严重网络安全事件，Qilin勒索软件组织通过攻击一家管理服务提供商(MSP)，成功入侵28家金融机构系统，窃取超过100万份文件和2TB数据。该事件被攻击者命名为"Korean Leaks"，分三波实施，主要针对韩国资产管理公司。

安全专家怀疑此次攻击可能与北韩黑客组织Moonstone Sleet有关联。攻击者在数据泄露网站上发布信息时，不仅要求赎金，还声称要揭露"系统性腐败"和"股市操纵证据"，试图制造韩国金融市场恐慌。
 
 https://www.techflowpost.com/newsletter/detail_106762.html
2025-11-28 20:30:04,398 - INFO - --------------------------------------------------
2025-11-28 20:30:04,597 - INFO - Channel: -1001735732363
2025-11-28 20:30:04,597 - INFO - Time: 2025-11-27T11:59:03+00:00
2025-11-28 20:30:04,597 - INFO - Content: **某巨鲸从Wintermute收到340万枚ENA，过去10个月里已累计囤积1059万枚ENA**

深潮 TechFlow 消息，11 月 27 日，据链上分析师 The Data Nerd（@OnchainDataNerd）监测，1 小时前，某鲸鱼 0xaf3 从 Wintermute 收到 340 万枚 ENA (约 95.3 万美元)。

在过去的 10 个月里，他总共囤积了 1059 万枚 ENA（约 650 万美元），平均入场价约为 0.614 美元。未实现的损失约为 297 万美元，投资回报率为-45.7%。
 
 https://www.techflowpost.com/newsletter/detail_106761.html
2025-11-28 20:30:04,597 - INFO - --------------------------------------------------
2025-11-28 20:30:04,776 - INFO - Channel: -1001735732363
2025-11-28 20:30:04,776 - INFO - Time: 2025-11-27T11:35:30+00:00
2025-11-28 20:30:04,776 - INFO - Content: **英国财政大臣秋季声明未增加加密税，但监管趋严**

深潮 TechFlow 消息，11 月 27 日，据The Block报道，英国财政大臣Rachel Reeves在最新秋季声明中未对加密货币提出新的税收增加，保持了加密资产与其他资产类别相同的税收待遇。然而，政府正推进更严格的报告和监管措施，包括即将于2026年实施的Crypto-Asset Reporting Framework (CARF)全球税收透明系统。

行业人士对创业支持措施表示欢迎，但警告称英国整体税收和监管环境可能削弱其在金融科技和数字资产领域的全球竞争力。专家担忧，缺乏足够激励措施可能导致高增长的金融科技、AI和Web3企业选择在其他司法管辖区发展，进一步加剧英国近期观察到的人才外流现象。
 
 https://www.techflowpost.com/newsletter/detail_106760.html
2025-11-28 20:30:04,776 - INFO - --------------------------------------------------
2025-11-28 20:30:04,891 - INFO - Channel: -1001735732363
2025-11-28 20:30:04,891 - INFO - Time: 2025-11-27T11:30:23+00:00
2025-11-28 20:30:04,891 - INFO - Content: **某巨鲸沉寂18个月后做多BTC，已浮盈约439万美元**

深潮 TechFlow 消息，11 月 27 日，据链上分析师 Onchain Lens（@OnchainLens）监测，地址在休眠18个月后开设BTC 18倍多头，当前浮动盈利约439万美元。该仓位价值约5670万美元，入场价84,306美元，清算价78,642美元。
 
 https://www.techflowpost.com/newsletter/detail_106759.html
2025-11-28 20:30:04,891 - INFO - --------------------------------------------------
2025-11-28 20:30:05,038 - INFO - Channel: -1001735732363
2025-11-28 20:30:05,038 - INFO - Time: 2025-11-27T11:26:57+00:00
2025-11-28 20:30:05,038 - INFO - Content: **Bitget 上线新一期 CandyBomb，合约交易解锁代币空投**

深潮 TechFlow 消息，11 月 27 日，Bitget 上线新一期 CandyBomb，总奖池为 6,000 枚 BGB。完成特定合约交易量任务，单人最高可得 27 枚 BGB。

详细规则已在 Bitget 官方平台发布，用户点击「立即加入」按钮完成报名，方可参与活动。活动时间截止 12 月 7 日 17:00（UTC+8）。
 
 https://www.techflowpost.com/newsletter/detail_106758.html
2025-11-28 20:30:05,038 - INFO - --------------------------------------------------
2025-11-28 20:30:05,208 - INFO - Channel: -1001735732363
2025-11-28 20:30:05,208 - INFO - Time: 2025-11-27T11:03:00+00:00
2025-11-28 20:30:05,208 - INFO - Content: **SUN 代币第四十九期回购销毁完成**

深潮 TechFlow 消息，11 月 27 日，据SUN.io 官方公告，第四十九期 SUN 代币回购销毁已顺利完成。在2025年11月3日至2025年11月27日期间（新加坡时间），共销毁 2,151,137.8724 枚 SUN 代币，全部已转入黑洞地址进行永久销毁，进一步缩减了 SUN 的流通量。自2021年12月15日（新加坡时间）开始，目前累计回购销毁 SUN 650,686,380.77 枚。本次回购销毁计划有效降低了 SUN 代币的市场流通总量，这一举措不仅增强了市场对 SUN 代币稀缺性的认知，更为其价值增长构建了可持续的发展基础。
 
 https://www.techflowpost.com/newsletter/detail_106757.html
2025-11-28 20:30:05,208 - INFO - --------------------------------------------------
2025-11-28 20:30:05,322 - INFO - Channel: -1001735732363
2025-11-28 20:30:05,322 - INFO - Time: 2025-11-27T10:47:38+00:00
2025-11-28 20:30:05,322 - INFO - Content: **不丹政府向Figment转入320枚ETH进行质押**

深潮 TechFlow 消息，11 月 27 日，据链上分析师 Onchain Lens（@OnchainLens）监测，不丹皇家政府向 Ethereum 2.0 网络 Figment 质押了 320 ETH，约合 97 万美元。
 
 https://www.techflowpost.com/newsletter/detail_106756.html
2025-11-28 20:30:05,322 - INFO - --------------------------------------------------
2025-11-28 20:30:05,402 - INFO - Channel: -1001735732363
2025-11-28 20:30:05,402 - INFO - Time: 2025-11-27T10:34:30+00:00
2025-11-28 20:30:05,402 - INFO - Content: **币安 Alpha 现已支持 Arbitrum 网络**

深潮 TechFlow 消息，11 月 27 日，据官方公告，币安钱包宣布币安 Alpha 已支持 Arbitrum 网络，用户现可在发现和交易 Arbitrum 上最新的 Alpha 代币。币安将为 Arbitrum 网络上的活跃交易者举办交易竞赛，详细信息将另行公布。同时，新一批币安 Alpha 代币也即将推出。
 
 https://www.techflowpost.com/newsletter/detail_106755.html
2025-11-28 20:30:05,402 - INFO - --------------------------------------------------
2025-11-28 20:30:05,512 - INFO - Channel: -1001735732363
2025-11-28 20:30:05,513 - INFO - Time: 2025-11-27T10:33:05+00:00
2025-11-28 20:30:05,513 - INFO - Content: **Avenir Group及其公益基金会宣布捐款1,000 万港元 支援香港大埔火灾救援工作**

深潮 TechFlow 消息，11 月 27 日，Avenir Group及其公益基金会 Avenir Foundation 宣布捐出 1,000 万港元，用于支援大埔区火灾后的紧急救援、受灾居民安置及社区恢复工作。

Avenir Group对本次事故深表关注，并向参与救援的消防、救护及纪律部队人员致敬。相关捐款将用于提供即时所需的支援，包括基本生活物资、临时住宿安排及后续社区重建协助，期望能为受影响家庭带来切实援助，协助社区尽快恢复正常秩序。
 
 https://www.techflowpost.com/newsletter/detail_106754.html
2025-11-28 20:30:05,513 - INFO - --------------------------------------------------
2025-11-28 20:30:05,590 - INFO - Channel: -1001735732363
2025-11-28 20:30:05,590 - INFO - Time: 2025-11-27T09:58:04+00:00
2025-11-28 20:30:05,591 - INFO - Content: **ARK Invest维持比特币2030年目标价150万美元，预期流动性改善将推动市场反弹**

深潮 TechFlow 消息，11 月 27 日，据Cointelegraph报道，ARK Invest首席执行官Cathie Wood重申该公司对比特币的乐观预测，维持2030年"牛市情景"下150万美元的目标价不变。ARK预计随着美国政府关门危机结束，约3000亿美元流动性将在未来5-6周内回归市场，加上美联储计划于12月1日结束量化紧缩并转向量化宽松政策，这些因素将缓解当前影响加密货币和AI市场的"流动性紧缩"。Wood表示尽管稳定币发展分散了部分比特币作为避险资产的角色，但黄金价格的超预期上涨抵消了这一影响，使其牛市预测保持不变。
 
 https://www.techflowpost.com/newsletter/detail_106753.html
2025-11-28 20:30:05,591 - INFO - --------------------------------------------------
2025-11-28 20:30:05,779 - INFO - Channel: -1001735732363
2025-11-28 20:30:05,779 - INFO - Time: 2025-11-27T09:49:47+00:00
2025-11-28 20:30:05,779 - INFO - Content: **韩国Upbit交易所修正被盗金额为445亿韩元**

深潮 TechFlow 消息，11 月 27 日，韩国数字资产交易所Upbit今日(11月27日)遭遇黑客攻击，约445亿韩元资产被盗，主要涉及Solana网络上的数字资产。Upbit已于当日4时41分发现异常转账并向监管机构报告。韩国警方和金融监管部门已对运营商两脑木公司展开现场调查，预计持续至下月5日。Upbit方面表示将以公司资产全额补偿客户损失，确保用户零损失。

此前消息，Upbit 披露遭遇攻击，约 540 亿韩元代币被转移至未知钱包。
 
 https://www.techflowpost.com/newsletter/detail_106752.html
2025-11-28 20:30:05,779 - INFO - --------------------------------------------------
2025-11-28 20:30:05,900 - INFO - Channel: -1001735732363
2025-11-28 20:30:05,900 - INFO - Time: 2025-11-27T09:45:30+00:00
2025-11-28 20:30:05,900 - INFO - Content: **某巨鲸从多个CEX提现了 31.18 亿枚 PUMP，价值 922 万美元**

深潮 TechFlow 消息，11 月 27 日，据链上分析师 Onchain Lens（@OnchainLens）监测，一头巨鲸从多个CEX提现了 31.18 亿枚 PUMP 代币 ，价值 922 万美元
 
 https://www.techflowpost.com/newsletter/detail_106751.html
2025-11-28 20:30:05,900 - INFO - --------------------------------------------------
2025-11-28 20:30:05,965 - INFO - Channel: -1001735732363
2025-11-28 20:30:05,965 - INFO - Time: 2025-11-27T09:30:54+00:00
2025-11-28 20:30:05,965 - INFO - Content: **某巨鲸从 CEX 提取了 7336 万 MON，价值约 300 万美元**

深潮 TechFlow 消息，11 月 27 日，据链上分析平台 Lookonchain（@lookonchain）监测，过去 24 小时内， 鲸鱼 0x9294 从 CEX 提取了 7336 万 MON （300 万美元） 。
 
 https://www.techflowpost.com/newsletter/detail_106750.html
2025-11-28 20:30:05,965 - INFO - --------------------------------------------------
2025-11-28 20:30:06,049 - INFO - Channel: -1001735732363
2025-11-28 20:30:06,049 - INFO - Time: 2025-11-27T09:16:31+00:00
2025-11-28 20:30:06,049 - INFO - Content: **Bitget Wallet 上线 SOL 自建节点质押理财，提供 6.37% 链上收益**

深潮 TechFlow 消息，11 月 27 日，Bitget Wallet 推出 SOL 币本位质押理财服务，通过自建 Solana 验证节点为用户提供链上收益。该产品目前预计年化收益约为 6.37%，收益以 SOL 形式每 2-3 天发放一次，用户可在钱包内手动领取。

该功能支持一键参与，申购后自下一个 Epoch 开始计息，赎回过程约需 2-3 天，本金与收益将一次性到账。Bitget Wallet 表示，其自建节点不依赖第三方服务商，所有收益均来自 Solana 链上机制。

在外部节点服务商此前发生安全事故的背景下，Bitget Wallet 选择自建节点以提升安全性。该产品旨在为用户提供一种在行情波动期间继续以币本位方式增持资产的途径，同时资产始终留存于用户自身钱包，申购与赎回流程公开，不产生额外损耗。
 
 https://www.techflowpost.com/newsletter/detail_106749.html
2025-11-28 20:30:06,049 - INFO - --------------------------------------------------
2025-11-28 20:30:06,177 - INFO - Channel: -1001735732363
2025-11-28 20:30:06,177 - INFO - Time: 2025-11-27T09:06:28+00:00
2025-11-28 20:30:06,177 - INFO - Content: **Crypto Quant创始人：Upbit套利机器人暂时停摆，韩系资金借机拉升山寨币**

深潮 TechFlow 消息，11 月 27 日，Crypto Quant 创始人 Ki Young Ju 在 X 平台发文表示，Upbit 因遭遇黑客攻击而暂停提现后，套利机器人暂时停摆，韩国散户资金趁机在平台内推高多种山寨币价格。
 
 https://www.techflowpost.com/newsletter/detail_106748.html
2025-11-28 20:30:06,177 - INFO - --------------------------------------------------

Mentioned Currencies:  Ethereum,Bitcoin
Keywords:  [('onchain', 0.387), ('美元', 0.3167), ('杠杆', 0.2373), ('万美元', 0.2014), ('获利', 0.1943), ('多头', 0.1209), ('lens', 0.0921), ('头寸', 0.0892), ('多单', 0.0482), ('完全', 0.0446)]
Mentioned Currencies:  
Keywords:  [('瑞士政府', 0.5253), ('瑞士联邦', 0.445), ('瑞士', 0.3893), ('2027', 0.3868), ('2026', 0.3864), ('国际金融', 0.3624), ('税务', 0.3538), ('2022', 0.3281), ('加密', 0.3237), ('年内', 0.307)]
Mentioned Currencies:  
Keywords:  [('亿美元', 0.5531), ('巨鲸', 0.5482), ('盈利', 0.4923), ('价值', 0.3996), ('万美元', 0.3992), ('获利', 0.3533), ('账户', 0.3346), ('交易', 0.3273), ('亏损', 0.3263), ('15000eth', 0.297)]
Mentioned Currencies:  
Keywords:  [('2026', 0.4576), ('brands', 0.4557), ('投资', 0.4364), ('扩大', 0.3655), ('战略', 0.3652), ('市场', 0.3611), ('公司', 0.3375), ('资产', 0.3236), ('明年', 0.3156), ('新兴', 0.3098)]
Mentioned Currencies:  
Keywords:  [('借贷', 0.3483), ('性能', 0.3394), ('coinbase', 0.2907), ('故障', 0.2675), ('安全', 0.2538), ('服务', 0.2291), ('用户', 0.2163), ('dex', 0.2131), ('技术', 0.2129), ('更新', 0.1979)]
Mentioned Currencies:  Bitcoin
Keywords:  [('cryptoquant', 0.5656), ('bitcoin', 0.5643), ('宏观', 0.3639), ('币链', 0.3466), ('流动性', 0.3012), ('信号', 0.2878), ('链上', 0.2693), ('依赖', 0.2677), ('指标', 0.2672), ('ki', 0.2641)]
Mentioned Currencies:  Zcash
Keywords:  [('鲸鱼', 0.5258), ('损失', 0.4407), ('价格', 0.4014), ('下跌', 0.2985), ('万美元', 0.2931), ('zec', 0.2772), ('资产', 0.2654), ('剩余', 0.2193), ('清算', 0.1664), ('onchain', 0.1651)]
Mentioned Currencies:  
Keywords:  [('2026', 0.531), ('交易市场', 0.4924), ('交易所', 0.4412), ('cex', 0.4267), ('股票', 0.4055), ('金融', 0.3807), ('年底', 0.3688), ('交易', 0.3642), ('交易者', 0.3488), ('货币', 0.3435)]
Mentioned Currencies:  
Keywords:  [('黑客', 0.507), ('反洗钱', 0.4193), ('被盗案', 0.4009), ('攻击者', 0.383), ('被盗', 0.3812), ('盗取', 0.3808), ('亿韩元', 0.374), ('韩国', 0.3268), ('upbit580', 0.3102), ('攻击', 0.3032)]
Mentioned Currencies:  
Keywords:  [('桥预', 0.5728), ('bridge', 0.525), ('资金', 0.3992), ('计划', 0.34), ('抵押品', 0.3252), ('兑换', 0.3149), ('筹集', 0.2915), ('预存', 0.2895), ('项目', 0.2881), ('退还', 0.2865)]
Mentioned Currencies:  Ethena,Hyperliquid
Keywords:  [('鲸鱼', 0.5484), ('平均价格', 0.5169), ('花费', 0.4535), ('美元', 0.4474), ('代币', 0.3799), ('均价', 0.3456), ('购入', 0.3354), ('购买', 0.3344), ('ena', 0.2827), ('从币安', 0.2747)]
Mentioned Currencies:  Bitcoin,Polygon (prev.MATIC),Ethereum
Keywords:  [('亿美元', 0.4355), ('不丹', 0.4113), ('万美元', 0.3284), ('资源', 0.3045), ('资产', 0.2975), ('价值', 0.2892), ('政府', 0.2427), ('2026', 0.2363), ('投资者', 0.2344), ('数据', 0.2304)]
Mentioned Currencies:  Ethereum
Keywords:  [('巨鲸', 0.5883), ('价格', 0.5517), ('美元', 0.4469), ('回报率', 0.4256), ('卖出', 0.3944), ('总价值', 0.3832), ('价值', 0.3704), ('万美元', 0.3663), ('成本低', 0.3544), ('抛售', 0.2974)]
Mentioned Currencies:  Avalanche,Mantle
Keywords:  [('捐款', 0.4324), ('亿韩元', 0.4264), ('亿美元', 0.4153), ('黑客', 0.4119), ('漏洞', 0.3935), ('负债表', 0.3903), ('加密', 0.3861), ('基金会', 0.349), ('香港', 0.3435), ('代币', 0.3413)]
Mentioned Currencies:  
Keywords:  [('风险投资', 0.5742), ('投资', 0.561), ('基金', 0.5441), ('资产', 0.4233), ('募资', 0.42), ('亿美元', 0.3841), ('capital', 0.3258), ('创新', 0.3043), ('货币', 0.2919), ('人工智能', 0.2628)]
Mentioned Currencies:  Aave
Keywords:  [('鲸鱼', 0.5621), ('9684xtpa', 0.4429), ('抵押', 0.4386), ('3c721', 0.4366), ('23e87', 0.4295), ('借币', 0.4016), ('借出', 0.3858), ('地址', 0.3565), ('0x276', 0.3528), ('美元', 0.3306)]
Mentioned Currencies:  Ethereum
Keywords:  [('bitmine', 0.4392), ('购入', 0.3272), ('万美元', 0.2654), ('价值', 0.2461), ('onchain', 0.2004), ('lens', 0.1804), ('再次', 0.1228), ('bitgo', 0.1191), ('eth', 0.0933), ('监测', 0.0573)]
Mentioned Currencies:  Bitcoin
Keywords:  [('btc', 0.421), ('美元', 0.2991), ('跌破', 0.2769), ('缩小', 0.2643), ('行情', 0.2619), ('涨幅', 0.2461), ('小时', 0.2374), ('htx', 0.1988), ('数据', 0.1356), ('现报', 0.1074)]
Mentioned Currencies:  
Keywords:  [('跌幅', 0.4382), ('美元', 0.3075), ('跌破', 0.3043), ('行情', 0.2463), ('eth', 0.2286), ('小时', 0.1994), ('htx', 0.1898), ('数据', 0.1284), ('现报', 0.076), ('显示', 0.0635)]
Mentioned Currencies:  
Keywords:  [('加密', 0.4611), ('cryptopolitan', 0.46), ('俄罗斯', 0.4366), ('大赦', 0.4092), ('俄罗斯国家杜马', 0.3906), ('非法', 0.332), ('矿工', 0.3154), ('ogienko', 0.3111), ('oleg', 0.3079), ('违法', 0.3016)]
Mentioned Currencies:  
Keywords:  [('美元', 0.5551), ('黄金', 0.5193), ('盎司', 0.3513), ('短线', 0.2822), ('走高', 0.1711), ('数据', 0.1607), ('现货', 0.1288), ('突破', 0.0774), ('报道', 0.062)]
Mentioned Currencies:  
Keywords:  [('黑客', 0.4765), ('资金', 0.4236), ('回收', 0.3714), ('亿美元', 0.3662), ('补偿', 0.359), ('dao', 0.3541), ('支付', 0.3332), ('重新分配', 0.3248), ('资产', 0.3248), ('贡献者', 0.3141)]
Mentioned Currencies:  Ethereum
Keywords:  [('欧元', 0.5742), ('基金', 0.5138), ('货币', 0.5038), ('投资者', 0.4129), ('代币', 0.3687), ('市场', 0.3467), ('债务', 0.3414), ('资产', 0.3385), ('交易', 0.2971), ('钱包', 0.2948)]
Mentioned Currencies:  Avalanche
Keywords:  [('基金', 0.4646), ('证券交易', 0.4594), ('etf', 0.3835), ('更新', 0.3573), ('费率', 0.3431), ('代币', 0.3315), ('费用', 0.3264), ('bitwise', 0.3261), ('股东', 0.3069), ('修订', 0.2827)]
Mentioned Currencies:  
Keywords:  [('投资方', 0.4584), ('投资', 0.4188), ('基金', 0.4068), ('融资', 0.3953), ('亿美元', 0.3952), ('bitfury', 0.3662), ('开发成本', 0.3512), ('价格', 0.3506), ('ventures', 0.3406), ('全网', 0.3369)]
Mentioned Currencies:  
Keywords:  [('恐慌', 0.529), ('市场', 0.3943), ('贪婪', 0.3459), ('指数', 0.304), ('货币', 0.2888), ('数据', 0.2137), ('加密', 0.2019), ('状态', 0.1412), ('今日', 0.1395), ('昨日', 0.1286)]
Mentioned Currencies:  Ethereum
Keywords:  [('巨鲸', 0.5453), ('巨鲸以', 0.5449), ('成本价', 0.523), ('美元', 0.4048), ('均价', 0.3859), ('割肉', 0.3841), ('卖出', 0.3802), ('万美元', 0.3179), ('囤积', 0.3143), ('亏损', 0.2982)]
Mentioned Currencies:  
Keywords:  [('股东', 0.4199), ('投资者', 0.3835), ('bnc', 0.3824), ('董事会', 0.3786), ('董事', 0.3411), ('委员会', 0.3391), ('bnb', 0.3388), ('证券交易', 0.3083), ('公司', 0.3036), ('库存', 0.2943)]
Mentioned Currencies:  Ethereum
Keywords:  [('万美元', 0.3616), ('价值', 0.2631), ('vaneck', 0.2558), ('再次', 0.2498), ('lookonchain', 0.1848), ('昨日', 0.1832), ('质押', 0.1774), ('eth', 0.166), ('监测', 0.0501)]
Mentioned Currencies:  
Keywords:  [('香港', 0.4622), ('捐款', 0.3251), ('救援', 0.311), ('港币', 0.3061), ('okx', 0.2328), ('紧急', 0.2197), ('灾后', 0.2027), ('支援', 0.2), ('恢复', 0.1906), ('官方消息', 0.1391)]
Mentioned Currencies:  
Keywords:  [('基金会', 0.4535), ('负债表', 0.4207), ('资产', 0.3563), ('代币', 0.3328), ('万美元', 0.2548), ('wormhole', 0.2363), ('购入', 0.2121), ('宣布', 0.108), ('计入', 0.0827), ('发文', 0.0717)]
Mentioned Currencies:  
Keywords:  [('利率', 0.4877), ('概率', 0.4492), ('美联储', 0.4422), ('明年', 0.3079), ('cme', 0.2876), ('降息', 0.2252), ('数据', 0.2195), ('基点', 0.2184), ('不变', 0.1862), ('报道', 0.1822)]
Mentioned Currencies:  Zcash,MemeCore
Keywords:  [('现价', 0.5203), ('涨幅', 0.4106), ('市值', 0.3878), ('virtuals', 0.368), ('美元', 0.3601), ('代币', 0.3474), ('virtual', 0.3408), ('货币', 0.3265), ('sky', 0.2774), ('zec', 0.2641)]
Mentioned Currencies:  
Keywords:  [('通胀', 0.5725), ('2026', 0.5098), ('利率差', 0.507), ('明年', 0.462), ('美联储', 0.3562), ('美元', 0.333), ('经济', 0.3321), ('年底', 0.2847), ('增长', 0.2659), ('可能', 0.2569)]2025-11-28 20:30:06,290 - INFO - Channel: -1001735732363
2025-11-28 20:30:06,290 - INFO - Time: 2025-11-27T08:56:59+00:00
2025-11-28 20:30:06,290 - INFO - Content: **Arthur Hayes 再次从 FalconX 购买值超 190 万美元的 ENA 和 ETHFI**

深潮 TechFlow 消息，11 月 27 日，据链上分析师 Onchain Lens（@OnchainLens）监测，Arthur Hayes 又从 FalconX 购买了 200 万枚 ENA，价值约 55.6 万美元（总持有：489 万枚 ENA，价值约 137 万美元），以及 364,987 枚 ETHFI，价值约 28.7 万美元（总持有：69.6 万枚 ETHFI，价值约 54.3 万美元）。
 
 https://www.techflowpost.com/newsletter/detail_106747.html
2025-11-28 20:30:06,290 - INFO - --------------------------------------------------
2025-11-28 20:30:06,467 - INFO - Channel: -1001735732363
2025-11-28 20:30:06,467 - INFO - Time: 2025-11-27T08:40:21+00:00
2025-11-28 20:30:06,467 - INFO - Content: **币安 HODLer 空投上线 APRO（AT）**

深潮 TechFlow 消息，11 月 27 日，据官方公告，币安 HODLer 空投上线 APRO（AT）。
 
 https://www.techflowpost.com/newsletter/detail_106746.html
2025-11-28 20:30:06,467 - INFO - --------------------------------------------------
2025-11-28 20:30:06,515 - INFO - Channel: -1001735732363
2025-11-28 20:30:06,515 - INFO - Time: 2025-11-27T08:34:40+00:00
2025-11-28 20:30:06,515 - INFO - Content: **“孙悟空72辩”今日开辩：探讨加密市场走势与 Perp DEX 未来趋势**

深潮 TechFlow 消息，11 月 27 日，据官方社媒消息，全球首个中文去中心化合约交易平台孙悟空（SunX）将于今日20时（UTC+8）举办“孙悟空72辩：从手续费返还到SUN回购销毁，百万美金挖矿活动全面拆解！”主题直播。届时，Zane.梓梓、SexyMichill、可可爱饼干、DePig、三叔.Btc等加密KOL将受邀出席，共同围绕加密市场走势与 Perp DEX 未来趋势展开深度讨论。

此前消息，孙悟空（SunX）首期“交易挖矿”活动于11月21日20:00至12月6日20:00（UTC+8）期间进行，总奖池高达135万 USDT。用户参与 BTC/USDT、ETH/USDT、SUN/USDT永续合约交易，即可在全部返还手续费的基础上，获得额外$SUN代币奖励。

预约直播：https://www.htx.com/zh-cn/live/detail/h5?id=92821
 
 https://www.techflowpost.com/newsletter/detail_106745.html
2025-11-28 20:30:06,515 - INFO - --------------------------------------------------
2025-11-28 20:30:06,790 - INFO - Channel: -1001735732363
2025-11-28 20:30:06,790 - INFO - Time: 2025-11-27T08:26:58+00:00
2025-11-28 20:30:06,790 - INFO - Content: **Terraform Labs创始人Do Kwon请求美国法院判处不超过五年监禁**

深潮 TechFlow 消息，11 月 27 日，据彭博社报道，Terraform Labs联合创始人Do Kwon就其在2022年TerraUSD稳定币400亿美元崩盘案中的角色，请求美国法院判处不超过五年监禁。Kwon此前已于2024年8月认罪，承认共谋和电信欺诈罪，避免了审判。他在黑山因使用伪造护照被捕后被引渡至美国，此前他是韩国当局的通缉对象。

此前消息，据路透社：Terra创始人 Do Kwon 已就 400 亿美元加密货币崩塌案认罪，12 月 11 日将作出量刑判决
 
 https://www.techflowpost.com/newsletter/detail_106744.html
2025-11-28 20:30:06,790 - INFO - --------------------------------------------------
2025-11-28 20:30:06,949 - INFO - Channel: -1001735732363
2025-11-28 20:30:06,949 - INFO - Time: 2025-11-27T08:14:37+00:00
2025-11-28 20:30:06,949 - INFO - Content: **Ripple稳定币RLUSD获阿布扎比监管批准，可用于机构业务**

深潮 TechFlow 消息，11 月 27 日，据Cointelegraph报道，Ripple的美元稳定币RLUSD已获阿布扎比全球市场(ADGM)金融服务监管局认可为"可接受的法定参考代币"。此批准允许ADGM内受监管机构使用RLUSD进行合规金融活动，如支付和资金管理。
 
 https://www.techflowpost.com/newsletter/detail_106743.html
2025-11-28 20:30:06,949 - INFO - --------------------------------------------------
2025-11-28 20:30:07,099 - INFO - Channel: -1001735732363
2025-11-28 20:30:07,099 - INFO - Time: 2025-11-27T07:37:18+00:00
2025-11-28 20:30:07,099 - INFO - Content: **Bithumb 将上线 IRYS 韩元交易对**

深潮 TechFlow 消息，11 月 27 日，据官方公告，Bithumb 将上线 IRYS 韩元交易对。
 
 https://www.techflowpost.com/newsletter/detail_106741.html
2025-11-28 20:30:07,099 - INFO - --------------------------------------------------
2025-11-28 20:30:07,153 - INFO - Channel: -1001735732363
2025-11-28 20:30:07,153 - INFO - Time: 2025-11-27T07:31:25+00:00
2025-11-28 20:30:07,153 - INFO - Content: **某鲸鱼两日内斥资 327 万美元购入 468 万枚 SPX 代币，均价 0.697 美元**

深潮 TechFlow 消息，11 月 27 日，据 Onchain Lens（@OnchainLens）监测，过去两日内，某鲸鱼地址使用 327 万美元的 USDC 和 USDT 购入 468 万枚 SPX 代币，平均买入价格为 0.697 美元。

该鲸鱼地址目前仍持有 322 万美元稳定币，或将继续增持 SPX。
 
 https://www.techflowpost.com/newsletter/detail_106740.html
2025-11-28 20:30:07,153 - INFO - --------------------------------------------------
2025-11-28 20:30:07,259 - INFO - Channel: -1001735732363
2025-11-28 20:30:07,259 - INFO - Time: 2025-11-27T07:12:57+00:00
2025-11-28 20:30:07,259 - INFO - Content: **HashKey 紧急捐赠 1000 万港元，支援香港大埔火灾救援**

深潮 TechFlow 消息，11 月 27 日，据官方消息，HashKey Group 宣布紧急捐赠 1000 万港元，用于支援香港大埔火灾的紧急援助及受灾居民安置工作。

HashKey Group 表示：“我们向奋战一线的救援人员致以崇高敬意，并将持续关注灾情，全力协助受灾同胞度过难关。祈愿平安。”
 
 https://www.techflowpost.com/newsletter/detail_106739.html
2025-11-28 20:30:07,259 - INFO - --------------------------------------------------
2025-11-28 20:30:07,323 - INFO - Channel: -1001735732363
2025-11-28 20:30:07,323 - INFO - Time: 2025-11-27T07:06:22+00:00
2025-11-28 20:30:07,323 - INFO - Content: 🌟 推荐阅读

泡菜溢价 VS 国家黑客，Upbit 数次被盗后的朝韩暗战
https://www.techflowpost.com/article/detail_29322.html

📖 相关推荐

韩国最大交易所 Upbit 将被 Naver 收购，加密市场进入“财阀时代”？
https://www.techflowpost.com/article/detail_28333.html

为什么韩国 Upbit 的上币溢价效应在逐渐流失？
https://www.techflowpost.com/article/detail_21684.html

隐形战争：朝鲜黑客已渗透 20% 的加密公司
https://www.techflowpost.com/article/detail_29256.html
2025-11-28 20:30:07,323 - INFO - --------------------------------------------------
2025-11-28 20:30:07,383 - INFO - Channel: -1001735732363
2025-11-28 20:30:07,383 - INFO - Time: 2025-11-27T07:02:36+00:00
2025-11-28 20:30:07,383 - INFO - Content: **币安 Alpha 将在 11 月 29 日上线 GaiAi（GAIX），符合条件的用户可申领空投**

深潮 TechFlow 消息，11 月 27 日，据官方公告，币安Alpha将于11月29日率先推出GaiAi（GAIX）。符合资格的用户可在交易开放后，前往 Alpha Events 页面使用币安 Alpha 积分领取空投。更多详情即将公布。
 
 https://www.techflowpost.com/newsletter/detail_106738.html
2025-11-28 20:30:07,383 - INFO - --------------------------------------------------
2025-11-28 20:30:07,435 - INFO - Channel: -1001735732363
2025-11-28 20:30:07,435 - INFO - Time: 2025-11-27T06:51:55+00:00
2025-11-28 20:30:07,435 - INFO - Content: **Visa(V.N)与AquaNow合作，通过使用稳定币实现更快速的结算**

深潮 TechFlow 消息，11 月 27 日，据金十数据报道，Visa(V.N)与AquaNow合作，通过使用稳定币实现更快速的结算。
 
 https://www.techflowpost.com/newsletter/detail_106737.html
2025-11-28 20:30:07,435 - INFO - --------------------------------------------------
2025-11-28 20:30:07,519 - INFO - Channel: -1001735732363
2025-11-28 20:30:07,519 - INFO - Time: 2025-11-27T06:43:57+00:00
2025-11-28 20:30:07,519 - INFO - Content: **某巨鲸沉寂近 3 年后，售出 200 枚比特币，价值 1835 万美元 ** 

深潮 TechFlow 消息，11 月 27 日，据 Lookonchain 监测，巨鲸地址 1CA98y 在沉寂近 3 年后售出 200 枚 BTC，价值 1835 万美元。该巨鲸曾于 2023 年 4 月 1 日从 OKX 提取 400 枚 BTC，当时价值 1137 万美元，比特币价格为 28432 美元。
 
 https://www.techflowpost.com/newsletter/detail_106736.html
2025-11-28 20:30:07,519 - INFO - --------------------------------------------------
2025-11-28 20:30:07,650 - INFO - Channel: -1001735732363
2025-11-28 20:30:07,650 - INFO - Time: 2025-11-27T06:36:58+00:00
2025-11-28 20:30:07,650 - INFO - Content: **币安 Alpha：持有至少 256 个币安 Alpha 积分的用户可申领 750 个 GUA 代币空投**

深潮 TechFlow 消息，11 月 27 日，据官方公告，币安 Alpha 是首个上线 SUPERFORTUNE（GUA）的平台，Alpha 交易将于 2025 年 11 月 27 日 16:00（UTC+8）开始。

交易开始后，持有至少 256 个币安 Alpha 积分的用户可申领 750 个 GUA 代币空投。先到先得。若活动未结束，则分数门槛将每五分钟自动降低 5 分。

请注意，申领空投将消耗 15 个币安 Alpha 积分。用户需在 Alpha 活动页面于 24 小时内确认申领，否则视为放弃领取空投。
 
 https://www.techflowpost.com/newsletter/detail_106735.html
2025-11-28 20:30:07,650 - INFO - --------------------------------------------------
2025-11-28 20:30:07,800 - INFO - Channel: -1001735732363
2025-11-28 20:30:07,800 - INFO - Time: 2025-11-27T06:34:44+00:00
2025-11-28 20:30:07,800 - INFO - Content: **Bithumb 发布紧急公告暂停向 Upbit 提币**

深潮 TechFlow 消息，11 月 27 日，据 Bithumb 交易所消息，韩国加密货币交易所 Upbit 于 2025 年 11 月 27 日发生大规模虚拟资产异常流出事件，大量加密资产被非正常转移至外部钱包。

受此次黑客攻击影响，Upbit 已暂停所有虚拟资产的充提服务。Bithumb 表示，基于《虚拟资产用户保护法》实施令第 17 条第 1 号相关规定，在 Upbit 恢复提币服务前，将暂停向该交易所的提币申请。

Bithumb 在公告中强调，该交易所目前所有服务正常运营，包括充提、交易和存储服务均未受影响。
 
 https://www.techflowpost.com/newsletter/detail_106734.html
2025-11-28 20:30:07,800 - INFO - --------------------------------------------------
2025-11-28 20:30:08,048 - INFO - Channel: -1001735732363
2025-11-28 20:30:08,048 - INFO - Time: 2025-11-27T06:00:51+00:00
2025-11-28 20:30:08,048 - INFO - Content: **币安Alpha 2.0 已完成 Alt . town（TOWN）合约置换 ** 

深潮 TechFlow 消息，11 月 27 日，据官方公告，币安Alpha 2.0已完成Alt . town（TOWN）合约置换。

新老代币的置换已按照1：1的比例进行。并已开放新TOWN代币的充值业务。

币安Alpha 2.0已于2025年11月27日14:00（东八区时间）开放Alt . town（TOWN）交易。
 
 https://www.techflowpost.com/newsletter/detail_106733.html
2025-11-28 20:30:08,048 - INFO - --------------------------------------------------
2025-11-28 20:30:08,194 - INFO - Channel: -1001735732363
2025-11-28 20:30:08,194 - INFO - Time: 2025-11-27T05:52:46+00:00
2025-11-28 20:30:08,194 - INFO - Content: **长沙"杀洋盘"诈骗团伙利用虚拟货币诈骗 34 万元，11 人被判有罪**

深潮 TechFlow 消息，11 月 27 日，据长沙晚报报道，长沙市雨花区人民检察院披露一起"杀洋盘"诈骗案件，涉案 11 人均被判有罪。该团伙累计诈骗约 34 万元。

"杀洋盘"由传统"杀猪盘"演变而来，专门以外国人为诈骗目标。2024 年 3 月，刘某某与李某某在雨花区搭建诈骗团伙，分工明确：8 名业务员伪装成"金融精英女性"，在境外社交平台物色外国男性目标，通过情感诈骗手段诱使受害者进入虚假平台投资虚拟货币。
 
 https://www.techflowpost.com/newsletter/detail_106732.html
2025-11-28 20:30:08,194 - INFO - --------------------------------------------------
2025-11-28 20:30:08,310 - INFO - Channel: -1001735732363
2025-11-28 20:30:08,310 - INFO - Time: 2025-11-27T05:48:24+00:00
2025-11-28 20:30:08,310 - INFO - Content: **孙宇晨在 X 上开启“TUSD储备资产全球司法追诉进展媒体说明会”直播**

深潮 TechFlow 消息，11 月 27 日，火币HTX和孙悟空（SunPerp）顾问孙宇晨在 X 上开启“TUSD储备资产全球司法追诉进展媒体说明会”直播。
 
 https://www.techflowpost.com/newsletter/detail_106731.html
2025-11-28 20:30:08,310 - INFO - --------------------------------------------------
2025-11-28 20:30:08,479 - INFO - Channel: -1001735732363
2025-11-28 20:30:08,479 - INFO - Time: 2025-11-27T05:40:42+00:00
2025-11-28 20:30:08,479 - INFO - Content: **HTX DAO信心之旅南昌站定档 11 月 28 日，线下巡回持续深化社区共识**

深潮 TechFlow 消息，11 月 27 日，据官方社媒消息，HTX DAO「信心之旅」南昌站将于11月28日正式举办。届时，将邀请更多本地 Web3 从业者、开发者与KOL 参与，围绕DAO未来治理路线图、社区角色、生态扩展、稳定币与跨链基础设施等话题展开探讨。

回顾此前的广州站活动中，HTX DAO 团队与众多加密社区成员深度交流，共同回顾其在2025年的核心进展，包括上币治理系统常态化、国库机制建设、社区投票模型优化以及多项通缩行动的阶段性成果。同时，团队也分享了 HTX DAO 在链上治理透明度、生态协同、激励体系等方向的最新实践。

本次活动将延续信心之旅系列的交流宗旨，通过线下聚会链接社区共识、展示最新治理成果，并进一步推动HTX DAO 治理在更广泛区域落地。未来，HTX DAO 也将继续通过线下巡回形式增强与用户的沟通，构建更稳固的全球化社区共识。


 
 https://www.techflowpost.com/newsletter/detail_106730.html
2025-11-28 20:30:08,479 - INFO - --------------------------------------------------
2025-11-28 20:30:08,593 - INFO - Channel: -1001735732363
2025-11-28 20:30:08,593 - INFO - Time: 2025-11-27T05:28:38+00:00
2025-11-28 20:30:08,593 - INFO - Content: **AI 再质押和套利执行协议 Nexton Solutions 完成 400 万美元战略融资，韩国支付公司 Danal 领投**

深潮 TechFlow 消息，11 月 27 日，据 Chainwire 报道，AI 原生再质押和套利执行协议 Nexton Solutions 完成 400 万美元战略融资，韩国支付公司 Danal 领投。本轮融资还包括 Amber Group、Value Systems、Metalabs Ventures、Vista Labs、Outlier Ventures、Kaia Foundation、TON Foundation、STON.fi、PayProtocol 等机构参与。

Nexton Solutions 正在构建统一的人工智能执行层，通过两个核心组件自动化跨链收益生成：Nexton-ai 人工智能套利路由引擎和 Nexton-re 自动重质押模块。
 
 https://www.techflowpost.com/newsletter/detail_106729.html
2025-11-28 20:30:08,593 - INFO - --------------------------------------------------
2025-11-28 20:30:08,787 - INFO - Channel: -1001735732363
2025-11-28 20:30:08,788 - INFO - Time: 2025-11-27T05:18:51+00:00
2025-11-28 20:30:08,788 - INFO - Content: **某新钱包向 HyperLiquid 存入 300 万美元 USDC 并做空 HYPE**

深潮 TechFlow 消息，11 月 27 日，据 Onchain Lens（@OnchainLens）监测，一个新创建的钱包向 HyperLiquid 存入 300 万美元 USDC，并在 35.7-36.7 美元价格区间下单做空 HYPE 代币。
 
 https://www.techflowpost.com/newsletter/detail_106728.html
2025-11-28 20:30:08,788 - INFO - --------------------------------------------------
2025-11-28 20:30:08,873 - INFO - Channel: -1001735732363
2025-11-28 20:30:08,873 - INFO - Time: 2025-11-27T05:09:50+00:00
2025-11-28 20:30:08,873 - INFO - Content: **澳大利亚推出新法案监管加密货币平台，违规者面临数百万美元罚款**

深潮 TechFlow 消息，11 月 27 日，据 Decrypt 报道，澳大利亚财政部长 Jim Chalmers 和金融服务部长 Daniel Mulino 周三向议会提交《2025年公司法修正案（数字资产框架）法案》，建立该国首个针对代表客户持有数字资产业务的综合监管框架。

该法案在《公司法》下引入两个新的金融产品类别：数字资产平台和代币化托管平台，均需获得澳大利亚金融服务许可证。数字资产平台涵盖运营商持有客户加密资产并提供转账、买卖或质押等交易功能的设施；代币化托管平台处理债券、房地产和大宗商品等现实世界资产。

平台必须遵循澳大利亚证券投资委员会（ASIC）的托管和结算标准。每位客户持有资产少于 5000 美元且年交易量低于 1000 万美元的平台可豁免完整许可要求。政府表示，该法案可释放 240 亿美元的年生产力收益，违规企业将面临数百万美元罚款。
 
 https://www.techflowpost.com/newsletter/detail_106727.html
2025-11-28 20:30:08,873 - INFO - --------------------------------------------------
2025-11-28 20:30:09,021 - INFO - Channel: -1001735732363
2025-11-28 20:30:09,021 - INFO - Time: 2025-11-27T04:54:21+00:00
2025-11-28 20:30:09,021 - INFO - Content: **Tether 宣布将于 11 月 27 日停止 EUR₮ 赎回服务**

深潮 TechFlow 消息，11 月 27 日，据官方博客消息，Tether 今日发布关于此前宣布的 EUR₮ 清算的最终更新。作为该流程的结束，Tether 将于 2025 年 11 月 27 日在所有支持的区块链上停止 EUR₮ 赎回服务。

Tether CEO Paolo Ardoino 表示："Tether 决定清算 EUR₮ 并非轻率之举，但在欧洲建立更加规避风险的监管框架之前，我们选择优先考虑其他举措。Hadron 将继续是我们在该地区的优先项目。"
 
 https://www.techflowpost.com/newsletter/detail_106726.html
2025-11-28 20:30:09,021 - INFO - --------------------------------------------------
2025-11-28 20:30:09,293 - INFO - Channel: -1001735732363
2025-11-28 20:30:09,293 - INFO - Time: 2025-11-27T04:47:07+00:00
2025-11-28 20:30:09,293 - INFO - Content: **美国 XRP 现货 ETF 单日总净流入 2181 万美元**

深潮 TechFlow 消息，11 月 27 日，根据 SoSoValue 数据，昨日（美东时间 11 月 26 日）XRP 现货 ETF 总净流入 2181 万美元。

昨日单日净流入最多的 XRP 现货 ETF 为 Bitwise XRP ETF XRP，单日净流入为 746 万美元，目前 XRP 历史总净流入达 1.63 亿美元。

其次为 Canary XRP ETF XRPC，单日净流入为 521 万美元，目前 XRPC 历史总净流入达 3.35 亿美元。

截至发稿前，XRP 现货 ETF 总资产净值为 6.76 亿美元，XRP 净资产比率 0.50%，历史累计净流入已达 6.44 亿美元。
 
 https://www.techflowpost.com/newsletter/detail_106725.html
2025-11-28 20:30:09,293 - INFO - --------------------------------------------------
2025-11-28 20:30:09,461 - INFO - Channel: -1001735732363
2025-11-28 20:30:09,461 - INFO - Time: 2025-11-27T04:35:35+00:00
2025-11-28 20:30:09,461 - INFO - Content: **Cathie Wood：AI 和加密货币的流动性紧缩将在未来几周内逆转**

深潮 TechFlow 消息，11 月 27 日，ARK Invest 创始人 Cathie Wood 在最近的网络研讨会中表示，目前冲击人工智能和加密货币领域的流动性紧缩将在未来几周内逆转，市场似乎认同这一观点。她同时强调人工智能并非处于泡沫状态。
 
 https://www.techflowpost.com/newsletter/detail_106724.html
2025-11-28 20:30:09,461 - INFO - --------------------------------------------------
2025-11-28 20:30:09,508 - INFO - Channel: -1001735732363
2025-11-28 20:30:09,508 - INFO - Time: 2025-11-27T04:28:38+00:00
2025-11-28 20:30:09,508 - INFO - Content: **Naver 与 Upbit 母公司合并后将投资 68 亿美元发展 AI 和区块链技术**

深潮 TechFlow 消息，11 月 27 日，据 Theblock 报道，韩国互联网门户巨头 Naver 与 Upbit 母公司 Dunamu 计划在未来五年内投资 10 万亿韩元（约 68 亿美元）构建基于人工智能和区块链技术的下一代金融基础设施。

在周四举行的联合新闻发布会上，Dunamu 总裁 Song Chi-hyung 表示，将建立涵盖支付结算和整个金融领域的"全新全球框架"。Naver CEO Choi Soo-yeon 表示，公司看到了区块链普及和智能体 AI 转型交汇点的新机遇。

此前消息，NAVER 正式宣布将通过股份交换方式收购 Dunamu 100% 股权。
 
 https://www.techflowpost.com/newsletter/detail_106723.html
2025-11-28 20:30:09,509 - INFO - --------------------------------------------------
2025-11-28 20:30:09,625 - INFO - Channel: -1001735732363
2025-11-28 20:30:09,625 - INFO - Time: 2025-11-27T04:23:21+00:00
2025-11-28 20:30:09,625 - INFO - Content: **Tom Lee：因稳定币发行商的入场，黄金明年将走高，BTC价格会更高**

深潮TechFlow消息，11月27日，针对Tether上一季度购买的黄金数量超过多家中央银行，以太坊财库公司BitMine董事长Tom Lee发文表示，目前稳定币发行商已经入场黄金，并且成为全球黄金市场的最大买家，该趋势将推动黄金价格从2026年初开始进一步走高，这种情况对比特币而言绝非利空，相反预示着比特币价格未来也会上涨。
 
 https://www.techflowpost.com/newsletter/detail_106722.html
2025-11-28 20:30:09,625 - INFO - --------------------------------------------------
2025-11-28 20:30:09,809 - INFO - Channel: -1001735732363
2025-11-28 20:30:09,809 - INFO - Time: 2025-11-27T04:15:48+00:00
2025-11-28 20:30:09,809 - INFO - Content: 🌟 推荐阅读

代币回购，卷土重来
https://www.techflowpost.com/article/detail_29315.html

📖 相关推荐

CEX平台币销毁回购大对比，谁的模式更健康？
https://www.techflowpost.com/article/detail_28343.html

从增长幻觉到现金流现实：当回购成为山寨币的集体叙事
https://www.techflowpost.com/article/detail_26837.html

代币经济模型的演变之路，空投失效后代币回购开始复苏
https://www.techflowpost.com/article/detail_26505.html
2025-11-28 20:30:09,809 - INFO - --------------------------------------------------
2025-11-28 20:30:09,865 - INFO - Channel: -1001735732363
2025-11-28 20:30:09,865 - INFO - Time: 2025-11-27T03:41:18+00:00
2025-11-28 20:30:09,865 - INFO - Content: **Upbit 披露遭遇攻击，约 540 亿韩元代币被转移至未知钱包**

深潮 TechFlow 消息，11 月 27 日，据官方披露，韩国加密货币交易所 Upbit 于 11 月 27 日凌晨 4:42 检测到异常提取行为，约 540 亿韩元（约 3600 万美元）的 Solana 网络相关数字资产被转移至未知外部钱包地址。

Upbit 表示将用自有资产全额赔偿用户损失，确保用户资产不受影响。目前交易所正在进行安全检查，存取款服务暂时关闭。

 https://www.techflowpost.com/newsletter/detail_106721.html
2025-11-28 20:30:09,865 - INFO - --------------------------------------------------
2025-11-28 20:30:09,966 - INFO - Channel: -1001735732363
2025-11-28 20:30:09,966 - INFO - Time: 2025-11-27T03:39:47+00:00
2025-11-28 20:30:09,966 - INFO - Content: **美股上市 WLFI 财库公司 Alt5 Sigma 解雇首席执行官与首席运营官**

深潮 TechFlow 消息，11 月 27 日，据彭博社报道，美股上市 WLFI 财库公司 Alt5 Sigma 宣布，已解雇代理首席执行官 Jonathan Hugh 和首席运营官 Ron Pitters。
 
 https://www.techflowpost.com/newsletter/detail_106720.html
2025-11-28 20:30:09,966 - INFO - --------------------------------------------------
2025-11-28 20:30:10,032 - INFO - Channel: -1001735732363
2025-11-28 20:30:10,032 - INFO - Time: 2025-11-27T03:37:04+00:00
2025-11-28 20:30:10,032 - INFO - Content: **Bithumb 因监管压力暂停 Tether 订单簿共享服务**

深潮 TechFlow 消息，11 月 27 日，据 DL News 报道，韩国加密货币交易所 Bithumb 将于 11 月 28 日暂停其 Tether Market 服务。该服务于 9 月 22 日推出，允许用户使用 USDT 交易 Bitcoin 和 9 种主流山寨币，此服务目前仍处于测试阶段。

据报道，韩国金融监管机构对该服务施压，促使 Bithumb 做出暂停决定。该服务涉及与澳大利亚加密货币交易所 Stellar 的订单簿共享协议，监管机构担心此类跨境交易整合可能增加洗钱风险和个人数据泄露风险。
 
 https://www.techflowpost.com/newsletter/detail_106719.html
2025-11-28 20:30:10,032 - INFO - --------------------------------------------------
2025-11-28 20:30:10,137 - INFO - Channel: -1001735732363
2025-11-28 20:30:10,137 - INFO - Time: 2025-11-27T03:24:43+00:00
2025-11-28 20:30:10,137 - INFO - Content: **Camp Network 宣布 53 个全球音乐节将通过 All Access 进行代币化，包括It 's The Ship， DWP， 808等**

深潮 TechFlow 消息，11 月 27 日，据 Camp Network 披露，53 个全球音乐节和来自 3.5 万亿美元文化经济的数百万粉丝将加入 Camp 网络。The Ship、808 Festival、S2O Festival、Sunset by NEON 等知名音乐节将通过 All Access 进行代币化，将全球最大的音乐节转化为可编程的现实世界资产（RWA）。

All Access 将文化知识产权带到链上，并将其转化为可投资的资产类别。该平台为创作者和粉丝建立了新的金融轨道，创作者可以发行链上知识产权原语，粉丝可以通过透明、可验证的数据治理参与获得收益。
 
 https://www.techflowpost.com/newsletter/detail_106718.html
2025-11-28 20:30:10,137 - INFO - --------------------------------------------------
2025-11-28 20:30:10,289 - INFO - Channel: -1001735732363
2025-11-28 20:30:10,289 - INFO - Time: 2025-11-27T03:13:47+00:00
2025-11-28 20:30:10,289 - INFO - Content: **Lido 提出新发展提案：从单一质押产品转向多元化 DeFi 平台**

深潮 TechFlow 消息，11 月 27 日，据官方公告，Lido 协议发布新的论坛提案，概述了从单一产品质押服务向更广泛的 DeFi 产品组合转型的发展规划。

提案包含四个核心战略：

扩展质押生态：借助 Lido V3，stVaults 将质押转变为面向集成者、节点运营商、托管商和大型分配者的模块化基础设施；

协议弹性升级：引入 ValMart 验证者市场，按性能、成本和去中心化动态分配质押，提升 DAO 收入并加强风险管理；

扩展 Lido Earn：覆盖 DeFi 高级用户、再质押者、稳定币储户、被动收益者和链上金库管理者；

垂直扩张和实际商业应用同步进行：小规模尝试 + 单一大押注，连接链上与链下经济活动。

该提案设定了三年愿景：将质押视为成熟盈利的产品线而非全部业务，垂直构建以获取更多价值，横向扩展至稳定币和新资产类别，并将 Lido 定位为主要的 DeFi 平台。整个转型过程将保持安全性优先、可衡量影响和迭代验证等核心原则。
 
 https://www.techflowpost.com/newsletter/detail_106717.html
2025-11-28 20:30:10,289 - INFO - --------------------------------------------------
2025-11-28 20:30:10,451 - INFO - Channel: -1001735732363
2025-11-28 20:30:10,451 - INFO - Time: 2025-11-27T03:09:22+00:00
2025-11-28 20:30:10,451 - INFO - Content: **昨日美国以太坊现货 ETF 净流入 6099 万美元**

深潮 TechFlow 消息，11 月 27 日，据加密分析师 Trader T 监测，昨日美国以太坊现货 ETF 净流入 6099 万美元。

ETHA（BlackRock）：净流入 5039 万美元；

ETHW（Bitwise）：净流入 433 万美元；

ETH（Grayscale mini）：净流入 627 万美元。
 
 https://www.techflowpost.com/newsletter/detail_106716.html
2025-11-28 20:30:10,451 - INFO - --------------------------------------------------
2025-11-28 20:30:10,571 - INFO - Channel: -1001735732363
2025-11-28 20:30:10,571 - INFO - Time: 2025-11-27T03:08:04+00:00
2025-11-28 20:30:10,571 - INFO - Content: **Bitget 已上线 U 本位 IRYS 永续合约，杠杆区间 1-20 倍**

深潮 TechFlow 消息，11 月 27 日，据官方公告显示，Bitget 宣布已上线 U 本位 IRYS 永续合约，杠杆区间 1-20 倍。合约交易 BOT 将同步开放。
 
 https://www.techflowpost.com/newsletter/detail_106715.html
2025-11-28 20:30:10,571 - INFO - --------------------------------------------------

Mentioned Currencies:  
Keywords:  [('通胀率', 0.6404), ('通胀', 0.6067), ('货币', 0.4098), ('委内瑞拉', 0.3587), ('加密', 0.3394), ('采用率', 0.323), ('交易量', 0.2835), ('全球', 0.261), ('阿根廷', 0.2367), ('增长', 0.2283)]
Mentioned Currencies:  Uniswap
Keywords:  [('uni', 0.4809), ('uniswap', 0.4804), ('费用', 0.4221), ('提案', 0.3619), ('代币', 0.3467), ('万美元', 0.3365), ('协议', 0.3361), ('统一', 0.335), ('foundation', 0.3237), ('计划', 0.3196)]
Mentioned Currencies:  Bitcoin
Keywords:  [('价格', 0.6852), ('美元', 0.5276), ('万美元', 0.4185), ('2022', 0.3767), ('2024', 0.3655), ('2025', 0.3498), ('2023', 0.3462), ('2021', 0.3206), ('2013', 0.3198), ('2019', 0.3179)]
Mentioned Currencies:  
Keywords:  [('香港', 0.5601), ('捐款', 0.4501), ('捐赠', 0.4435), ('万港元', 0.397), ('港币', 0.3322), ('救灾', 0.3138), ('救援', 0.311), ('重建家园', 0.3042), ('灾区', 0.2637), ('重建', 0.2628)]
Mentioned Currencies:  
Keywords:  [('deepseekmath', 0.6517), ('deepseek', 0.6205), ('推理模型', 0.3793), ('模型', 0.3228), ('训练', 0.2821), ('v2', 0.2623), ('框架', 0.2525), ('优化', 0.2289), ('数学', 0.2231), ('验证', 0.2048)]
Mentioned Currencies:  Solana
Keywords:  [('crypto', 0.5923), ('恶意软件', 0.4865), ('诈骗', 0.4714), ('加密', 0.4639), ('窃取', 0.4135), ('网络安全', 0.3655), ('攻击者', 0.3315), ('资金', 0.3288), ('货币', 0.3257), ('用户', 0.3068)]
Mentioned Currencies:  
Keywords:  [('sonar', 0.4665), ('亿美元', 0.3352), ('inx', 0.3137), ('筹资', 0.3094), ('销售', 0.3057), ('财务', 0.3029), ('万美元', 0.2714), ('美元', 0.2641), ('供应', 0.2626), ('彩票', 0.2464)]
Mentioned Currencies:  Mantle
Keywords:  [('usdt0', 0.5439), ('bybit', 0.4943), ('网络', 0.2677), ('用户', 0.2606), ('存取款', 0.251), ('交易所', 0.2492), ('跨链', 0.2459), ('架构', 0.2362), ('提款', 0.2297), ('金融', 0.221)]
Mentioned Currencies:  
Keywords:  [('中东欧', 0.4103), ('visa', 0.3665), ('跨境', 0.3548), ('中东', 0.3493), ('合作', 0.3414), ('合作伙伴', 0.3338), ('交易', 0.3286), ('cemea', 0.3281), ('非洲', 0.3274), ('结算', 0.2964)]
Mentioned Currencies:  Bitcoin
Keywords:  [('买币', 0.4687), ('保证金', 0.4372), ('赚币', 0.4306), ('币安', 0.3948), ('申购', 0.3744), ('开放', 0.3664), ('币安将', 0.3638), ('2025', 0.3591), ('手续费', 0.3526), ('小时', 0.3517)]
Mentioned Currencies:  
Keywords:  [('奖励金', 0.407), ('交易量', 0.404), ('奖励', 0.396), ('金额', 0.3734), ('交易平台', 0.3546), ('交易', 0.2942), ('bybit', 0.2907), ('外汇', 0.2892), ('货币', 0.2792), ('总奖', 0.2712)]
Mentioned Currencies:  Aave
Keywords:  [('加密', 0.5229), ('税务', 0.4921), ('利得税', 0.4298), ('存款', 0.4004), ('抵押', 0.375), ('海关总署', 0.3688), ('货币', 0.3652), ('defi', 0.3342), ('资产', 0.3152), ('hmrc', 0.294)]
Mentioned Currencies:  Hyperliquid
Keywords:  [('巨鲸', 0.6409), ('万美元', 0.4055), ('总价值', 0.3835), ('代币', 0.3676), ('买入', 0.3095), ('万枚', 0.2973), ('订单', 0.2749), ('twat', 0.2558), ('hl', 0.2264), ('据链', 0.2258)]
Mentioned Currencies:  
Keywords:  [('treasury', 0.5853), ('亿枚', 0.4305), ('usdc', 0.3693), ('whale', 0.2904), ('新增', 0.1839), ('solana', 0.1323), ('alert', 0.1268), ('链上', 0.1201), ('监测', 0.109), ('铸造', 0.0772)]
Mentioned Currencies:  Bitcoin
Keywords:  [('goodfood', 0.4555), ('宏观经济', 0.4075), ('market', 0.4016), ('销售额', 0.4005), ('财年', 0.3806), ('毛利润', 0.375), ('2025', 0.3632), ('全年', 0.3576), ('亿加元', 0.3362), ('food', 0.3354)]
Mentioned Currencies:  
Keywords:  [('web3', 0.3428), ('开发者', 0.3357), ('生态系统', 0.3156), ('生态', 0.2895), ('任命', 0.2634), ('总监', 0.2611), ('增长', 0.2578), ('负责', 0.242), ('战略', 0.2262), ('发展', 0.1995)]
Mentioned Currencies:  
Keywords:  [('收益率', 0.4039), ('bybit', 0.3967), ('用户', 0.3358), ('理财', 0.3332), ('每周', 0.3277), ('本月', 0.2992), ('最新', 0.2939), ('币种', 0.274), ('收益', 0.2721), ('限时', 0.2524)]
Mentioned Currencies:  MemeCore,Ethereum
Keywords:  [('技术升级', 0.4228), ('容量', 0.4212), ('其主网', 0.4123), ('gas', 0.4092), ('扩大', 0.3451), ('提高', 0.3317), ('提升', 0.3263), ('2024', 0.3215), ('可扩展性', 0.3045), ('扩容', 0.3017)]
Mentioned Currencies:  
Keywords:  [('sunx', 0.6504), ('sun', 0.4733), ('百万', 0.4242), ('交易平台', 0.3916), ('交易额', 0.3793), ('交易', 0.3322), ('成交额', 0.3183), ('数超', 0.2844), ('奖励', 0.271), ('万枚', 0.2548)]
Mentioned Currencies:  
Keywords:  [('黑客', 0.5144), ('网络安全', 0.4815), ('leaks', 0.4507), ('韩国', 0.4312), ('腐败', 0.4242), ('korean', 0.4006), ('北韩', 0.3753), ('窃取', 0.3669), ('攻击', 0.353), ('金融机构', 0.3484)]
Mentioned Currencies:  Ethena
Keywords:  [('巨鲸', 0.5589), ('鲸鱼', 0.5513), ('价约', 0.4321), ('回报率', 0.3969), ('美元', 0.3672), ('万美元', 0.3585), ('损失', 0.3326), ('ena', 0.3311), ('囤积', 0.2877), ('投资', 0.2864)]
Mentioned Currencies:  
Keywords:  [('加密', 0.47), ('税收', 0.4414), ('crypto', 0.3725), ('财政', 0.3228), ('透明', 0.308), ('金融', 0.2933), ('监管', 0.2919), ('政府', 0.2918), ('2026', 0.2904), ('货币', 0.2842)]
Mentioned Currencies:  
Keywords:  [('巨鲸', 0.4965), ('onchain', 0.3577), ('盈利', 0.341), ('onchainlens', 0.2962), ('美元', 0.2954), ('btc18', 0.2946), ('btc', 0.2811), ('浮盈约', 0.2804), ('万美元', 0.279), ('价值', 0.2773)]
Mentioned Currencies:  
Keywords:  [('candybomb', 0.4959), ('bgb', 0.4364), ('报名', 0.331), ('按钮', 0.2856), ('交易量', 0.2855), ('合约', 0.2824), ('平台', 0.271), ('用户', 0.2695), ('交易', 0.257), ('代币', 0.2546)]
Mentioned Currencies:  
Keywords:  [('sun650', 0.4869), ('新加坡', 0.4313), ('sun', 0.4262), ('黑洞', 0.3552), ('2025', 0.3448), ('销毁', 0.3015), ('第四十九', 0.2951), ('回购', 0.2855), ('代币', 0.2594), ('完成', 0.2554)]
Mentioned Currencies:  Ethereum
Keywords:  [('不丹', 0.3385), ('onchain', 0.2786), ('320eth', 0.2452), ('网络', 0.2149), ('onchainlens', 0.2132), ('万美元', 0.196), ('政府', 0.1881), ('eth', 0.0952), ('lens', 0.0948), ('监测', 0.0812)]
Mentioned Currencies:  Arbitrum
Keywords:  [('arbitrum', 0.4574), ('alpha', 0.3828), ('代币', 0.3786), ('币安', 0.3609), ('钱包', 0.3219), ('网络', 0.2759), ('交易者', 0.2498), ('最新', 0.2493), ('竞赛', 0.2486), ('交易', 0.2357)]
Mentioned Currencies:  
Keywords:  [('捐款', 0.505), ('救援', 0.4542), ('支援', 0.428), ('援助', 0.4177), ('香港', 0.3909), ('捐出', 0.3894), ('消防', 0.3717), ('万港元', 0.3555), ('社区', 0.3365), ('火灾', 0.3344)]
Mentioned Currencies:  Bitcoin
Keywords:  [('2030', 0.4265), ('目标价', 0.3945), ('亿美元', 0.3876), ('未来', 0.3657), ('预测', 0.3619), ('货币', 0.3439), ('黄金价格', 0.3381), ('市场', 0.3297), ('美联储', 0.3138), ('invest', 0.3093)]
Mentioned Currencies:  Solana
Keywords:  [('亿韩元', 0.4956), ('黑客攻击', 0.4873), ('被盗', 0.4654), ('upbit', 0.434), ('金额', 0.3773), ('韩国', 0.3577), ('交易所', 0.3352), ('代币', 0.3332), ('补偿', 0.3269), ('损失', 0.3247)]
Mentioned Currencies:  Pump.fun
Keywords:  [('巨鲸', 0.6179), ('亿枚', 0.4902), ('cex', 0.3595), ('万美元', 0.3111), ('代币', 0.3066), ('价值', 0.2379), ('onchain', 0.2289), ('多个', 0.2034), ('onchainlens', 0.1517), ('据链', 0.1493)]
Mentioned Currencies:  MemeCore
Keywords:  [('巨鲸', 0.5394), ('鲸鱼', 0.5071), ('cex', 0.382), ('万美元', 0.3286), ('lookonchain', 0.3188), ('价值', 0.2751), ('0x9294', 0.2373), ('mon', 0.1562), ('提取', 0.1549), ('据链', 0.1541)]
Mentioned Currencies:  Solana
Keywords:  [('wallet', 0.5376), ('钱包', 0.503), ('理财', 0.462), ('行情', 0.3836), ('以币', 0.3664), ('收益', 0.3663), ('资产', 0.3532), ('申购', 0.2952), ('用户', 0.2724), ('赎回', 0.2635)]
Mentioned Currencies:  
Keywords:  [('crypto', 0.5262), ('黑客攻击', 0.3933), ('upbit', 0.3444), ('机器人', 0.3279), ('韩系', 0.3201), ('韩国', 0.3029), ('山寨', 0.2713), ('停摆', 0.2671), ('资金', 0.2621), ('借机', 0.2295)]2025-11-28 20:30:10,703 - INFO - Channel: -1001735732363
2025-11-28 20:30:10,703 - INFO - Time: 2025-11-27T03:06:46+00:00
2025-11-28 20:30:10,703 - INFO - Content: **美国 Solana 现货 ETF 单日总净流出 810 万美元**

深潮 TechFlow 消息，11 月 27 日，根据 SoSoValue 数据，昨日（美东时间 11 月 26 日）Solana 现货 ETF 总净流出 810 万美元。

昨日（美东时间 11 月 26 日）21Shares SOL 现货 ETF TSOL 单日净流出 3437 万美元，目前 TSOL 历史总净流出达 2622 万美元。

昨日单日净流入最多的 SOL 现货 ETF 为 Bitwise SOL ETF BSOL，单日净流入为 1333 万美元，目前 BSOL 历史总净流入达 5.28 亿美元。

其次为 Grayscale SOL ETF GSOL，单日净流入为 1042 万美元，目前 GSOL 历史总净流入达 7350 万美元。

截至发稿前，Solana 现货 ETF 总资产净值为 9.18 亿美元，Solana 净资产比率 1.15%，历史累计净流入已达 6.13 亿美元。
 
 https://www.techflowpost.com/newsletter/detail_106714.html
2025-11-28 20:30:10,703 - INFO - --------------------------------------------------
2025-11-28 20:30:10,764 - INFO - Channel: -1001735732363
2025-11-28 20:30:10,764 - INFO - Time: 2025-11-27T03:02:55+00:00
2025-11-28 20:30:10,764 - INFO - Content: **昨日美国比特币现货 ETF 净流入 2125 万美元**

深潮 TechFlow 消息，11 月 27 日，据加密分析师 Trader T 监测，昨日美国比特币现货 ETF 净流入 2125 万美元。

IBIT（BlackRock）：净流入 4295 万美元；

FBTC（Fidelity）：净流出 3330 万美元；

ARKB（Ark Invest）：净流入 597 万美元；

GBTC（Grayscale）：净流入 563 万美元。
 
 https://www.techflowpost.com/newsletter/detail_106713.html
2025-11-28 20:30:10,764 - INFO - --------------------------------------------------
2025-11-28 20:30:10,826 - INFO - Channel: -1001735732363
2025-11-28 20:30:10,826 - INFO - Time: 2025-11-27T02:54:35+00:00
2025-11-28 20:30:10,826 - INFO - Content: **某鲸鱼向 HyperLiquid 存入 400 万 USDC 增加以太坊空头头寸**

深潮 TechFlow 消息，11 月 27 日，据 Onchain Lens 监测，一名此前通过做空以太坊等资产获利 1100 万美元的鲸鱼向 HyperLiquid 存入 400 万 USDC，用于增加其以太坊 25 倍空头头寸。该头寸当前价值 3483 万美元，清算价格为 3587.25 美元。
 
 https://www.techflowpost.com/newsletter/detail_106712.html
2025-11-28 20:30:10,826 - INFO - --------------------------------------------------
2025-11-28 20:30:10,900 - INFO - Channel: -1001735732363
2025-11-28 20:30:10,900 - INFO - Time: 2025-11-27T02:42:57+00:00
2025-11-28 20:30:10,900 - INFO - Content: **英伟达打起市值保卫战，通过备忘录抨击空头**

深潮 TechFlow 消息，11 月 27 日，据金十数据报道，全球市值最高的公司英伟达(NVDA.O)在华尔街和社交媒体上发起了一场信息宣传活动，打起了保卫战，旨在反击那些对其4.5万亿美元的估值（已从历史高点5万亿美元回落）持怀疑态度的人。上周，该公司向卖方股票分析师发布了一份详细备忘录，对电影《大空头》中原型人物迈克尔·伯里以及其他在Substack上撰文的作者所提出的指控进行了逐点反驳。伯里因在2008年金融危机前做空美国房地产市场而声名鹊起，近几周，他在一份新的文章中加大了对英伟达的批评力度。这份备忘录由研究公司伯恩斯坦公布。在伯恩斯坦发布该备忘录的前一天，科技刊物《The Information》发布了一份报告，称Meta Platforms正在与谷歌讨论使用与英伟达半导体竞争的谷歌AI芯片，随后英伟达的股价下跌。英伟达在社交媒体平台“X”上公开回应了该报道，表示对“谷歌的成功感到高兴”，但称其芯片仍领先竞争对手一代。
 
 https://www.techflowpost.com/newsletter/detail_106711.html
2025-11-28 20:30:10,900 - INFO - --------------------------------------------------
2025-11-28 20:30:11,034 - INFO - Channel: -1001735732363
2025-11-28 20:30:11,034 - INFO - Time: 2025-11-27T02:38:00+00:00
2025-11-28 20:30:11,034 - INFO - Content: **Bitwise DOGE现货ETF上市，美国DOGE现货单日总净流入 36.5 万美元**

深潮 TechFlow 消息，11 月 27 日，美东时间 11 月 26 日，Bitwise Dogecoin ETF（代码BWOW）在 NYSE 正式上市，当前上市的DOGE现货ETF达到2只。

根据 SoSoValue 数据，昨日（美东时间 11 月26日）DOGE 现货 ETF 总净流入 36.5 万美元。其中，

Bitwise DOGE 现货 ETF 上市首日无净流入，交易额 283 万美元，总资产净值 256 万美元。

Grayscale DOGE 现货 ETF 单日净流入 36.5 万美元，历史总净流入 216 万美元。

截至发稿前，DOGE 现货 ETF 总资产净值为 648 万美元，DOGE 净资产比率 0.03%，历史累计净流入已达 216 万美元。

Bitwise DOGE ETF支持现金/现货申赎，管理费率 0.34%。
 
 https://www.techflowpost.com/newsletter/detail_106710.html
2025-11-28 20:30:11,034 - INFO - --------------------------------------------------
2025-11-28 20:30:11,156 - INFO - Channel: -1001735732363
2025-11-28 20:30:11,156 - INFO - Time: 2025-11-27T02:36:09+00:00
2025-11-28 20:30:11,156 - INFO - Content: **Arthur Hayes 30 分钟内购入总价值 142 万美元的 ENA、PENDLE 和 ETHFI 代币**

深潮 TechFlow 消息，11 月 27 日，据 Onchain Lens 监测，Arthur Hayes 在过去 30 分钟内进一步购买了 Ethena Labs、Pendle 和 EtherFi 项目代币。

具体交易数据显示，Hayes 从 Cumberland 接收了 201 万枚 ENA 代币（价值 57.16 万美元）、21.8 万枚 PENDLE 代币（价值 58.98 万美元）以及 33.099 万枚 ETHFI 代币（价值 25.74 万美元），总价值约 142 万美元。
 
 https://www.techflowpost.com/newsletter/detail_106709.html
2025-11-28 20:30:11,156 - INFO - --------------------------------------------------
2025-11-28 20:30:11,233 - INFO - Channel: -1001735732363
2025-11-28 20:30:11,233 - INFO - Time: 2025-11-27T02:29:47+00:00
2025-11-28 20:30:11,233 - INFO - Content: **QCP：比特币在 9.5 万美元附近可能遇到 ETF 相关抛压，下方 8-8.2 万美元区间仍为关键支撑位**

深潮 TechFlow 消息，11 月 27 日，QCP 发文分析称，比特币在适度反弹后找到支撑，目前在 9 万美元高位交易。此次上涨主要受益于风险情绪改善，股市小幅上涨，市场对 12 月降息的预期概率达到 85%。

宏观环境方面，通胀仍维持在高位，劳动力市场数据持续疲软，失业率上升。美联储官员立场出现分化，四位官员支持降息，两位保持中性，六位仍持反对态度。

加密货币 ETF 持续录得净流出，多个数字资产产品遭遇清算，大部分产品交易价格低于净资产值。MicroStrategy 重新成为关注焦点，其比特币库存接近盈亏平衡点，股票面临 MSCI 指数除名风险。

期权市场显示谨慎情绪，比特币与 AI 股票相关性增强，恐慌贪婪指数下降。技术面上，比特币在 9.5 万美元附近可能遇到 ETF 相关抛压，下方 8-8.2 万美元区间仍为关键支撑位。
 https://www.techflowpost.com/newsletter/detail_106708.html
2025-11-28 20:30:11,233 - INFO - --------------------------------------------------
2025-11-28 20:30:11,412 - INFO - Channel: -1001735732363
2025-11-28 20:30:11,412 - INFO - Time: 2025-11-27T02:18:39+00:00
2025-11-28 20:30:11,412 - INFO - Content: **某鲸鱼向 Hyperliquid 存入 400 万 USDC 并开启 10 倍做空 HYPE**

深潮 TechFlow 消息，11 月 27 日，据 Lookonchain 监测，鲸鱼地址 0xbFC8 向 Hyperliquid 存入 400 万 USDC，并开启 10 倍杠杆做空 554,542 枚 HYPE 代币，价值约 2015 万美元。该操作发生在 2 小时前。
 
 https://www.techflowpost.com/newsletter/detail_106707.html
2025-11-28 20:30:11,412 - INFO - --------------------------------------------------
2025-11-28 20:30:11,510 - INFO - Channel: -1001735732363
2025-11-28 20:30:11,510 - INFO - Time: 2025-11-27T02:18:00+00:00
2025-11-28 20:30:11,510 - INFO - Content: **Sonic 宣布已上线主网 v2.1.2 版本，引入了 Pectra 兼容性**

深潮 TechFlow 消息，11 月 27 日，据官方公告，Sonic 已上线主网 v2.1.2 版本。此次升级引入了 Pectra 兼容性，并对网络进行了多项改进。
 
 https://www.techflowpost.com/newsletter/detail_106706.html
2025-11-28 20:30:11,510 - INFO - --------------------------------------------------
2025-11-28 20:30:11,647 - INFO - Channel: -1001735732363
2025-11-28 20:30:11,647 - INFO - Time: 2025-11-27T02:14:07+00:00
2025-11-28 20:30:11,647 - INFO - Content: **Tom Lee 降低比特币预测目标，预计 BTC 年内可能站上 10 万美元并重回 12.51 万美元历史高位
**
深潮 TechFlow 消息，11 月 27 日，据 Cointelegraph 报道，BitMine 董事长 Tom Lee 似乎已经软化了此前广泛宣传的比特币年底 25 万美元预测。在周三接受 CNBC 采访时，Lee 表示：预计 BTC 年内很可能站上 10 万美元，对是否在年内重夺 10 月创下的 12.51 万美元历史高位仅给出“也许”的判断。

这是 Lee 首次公开软化其 25 万美元的年底比特币价格目标，该预测最初在 2024 年早期提出并持续重申。Lee 的预测是市场上较为乐观的观点之一。

尽管如此，Lee 仍认为比特币在 2025 年底前可能迎来最强劲的表现。他指出，比特币通常在每年仅 10 个交易日内实现大部分涨幅。
 
 https://www.techflowpost.com/newsletter/detail_106705.html
2025-11-28 20:30:11,647 - INFO - --------------------------------------------------
2025-11-28 20:30:11,813 - INFO - Channel: -1001735732363
2025-11-28 20:30:11,813 - INFO - Time: 2025-11-27T02:04:06+00:00
2025-11-28 20:30:11,813 - INFO - Content: **Uniswap Labs 宣布已支持 Monad 主网**

深潮 TechFlow 消息，11 月 27 日，据官方公告，Uniswap Labs 宣布已新增支持 Monad 主网，用户现可在 Uniswap 应用内进行跨链与代币兑换。
 
 https://www.techflowpost.com/newsletter/detail_106704.html
2025-11-28 20:30:11,813 - INFO - --------------------------------------------------
2025-11-28 20:30:11,959 - INFO - Channel: -1001735732363
2025-11-28 20:30:11,959 - INFO - Time: 2025-11-27T02:00:42+00:00
2025-11-28 20:30:11,959 - INFO - Content: **机构：市场权衡降息预期与美联储主席继任者，现货黄金持稳**

深潮 TechFlow 消息，11 月 27 日，据金十数据报道，IGM分析师Roderick Pillai表示，现货黄金周四亚盘早盘在4150美元附近波动，略低于周三触及的逾一周高位4173.42美元。这是因为美联储发布褐皮书后，市场继续押注12月美联储将采取降息举措，褐皮书并未削弱市场对短期宽松政策的预期。金价更广泛的支撑仍来自政治层面对美联储的压力。本周早前报道显示，美国白宫国家经济委员会主任哈塞特仍是接替鲍威尔主席职位的最热门人选。值得关注的是，他被视为特朗普总统鸽派货币政策立场的重要倡导者。
 
 https://www.techflowpost.com/newsletter/detail_106703.html
2025-11-28 20:30:11,959 - INFO - --------------------------------------------------
2025-11-28 20:30:12,084 - INFO - Channel: -1001735732363
2025-11-28 20:30:12,084 - INFO - Time: 2025-11-27T01:58:48+00:00
2025-11-28 20:30:12,084 - INFO - Content: **BTC 突破 91,000 美元，24 小时涨幅 3.56 %**

深潮 TechFlow 消息，11 月 27 日，据 HTX 行情数据显示，BTC 突破 91,000 美元，现报 91,035.89 美元，24 小时涨幅 3.56 %。
 
 https://www.techflowpost.com/newsletter/detail_106702.html
2025-11-28 20:30:12,084 - INFO - --------------------------------------------------
2025-11-28 20:30:12,186 - INFO - Channel: -1001735732363
2025-11-28 20:30:12,186 - INFO - Time: 2025-11-27T01:57:04+00:00
2025-11-28 20:30:12,186 - INFO - Content: **数据：比特币挖矿难度下调 1.95% 至 149.30 T**

深潮 TechFlow 消息，11 月 27 日，据 CloverPool 数据，比特币网络于 2025 年 11 月 27 日 9:16:48（区块高度 925,344）完成新一轮难度调整，难度值下调 1.95% 至 149.30T。预计下次难度调整将在约 14 天后进行，预测难度为 149.14T，预计再次下调 0.11%。
 
 https://www.techflowpost.com/newsletter/detail_106701.html
2025-11-28 20:30:12,186 - INFO - --------------------------------------------------
2025-11-28 20:30:12,267 - INFO - Channel: -1001735732363
2025-11-28 20:30:12,267 - INFO - Time: 2025-11-27T01:55:44+00:00
2025-11-28 20:30:12,267 - INFO - Content: **币安钱包新增链上股票交易功能，相关信息源由 Ondo Finance 提供**

深潮 TechFlow 消息，11 月 27 日，据官方消息，币安钱包新增链上股票交易功能，用户可打开币安 App 并进入钱包，点击「市场」并选择 「链上股票」进行交易，最低 0% 手续费。

根据页面显示，该功能代币化股票的相关信息源来自 Ondo Finance 平台。Ondo 支持交易超 100 种代币化美股与 ETF，现已在币安钱包的 BNB 链上面向超过 2.8 亿用户开放。
 
 https://www.techflowpost.com/newsletter/detail_106700.html
2025-11-28 20:30:12,267 - INFO - --------------------------------------------------
2025-11-28 20:30:12,366 - INFO - Channel: -1001735732363
2025-11-28 20:30:12,366 - INFO - Time: 2025-11-27T01:55:26+00:00
2025-11-28 20:30:12,366 - INFO - Content: **港股黄金股集体走高，珠峰黄金(****01815.HK****)涨超4%**

深潮 TechFlow 消息，11 月 27 日，据金十数据报道，港股黄金股集体走高，珠峰黄金(01815.HK)涨超4%，中国白银集团(00815.HK)涨超3%，招金矿业(01818.HK)、紫金矿业(02899.HK)跟涨。
 
 https://www.techflowpost.com/newsletter/detail_106699.html
2025-11-28 20:30:12,366 - INFO - --------------------------------------------------
2025-11-28 20:30:12,424 - INFO - Channel: -1001735732363
2025-11-28 20:30:12,424 - INFO - Time: 2025-11-27T01:54:34+00:00
2025-11-28 20:30:12,424 - INFO - Content: **某新建钱包向 HyperLiquid 存入 250 万美元 USDC 并开设 WLFI 多头仓位**

深潮 TechFlow 消息，11 月 27 日，据 Onchain Lens（@OnchainLens）监测，一个新建钱包向去中心化衍生品交易平台 HyperLiquid 存入 250 万美元 USDC，并使用 5 倍杠杆开设 WLFI 多头仓位，该仓位当前价值约 240 万美元。
 
 https://www.techflowpost.com/newsletter/detail_106698.html
2025-11-28 20:30:12,424 - INFO - --------------------------------------------------
2025-11-28 20:30:12,513 - INFO - Channel: -1001735732363
2025-11-28 20:30:12,513 - INFO - Time: 2025-11-27T01:50:16+00:00
2025-11-28 20:30:12,513 - INFO - Content: **Bubblemaps 指控 Edel Finance 在代币发行时"狙击"30% 供应量，联合创始人否认相关指控**

深潮 TechFlow 消息，11 月 27 日，据区块链分析平台 Bubblemaps 披露，去中心化借贷协议 Edel Finance 在本月早些时候的代币发行中"狙击"（抢购）了 30% 的 EDEL 代币供应量，价值约 1100 万美元。

Bubblemaps 表示，约 160 个钱包通过协调策略获得了这些代币，资金来源于中心化交易所，采用了与"狙击"一致的自动化交易手段。该平台指出，这些钱包通过多层新钱包进行资金结构化，其中一半购买的代币分发给了 100 个二级钱包。

对此，Edel Finance 联合创始人 James Sherborne 回应称，团队计划获得约 60% 的代币供应量并将其锁定在代币释放合约中，符合项目文档规定。然而 Bubblemaps 对此解释表示质疑，认为如果项目方真诚，应该根据代币经济学预先分配供应量。
 
 https://www.techflowpost.com/newsletter/detail_106697.html
2025-11-28 20:30:12,513 - INFO - --------------------------------------------------
2025-11-28 20:30:12,699 - INFO - Channel: -1001735732363
2025-11-28 20:30:12,699 - INFO - Time: 2025-11-27T01:46:44+00:00
2025-11-28 20:30:12,699 - INFO - Content: **以太坊远古巨鲸重新建仓，以均价 3016 美元买入 7318 枚 ETH**

深潮 TechFlow 消息，11 月 27 日，据链上分析师 Ai 姨（@ai_9684xtpa）监测，一个曾在 10 年前与以太坊基金会有过交互的远古巨鲸地址正在重新建仓以太坊。

该地址自昨日起以均价 3016.09 美元在链上买入 7318.56 枚 ETH，价值 2207 万美元，最近一次买入发生在 40 分钟前。此前，该地址曾在今年 8 月 9 日以太坊高点时抛售 12575 枚 ETH，成本低至 0.875 美元。目前该地址仍持有 10529 枚 ETH。
 
 https://www.techflowpost.com/newsletter/detail_106696.html
2025-11-28 20:30:12,699 - INFO - --------------------------------------------------
2025-11-28 20:30:12,890 - INFO - Channel: -1001735732363
2025-11-28 20:30:12,890 - INFO - Time: 2025-11-27T01:37:54+00:00
2025-11-28 20:30:12,890 - INFO - Content: **Ark Invest 昨日增持 62166 股 Coinbase 及 10308 股 CoreWeave 股票**

深潮 TechFlow 消息，11 月 27 日，据 Ark Invest Tracker 监测，Cathie Wood 旗下 Ark Invest 于昨日增持 62166 股 Coinbase 股票（约 1647 万美元）以及 10308 股 CoreWeave 股票（约 76.5 万美元）。
 
 https://www.techflowpost.com/newsletter/detail_106695.html
2025-11-28 20:30:12,890 - INFO - --------------------------------------------------
2025-11-28 20:30:12,943 - INFO - Channel: -1001735732363
2025-11-28 20:30:12,943 - INFO - Time: 2025-11-27T01:34:07+00:00
2025-11-28 20:30:12,943 - INFO - Content: **Tether 确认停止乌拉圭业务运营并裁员 30 人**

深潮 TechFlow 消息，11 月 25 日，据 El Observador 报道，Tether 向乌拉圭劳动和社会保障部确认，将停止在乌拉圭的业务运营，并裁员 30 人（总员工数为 38 人）。该决定在周二于国家劳动局举行的会议上得到确认。

Tether 此前计划在乌拉圭投资 5 亿美元，包括在佛罗里达州和塔夸伦博州建设三个数据处理中心，公司已执行超过 1 亿美元投资，另有 5000 万美元用于基础设施建设。

公司表示，由于乌拉圭高昂的能源成本和缺乏竞争性的电价框架，项目在当前条件下已无法维持经济可行性。Tether 自 2023 年 11 月以来多次要求更具竞争力的电价方案，但未能达成协议。
 
 https://www.techflowpost.com/newsletter/detail_106694.html
2025-11-28 20:30:12,943 - INFO - --------------------------------------------------
2025-11-28 20:30:13,046 - INFO - Channel: -1001735732363
2025-11-28 20:30:13,046 - INFO - Time: 2025-11-27T01:30:05+00:00
2025-11-28 20:30:13,046 - INFO - Content: 📰 11月27日 加密早报

今日凌晨 BTC 突破 90000 美元，ETH 突破 3000 美元

美国将部分对华关税豁免期延长至2026年11月10日

美联储褐皮书：近几周经济活动基本不变，消费者两极分化加剧

美国至11月22日当周初请失业金人数 21.6万人，预期22.5万人

Uniswap：“UNIfication”提案合约已部署至以太坊主网，准备进行链上投票

Vitalik 今晨宣布向 Session 和 SimpleX 各捐赠 128 ETH，称支持隐私通讯发展

Cosmos Hub 启动 ATOM 代币经济学研究，将采用收入驱动模型

Huma Finance 宣布第二季空投查询已上线

币安钱包已上线“链上股票交易功能”

Strategy：即使 BTC 跌至平均成本价 7.4 万美元，资产仍为可转债的 5.9 倍

S&P将Tether稳定性评分下调至最弱级别，称储备无法应对比特币下跌

工信部等6部门：支持平台企业应用虚拟现实、元宇宙、人工智能、区块链等数智技术，打造消费体验

推荐阅读

谁当美联储主席最利好加密市场？候选人榜单与关键时间点解析
https://www.techflowpost.com/article/detail_29311.html

你可能误解了$JESSE，这是给 Base 链带收入的一种尝试
https://www.techflowpost.com/article/detail_29310.html

全球流动性之父 Michael Howell：扩张周期即将见顶，你必须同时持有比特币和黄金
https://www.techflowpost.com/article/detail_29302.html

解读 Vitalik 长文：聪明人为何要坚守「笨规则」？
https://www.techflowpost.com/article/detail_29293.html

梅特卡夫定律的「破产」：为什么加密货币被高估了？
https://www.techflowpost.com/article/detail_29295.html
2025-11-28 20:30:13,046 - INFO - --------------------------------------------------
2025-11-28 20:30:13,366 - INFO - Channel: -1001735732363
2025-11-28 20:30:13,366 - INFO - Time: 2025-11-27T01:28:39+00:00
2025-11-28 20:30:13,366 - INFO - Content: **Arthur Hayes 重新买入此前抛售的 ENA 代币，一小时内购入 87.3 万枚，价值约 24.5 万美元**

深潮 TechFlow 消息，11 月 27 日，据 Lookonchain 监测，BitMEX 联合创始人 Arthur Hayes 正在回购此前抛售的 ENA 代币。

过去一小时内，Hayes 以 0.281 美元的价格购入 873,671 枚 ENA，价值约 24.5 万美元。两周前，他曾以 0.275 美元的价格抛售 502 万枚 ENA，当时价值约 138 万美元。
 
 https://www.techflowpost.com/newsletter/detail_106693.html
2025-11-28 20:30:13,366 - INFO - --------------------------------------------------
2025-11-28 20:30:13,585 - INFO - Channel: -1001735732363
2025-11-28 20:30:13,585 - INFO - Time: 2025-11-27T01:26:57+00:00
2025-11-28 20:30:13,585 - INFO - Content: **Camp Network发布“Origin 白皮书”，揭示人工智能时代数十亿IP资产的解决方案**

深潮 TechFlow 消息，11 月 27 日，据官方公告，Camp Network 发布“Origin白皮书”，推出针对人工智能时代的可编程知识产权协议。

Origin 协议旨在解决当前知识产权系统手动化、缓慢且官僚化的问题，无法跨数千个来源追踪归属、跨衍生品执行权利或结算价值几分之一美分的微版税。该协议将知识产权表示为嵌入许可和版税逻辑的 IPNFT，维护衍生品和归属的溯源图，并在 Camp 的高吞吐量基础设施上实时执行微版税结算。

Origin 采用三层架构：协议层负责 IPNFT 注册、许可和版税分配合约；服务层提供内容交付、法律文件生成和争议工具；应用层为市场和人工智能提供 SDK 和接口。该协议支持人工智能代理作为完整的知识产权实体，可自主注册输出、许可训练数据和模型，并配置上游贡献者的版税路由。
 
 https://www.techflowpost.com/newsletter/detail_106692.html
2025-11-28 20:30:13,585 - INFO - --------------------------------------------------
2025-11-28 20:30:13,773 - INFO - Channel: -1001735732363
2025-11-28 20:30:13,773 - INFO - Time: 2025-11-27T01:23:40+00:00
2025-11-28 20:30:13,773 - INFO - Content: **现货黄金短线下挫，回落至4150美元/盎司下方，日内跌0.34%**

深潮 TechFlow 消息，11 月 27 日，据金十数据报道，现货黄金短线下挫，回落至4150美元/盎司下方，日内跌0.34%。
 
 https://www.techflowpost.com/newsletter/detail_106691.html
2025-11-28 20:30:13,773 - INFO - --------------------------------------------------
2025-11-28 20:30:13,964 - INFO - Channel: -1001735732363
2025-11-28 20:30:13,964 - INFO - Time: 2025-11-27T01:19:59+00:00
2025-11-28 20:30:13,964 - INFO - Content: **人民币兑美元中间价升值至 2024 年 10 月 14 日以来最高，达 7.0779**

深潮 TechFlow 消息，11 月 27 日，据金十数据报道，人民币兑美元中间价较上日调升17点至7.0779，中间价升值至2024年10月14日以来最高。

 https://www.techflowpost.com/newsletter/detail_106690.html
2025-11-28 20:30:13,964 - INFO - --------------------------------------------------
2025-11-28 20:30:13,992 - INFO - Channel: -1001735732363
2025-11-28 20:30:13,992 - INFO - Time: 2025-11-27T01:15:23+00:00
2025-11-28 20:30:13,992 - INFO - Content: **纳斯达克向 SEC 申请将贝莱德比特币 ETF 的期权限额提升至 100 万份合约**

深潮 TechFlow 消息，11 月 27 日，据 Cointelegraph 报道，纳斯达克已向美国证券交易委员会（SEC）提交申请，要求将 BlackRock 的 IBIT 期权限额提升至 100 万份合约，这是监管机构允许的最高水平。
 
 https://www.techflowpost.com/newsletter/detail_106689.html
2025-11-28 20:30:13,992 - INFO - --------------------------------------------------
2025-11-28 20:30:14,034 - INFO - Channel: -1001735732363
2025-11-28 20:30:14,034 - INFO - Time: 2025-11-27T01:12:08+00:00
2025-11-28 20:30:14,034 - INFO - Content: **易理华：极度恐慌情绪已过，持续看好后续行情趋势**

深潮 TechFlow 消息，11 月 9 日，Liquid Capital（前 LD Capital）创始人易理华发文表示：“ETH重返3000，极度恐慌情绪已过，持续看好后续行情趋势。从4月以来才短短7个月，经历了抄底，逃顶，再抄底。币圈一日，人间十年，波动性极大的市场，时刻都在考验人性的弱点贪婪和恐惧，这是一个美好的行业，也是一个糟糕的行业，充满了信仰与怀疑，智慧与愚昧，光明与黑暗，希望与绝望。”
 
 https://www.techflowpost.com/newsletter/detail_106688.html
2025-11-28 20:30:14,034 - INFO - --------------------------------------------------
2025-11-28 20:30:14,125 - INFO - Channel: -1001735732363
2025-11-28 20:30:14,125 - INFO - Time: 2025-11-27T01:09:59+00:00
2025-11-28 20:30:14,125 - INFO - Content: **UFC 巨星 Conor McGregor 指控对手 Khabib Nurmagomedov 通过 NFT 销售诈骗粉丝 440 万美元**

深潮 TechFlow 消息，11 月 27 日，据 Cryptobriefing 报道，UFC 巨星 Conor McGregor 公开指控长期竞争对手 Khabib Nurmagomedov 通过销售以达吉斯坦传统帽子为主题的 NFT 诈骗粉丝。

据悉，Nurmagomedov 发布了一系列以 papakha（达吉斯坦传统帽子）为灵感的 NFT 数字藏品，社交媒体消息称该次发售产生了约 440 万美元的收入。销售完成后，Nurmagomedov 删除了此前推广该 NFT 的帖子。

McGregor 指控 Nurmagomedov 利用已故父亲的名义和达吉斯坦文化从粉丝手中骗取资金，称这是对其父亲遗产的"耻辱和污点"。Nurmagomedov 反击称 McGregor 是"绝对的骗子"，坚持认为这些 NFT 是具有真实价值的"数字礼品"，旨在庆祝达吉斯坦传统。

值得注意的是，McGregor 此前也曾与 Real World Gaming DAO 合作推出名为 REAL 的模因代币，但预售未达目标，最终为所有参与者处理了退款。
 
 https://www.techflowpost.com/newsletter/detail_106687.html
2025-11-28 20:30:14,125 - INFO - --------------------------------------------------
2025-11-28 20:30:14,265 - INFO - Channel: -1001735732363
2025-11-28 20:30:14,265 - INFO - Time: 2025-11-27T01:04:32+00:00
2025-11-28 20:30:14,265 - INFO - Content: **贝莱德 SIO 基金持有 IBIT 增至 239 万份，季度增幅约 14%**

深潮 TechFlow 消息，11 月 27 日，据美 SEC 文件显示，贝莱德旗下 Strategic Income Opportunities Portfolio 截至 9 月 30 日持有 2,397,423 份 IBIT 份额，按当时价格计约 1.558 亿美元，较 6 月份申报的 2,096,447 份增加约 14%。
 
 https://www.techflowpost.com/newsletter/detail_106686.html
2025-11-28 20:30:14,265 - INFO - --------------------------------------------------
2025-11-28 20:30:14,399 - INFO - Channel: -1001735732363
2025-11-28 20:30:14,400 - INFO - Time: 2025-11-27T00:56:41+00:00
2025-11-28 20:30:14,400 - INFO - Content: **世界交易所联合会反对美 SEC 为加密公司提供代币化股票监管豁免**

深潮 TechFlow 消息，11 月 27 日，据 Reuters 报道，世界交易所联合会（WFE）致信美国证券交易委员会（SEC），反对该机构可能为加密公司销售"代币化"股票提供监管豁免的计划。

WFE 在 11 月 21 日的信函中警告称，此类豁免可能给投资者带来风险，并破坏市场完整性。该组织成员包括纳斯达克和德国证券交易所等主要交易所。WFE 首席执行官 Nandini Sukumar 表示："SEC 不应向试图绕过数十年来保护市场的监管原则的公司授予豁免。"

目前，多家加密公司计划向零售投资者销售与上市股票挂钩的加密代币，但需要 SEC 的无异议函或豁免才能在美国销售此类产品。SEC 主席 Paul Atkins 此前表示，该机构正在制定"创新豁免"政策，允许加密企业试验新商业模式。
 
 https://www.techflowpost.com/newsletter/detail_106685.html
2025-11-28 20:30:14,400 - INFO - --------------------------------------------------
2025-11-28 20:30:14,532 - INFO - Channel: -1001735732363
2025-11-28 20:30:14,532 - INFO - Time: 2025-11-27T00:51:10+00:00
2025-11-28 20:30:14,532 - INFO - Content: **Securitize 获欧盟批准运营代币化交易结算系统，将在 Avalanche 链上部署**

深潮 TechFlow 消息，11 月 27 日，据 The Block 报道，Securitize 已获得欧盟分布式账本技术试点制度授权，成为在美国和欧盟均拥有合规代币化基础设施许可的公司。

西班牙国家证券市场委员会（CNMV）于周三发布批准，允许 Securitize 在整个欧盟运营受监管的交易和结算系统。作为启动的一部分，Securitize 将在 Avalanche 上部署其欧洲交易结算系统，预计首次发行将于 2026 年初进行。该授权使 Securitize 能够运营底层市场基础设施，为欧盟范围内代币化证券的发行、交易和结算提供合规环境，并与其美国基础设施直接连接。
 
 https://www.techflowpost.com/newsletter/detail_106684.html
2025-11-28 20:30:14,532 - INFO - --------------------------------------------------
2025-11-28 20:30:14,624 - INFO - Channel: -1001735732363
2025-11-28 20:30:14,624 - INFO - Time: 2025-11-27T00:48:30+00:00
2025-11-28 20:30:14,624 - INFO - Content: **“1011 开空内幕巨鲸”的 ETH 5 倍多单浮盈 113.9 万美元，持仓 15000 ETH**

深潮 TechFlow 消息，11 月 27 日，据链上分析师 Ai 姨（@ai_9684xtpa）监测，“1011 开空内幕巨鲸”的 ETH 5 倍多单目前浮盈 113.9 万美元。

该巨鲸持仓 15000 ETH，价值约 4532 万美元，开仓价格为 2945.83 美元。
 
 https://www.techflowpost.com/newsletter/detail_106683.html
2025-11-28 20:30:14,624 - INFO - --------------------------------------------------
2025-11-28 20:30:14,718 - INFO - Channel: -1001735732363
2025-11-28 20:30:14,718 - INFO - Time: 2025-11-27T00:41:53+00:00
2025-11-28 20:30:14,718 - INFO - Content: **“麻吉大哥”黄立成本周的 ETH 和 HYPE 多单已获利 108 万美元 ** 

深潮 TechFlow 消息，11 月 27 日，据链上分析师余烬（@EmberCN）监测，“麻吉大哥”黄立成本周一投入 100 万美元开设 ETH 和 HYPE 多头头寸，目前账户价值已增至 208 万美元，浮盈 108 万美元。

该交易员目前持有价值 2300 万美元的 ETH 和 HYPE 多单尚未平仓，其中 ETH 开仓价格为 2914 美元，HYPE 开仓价格为 33.5 美元。
 
 https://www.techflowpost.com/newsletter/detail_106682.html
2025-11-28 20:30:14,718 - INFO - --------------------------------------------------

Mentioned Currencies:  Ethena
Keywords:  [('ena', 0.3411), ('购买', 0.3013), ('arthur', 0.2709), ('分析师', 0.255), ('值超', 0.244), ('价值', 0.2264), ('falconx', 0.2035), ('万美元', 0.2019), ('ethfi', 0.1607), ('据链', 0.1576)]
Mentioned Currencies:  
Keywords:  [('官方', 0.3558), ('公告', 0.3153), ('上线', 0.3122), ('空投', 0.2995), ('apro', 0.2942), ('币安', 0.2785), ('hodler', 0.155)]
Mentioned Currencies:  Bitcoin
Keywords:  [('加密', 0.5307), ('孙悟空', 0.5034), ('中文', 0.4986), ('社媒', 0.4491), ('sunx', 0.4306), ('展开', 0.427), ('举办', 0.4225), ('代币', 0.4187), ('usdt', 0.4078), ('永续', 0.4067)]
Mentioned Currencies:  
Keywords:  [('监禁', 0.5352), ('判处', 0.5), ('量刑', 0.4738), ('kwon', 0.4667), ('美国法院', 0.4388), ('判决', 0.4088), ('审判', 0.3992), ('被捕', 0.3762), ('认罪', 0.3631), ('韩国', 0.309)]
Mentioned Currencies:  XRP
Keywords:  [('美元', 0.4394), ('批准', 0.4361), ('代币', 0.433), ('支付', 0.4043), ('资金', 0.4033), ('监管局', 0.3834), ('允许', 0.3608), ('金融', 0.3336), ('监管', 0.3327), ('adgm', 0.3194)]
Mentioned Currencies:  
Keywords:  [('韩元', 0.4618), ('公告', 0.3086), ('irys', 0.2929), ('交易', 0.2918), ('官方', 0.2589), ('上线', 0.2545), ('bithumb', 0.2376)]
Mentioned Currencies:  
Keywords:  [('鲸鱼', 0.5933), ('价格', 0.4809), ('美元', 0.4069), ('均价', 0.3613), ('代币', 0.3487), ('斥资', 0.32), ('购入', 0.3106), ('万美元', 0.3046), ('平均', 0.2983), ('买入', 0.2467)]
Mentioned Currencies:  
Keywords:  [('捐赠', 0.4174), ('hashkey', 0.4172), ('香港', 0.388), ('万港元', 0.335), ('救援', 0.3308), ('支援', 0.3298), ('援助', 0.3124), ('紧急', 0.2668), ('祈愿', 0.2145), ('火灾', 0.2018)]
Mentioned Currencies:  
Keywords:  [('朝鲜', 0.488), ('韩国', 0.4877), ('黑客', 0.3755), ('溢价', 0.3517), ('upbit', 0.3348), ('加密', 0.3156), ('市场', 0.3125), ('交易所', 0.2977), ('被盗', 0.2491), ('渗透', 0.2474)]
Mentioned Currencies:  
Keywords:  [('gaiai', 0.4199), ('alpha', 0.3952), ('官方', 0.2659), ('公布', 0.2598), ('上线', 0.2596), ('公告', 0.2346), ('推出', 0.2311), ('开放', 0.2304), ('即将', 0.2273), ('gaix', 0.2203)]
Mentioned Currencies:  
Keywords:  [('结算', 0.4137), ('稳定', 0.3422), ('visa', 0.3359), ('使用', 0.2877), ('合作', 0.2776), ('aquanow', 0.2533), ('实现', 0.2482), ('数据', 0.2423), ('快速', 0.2292), ('报道', 0.1859)]
Mentioned Currencies:  Bitcoin
Keywords:  [('巨鲸', 0.5139), ('价格', 0.4541), ('美元', 0.3841), ('lookonchain', 0.3674), ('售出', 0.3528), ('1ca98y', 0.3439), ('万美元', 0.321), ('价值', 0.26), ('btc', 0.2193), ('比特', 0.202)]
Mentioned Currencies:  
Keywords:  [('alpha', 0.4292), ('代币', 0.3696), ('小时', 0.3536), ('2025', 0.3512), ('币安', 0.338), ('分数', 0.3191), ('个币安', 0.3188), ('门槛', 0.3118), ('五分钟', 0.2819), ('平台', 0.2806)]
Mentioned Currencies:  
Keywords:  [('加密', 0.403), ('upbit', 0.3817), ('黑客攻击', 0.3716), ('bithumb', 0.2997), ('存储', 0.2945), ('交易所', 0.2884), ('提币', 0.2847), ('货币', 0.2845), ('紧急', 0.2753), ('韩国', 0.2747)]
Mentioned Currencies:  
Keywords:  [('town', 0.3778), ('代币', 0.3261), ('币安', 0.3101), ('置换', 0.2879), ('交易', 0.2878), ('合约', 0.2701), ('官方', 0.2506), ('完成', 0.2418), ('2025', 0.2404), ('充值', 0.2315)]
Mentioned Currencies:  
Keywords:  [('诈骗', 0.6169), ('受害者', 0.4205), ('万元', 0.3912), ('有罪', 0.3644), ('被判', 0.3585), ('货币', 0.358), ('伪装成', 0.3518), ('人民检察院', 0.3516), ('团伙', 0.3278), ('虚假', 0.3175)]
Mentioned Currencies:  
Keywords:  [('孙宇晨', 0.4372), ('tusd', 0.4124), ('孙悟空', 0.4113), ('开启', 0.3956), ('htx', 0.3885), ('储备', 0.3598), ('说明会', 0.3579), ('追诉', 0.3528), ('火币', 0.3494), ('顾问', 0.34)]
Mentioned Currencies:  
Keywords:  [('南昌', 0.5664), ('dao', 0.4235), ('广州', 0.3895), ('国库', 0.3746), ('htx', 0.3555), ('社媒', 0.3224), ('2025', 0.3068), ('共识', 0.2995), ('邀请', 0.2988), ('未来', 0.2944)]
Mentioned Currencies:  Toncoin
Keywords:  [('人工智能', 0.4227), ('融资', 0.4199), ('ventures', 0.3435), ('foundation', 0.3427), ('公司', 0.3196), ('自动化', 0.3191), ('战略', 0.3089), ('nexton', 0.3053), ('solutions', 0.2949), ('协议', 0.2899)]
Mentioned Currencies:  USDC,Hyperliquid
Keywords:  [('钱包', 0.4817), ('美元', 0.4408), ('价格', 0.4041), ('代币', 0.3961), ('hyperliquid', 0.3686), ('onchain', 0.3098), ('onchainlens', 0.3001), ('万美元', 0.2841), ('某新', 0.2181), ('usdc', 0.1898)]
Mentioned Currencies:  
Keywords:  [('加密', 0.4422), ('澳大利亚', 0.395), ('decrypt', 0.3801), ('罚款', 0.3593), ('货币', 0.3541), ('亿美元', 0.3532), ('违规者', 0.3438), ('金融', 0.327), ('金融服务', 0.3268), ('新法案', 0.3243)]
Mentioned Currencies:  Tether
Keywords:  [('tether', 0.5427), ('2025', 0.3651), ('最终', 0.3556), ('结束', 0.3358), ('决定', 0.3328), ('欧洲', 0.3162), ('更新', 0.3159), ('发布', 0.3135), ('宣布', 0.3083), ('停止', 0.3012)]
Mentioned Currencies:  
Keywords:  [('xrp', 0.4653), ('亿美元', 0.4586), ('xrpc', 0.4547), ('净资产', 0.3081), ('净值', 0.3064), ('总资产', 0.306), ('比率', 0.3043), ('万美元', 0.2571), ('数据', 0.2522), ('单日', 0.2392)]
Mentioned Currencies:  
Keywords:  [('人工智能', 0.405), ('几周', 0.3775), ('未来', 0.3578), ('逆转', 0.3283), ('最近', 0.3254), ('流动性', 0.3103), ('加密', 0.3094), ('市场', 0.2716), ('网络', 0.2604), ('目前', 0.2594)]
Mentioned Currencies:  
Keywords:  [('人工智能', 0.3864), ('未来', 0.3482), ('互联网', 0.3388), ('投资', 0.3327), ('万亿韩元', 0.3312), ('亿美元', 0.329), ('基础设施', 0.3262), ('下一代', 0.2895), ('upbit', 0.2881), ('计划', 0.2874)]
Mentioned Currencies:  Ethereum,Bitcoin,Tether
Keywords:  [('黄金价格', 0.631), ('黄金市场', 0.5856), ('黄金', 0.4802), ('价格', 0.4014), ('明年', 0.3756), ('2026', 0.3498), ('上涨', 0.3245), ('未来', 0.3207), ('趋势', 0.3016), ('中央银行', 0.2994)]
Mentioned Currencies:  
Keywords:  [('现金流', 0.5094), ('代币', 0.4801), ('经济模型', 0.4591), ('回购', 0.4333), ('cex', 0.4179), ('复苏', 0.3911), ('对比', 0.3378), ('推荐', 0.3358), ('卷土重来', 0.3127), ('相关', 0.2888)]
Mentioned Currencies:  Solana
Keywords:  [('亿韩元', 0.4706), ('钱包', 0.4687), ('upbit', 0.4478), ('货币', 0.3878), ('加密', 0.3757), ('代币', 0.3507), ('赔偿', 0.3453), ('交易所', 0.3392), ('攻击', 0.3391), ('存取款', 0.324)]
Mentioned Currencies:  World Liberty Financial
Keywords:  [('解雇', 0.5168), ('执行官', 0.4335), ('运营官', 0.3982), ('alt5sigma', 0.3637), ('首席', 0.3402), ('公司', 0.2515), ('代理', 0.1954), ('pitters', 0.1795), ('jonathan', 0.1668), ('ron', 0.1599)]
Mentioned Currencies:  Stellar,Bitcoin,Tether
Keywords:  [('tether', 0.4426), ('usdt', 0.3913), ('bitcoin', 0.3519), ('暂停', 0.3343), ('协议', 0.325), ('加密', 0.3138), ('订单', 0.3057), ('交易所', 0.3036), ('market', 0.3011), ('服务', 0.3005)]
Mentioned Currencies:  
Keywords:  [('音乐节', 0.6228), ('festival', 0.5209), ('808festival', 0.4497), ('camp', 0.4163), ('数百万', 0.4011), ('万亿美元', 0.3673), ('全球', 0.3277), ('世界', 0.3083), ('文化', 0.2845), ('网络', 0.2837)]
Mentioned Currencies:  
Keywords:  [('战略', 0.4067), ('产品组合', 0.3954), ('平台', 0.3864), ('提案', 0.3785), ('基础设施', 0.3751), ('模块化', 0.3689), ('产品线', 0.3432), ('升级', 0.3366), ('协议', 0.3343), ('集成', 0.3176)]
Mentioned Currencies:  Ethereum
Keywords:  [('etf', 0.3474), ('万美元', 0.3214), ('加密', 0.2439), ('trader', 0.2212), ('分析师', 0.2165), ('ethw', 0.2068), ('etha', 0.2033), ('美国', 0.2025), ('blackrock', 0.19), ('净流入', 0.1562)]
Mentioned Currencies:  
Keywords:  [('同步', 0.3638), ('永续', 0.3264), ('合约', 0.2967), ('irys', 0.2698), ('开放', 0.2419), ('bot', 0.2355), ('杠杆', 0.2234), ('上线', 0.2162), ('宣布', 0.2091), ('官方', 0.2032)]2025-11-28 20:30:14,848 - INFO - Channel: -1001735732363
2025-11-28 20:30:14,848 - INFO - Time: 2025-11-27T00:38:44+00:00
2025-11-28 20:30:14,848 - INFO - Content: **阿联酋颁布新的央行法律，将数字资产和 DeFi 纳入央行监管**

深潮 TechFlow 消息，11 月 27 日，据 CoinDesk 报道，阿联酋颁布新的央行法律，将数字资产和去中心化金融（DeFi）纳入传统银行监管框架。

根据《联邦法令第 6 号》，所有在阿联酋境内或从阿联酋开展业务的加密货币和区块链组织必须获得阿联酋央行（CBUAE）许可，无论使用何种技术。无牌经营的罚款最高可达 10 亿迪拉姆（约 2.72 亿美元）。

该法律将虚拟资产、DeFi 协议、稳定币、代币化现实世界资产、去中心化交易所、钱包、跨链桥及所有支持的区块链基础设施纳入央行管辖。新法提供 60 天许可决定、基于风险的资本规则，并为现有参与者提供一年宽限期（至 2026 年 9 月）以实现合规。
 
 https://www.techflowpost.com/newsletter/detail_106681.html
2025-11-28 20:30:14,848 - INFO - --------------------------------------------------
2025-11-28 20:30:14,955 - INFO - Channel: -1001735732363
2025-11-28 20:30:14,955 - INFO - Time: 2025-11-27T00:35:16+00:00
2025-11-28 20:30:14,955 - INFO - Content: **市场分析：日本“债务幻觉”堪忧，人为低利率恐引爆货币危机**

深潮 TechFlow 消息，11 月 27 日，据金十数据报道，英国金融时报分析指出，日本政府债务长期处于天文数字级别，然而过去十年间国债收益率大多维持在低位，这催生了一种危险的错觉——巨额债务并非问题。新任首相高市早苗近期公布的财政刺激方案，本意是展现与前任的政策差异，却恰恰成为这种危险错觉的最新例证。现实在于：日本巨额债务是真实存在的，而低利率却是人为假象。日本央行通过大规模购债及曾实施的收益率曲线控制政策，将利率压制在目标水平，人为抑制了国债收益率向市场定价水平的回归。这套机制在新冠疫情爆发前尚可运转，但随之而来的通胀浪潮导致全球央行集体加息，纷纷从通过资产购买实行量化宽松转向量化紧缩。事实上，新冠疫情已终结日本的利率压制实验——全球由此进入高利率平衡期。若在此环境下坚持压制利率，将可能引发货币陷入可怕的贬值周期。
 
 https://www.techflowpost.com/newsletter/detail_106680.html
2025-11-28 20:30:14,955 - INFO - --------------------------------------------------
2025-11-28 20:30:15,099 - INFO - Channel: -1001735732363
2025-11-28 20:30:15,100 - INFO - Time: 2025-11-27T00:32:26+00:00
2025-11-28 20:30:15,100 - INFO - Content: **卫星区块链计算网络 SpaceComputer 完成 1000 万美元种子轮融资，Maven11 和 Lattice 共同领投**

深潮 TechFlow 消息，11 月 27 日，据 The Defiant 报道，专注于卫星安全计算的初创公司 SpaceComputer 完成 1000 万美元种子轮融资。本轮融资由 Maven11 和 Lattice 共同领投，Superscrypt、Arbitrum 基金会、Nascent、Offchain Labs、Hashkey 和 Chorus One 等参投。

SpaceComputer 计划利用这笔资金构建轨道网络，从太空安全处理区块链操作。该公司将建造和发射首批卫星，这些被称为 SpaceTEE 单元的卫星将搭载安全计算硬件，在太空中运行安全的区块链和密码学任务。资金还将用于开发网络软件、建立卫星协作机制，并提供私人计算和安全记录保存等新服务。联合创始人 Daniel Bar 表示，该项目代表了"乐观而务实的密码朋克雄心"。
 
 https://www.techflowpost.com/newsletter/detail_106679.html
2025-11-28 20:30:15,100 - INFO - --------------------------------------------------
2025-11-28 20:30:15,249 - INFO - Channel: -1001735732363
2025-11-28 20:30:15,249 - INFO - Time: 2025-11-27T00:27:48+00:00
2025-11-28 20:30:15,249 - INFO - Content: **SpaceX 转移 1,163 枚比特币至新地址，价值 1.05 亿美元**

深潮 TechFlow 消息，11 月 27 日，据链上分析师 Onchain Lens（@OnchainLens）监测，SpaceX 已将 1,163 枚 BTC 转移至新地址，价值约 1.05 亿美元。
 
 https://www.techflowpost.com/newsletter/detail_106678.html
2025-11-28 20:30:15,249 - INFO - --------------------------------------------------
2025-11-28 20:30:15,305 - INFO - Channel: -1001735732363
2025-11-28 20:30:15,305 - INFO - Time: 2025-11-27T00:25:39+00:00
2025-11-28 20:30:15,305 - INFO - Content: **Tether CEO 回应“标普将Tether稳定性评分下调至最弱级别”：我们以你们的厌恶为荣**

深潮 TechFlow 消息，11 月 27 日，Tether CEO Paolo Ardoino 在社交媒体上回应“标普将Tether稳定性评分下调至最弱级别”，表示"我们以你们的厌恶为荣"。

Paolo Ardoino 批评传统评级模型专为传统金融机构而建，历史上曾误导私人和机构投资者投资那些尽管获得投资级评级但最终倒闭的公司，这促使全球监管机构质疑此类模型以及所有主要评级机构的独立性和客观评估能力。当任何公司试图挑战破碎金融系统的引力时，传统金融宣传机器就会感到担忧，认为没有公司应该敢于脱离传统金融系统。Paolo Ardoino 强调，Tether 建立了金融行业首家超额资本化公司，没有有毒储备，同时保持极高盈利能力。他表示，Tether 是传统金融系统极度破碎的活证明，以至于让那些"没有穿衣服的皇帝"感到恐惧。
 
 https://www.techflowpost.com/newsletter/detail_106677.html
2025-11-28 20:30:15,305 - INFO - --------------------------------------------------
2025-11-28 20:30:15,528 - INFO - Channel: -1001735732363
2025-11-28 20:30:15,528 - INFO - Time: 2025-11-27T00:18:48+00:00
2025-11-28 20:30:15,528 - INFO - Content: **Pump.fun**** 再次向 Kraken 转入 7500 万枚 USDC，12 天内累计转移 4.8 亿枚**

深潮 TechFlow 消息，11 月 27 日，据链上分析师余烬（@EmberCN）监测，Pump.fun 在 8 小时前向 Kraken 转入 7500 万枚 USDC。自 11 月 15 日以来的 12 天内，Pump.fun 累计向 Kraken 转移了 4.8 亿枚通过代币销售获得的 USDC。

据监测，这 7500 万枚 USDC 转入 Kraken 后，随即有 6926 万枚 USDC 从 Kraken 转至 Circle（USDC 发行方）。

此前 Pump.fun 团队表示，相关资金转移并非出金操作，而是为了资金分散管理以便重新投入业务运营。
 
 https://www.techflowpost.com/newsletter/detail_106676.html
2025-11-28 20:30:15,528 - INFO - --------------------------------------------------
2025-11-28 20:30:15,670 - INFO - Channel: -1001735732363
2025-11-28 20:30:15,670 - INFO - Time: 2025-11-27T00:16:54+00:00
2025-11-28 20:30:15,670 - INFO - Content: **美国将部分对华关税豁免期延长至2026年11月10日**

深潮 TechFlow 消息，11 月 27 日，据金十数据报道，当地时间11月26日，美国贸易代表办公室宣布，将把针对中国技术转让和知识产权问题、依据301条款调查所设立的关税的豁免延长至2026年11月10日。现有豁免条款原定于今年的11月29日到期。（界面新闻）
 
 https://www.techflowpost.com/newsletter/detail_106675.html
2025-11-28 20:30:15,670 - INFO - --------------------------------------------------
2025-11-28 20:30:15,767 - INFO - Channel: -1001735732363
2025-11-28 20:30:15,767 - INFO - Time: 2025-11-27T00:12:57+00:00
2025-11-28 20:30:15,767 - INFO - Content: **加密做市商 Portofino Technologies 再遭高管离职潮**

深潮 TechFlow 消息，11 月 27 日，据 CoinDesk 报道，瑞士加密货币做市商 Portofino Technologies 近期再次遭遇高级管理人员离职潮。据知情人士透露，该公司首席营收官 Melchior de Villeneuve 和幕僚长 Olivia Thurman 均已离职。此外，两名高级开发人员 Olivier Ravanas 和 Mike Tryhorn 以及两名初级开发人员也已离开公司。

这是 Portofino 今年第二波人员流失。此前，该公司总法律顾问兼合规主管 Celyn Armstrong 和前首席财务官 Mark Blackborough 分别于今年早些时候和 4 月份离职。

Portofino Technologies 由两名 Citadel Securities 前高管 Leonard Lancia 和 Alex Casimo 于 2021 年创立，并在 2022 年底完成 5000 万美元股权融资。该公司此前曾表示正在考虑在纽约和新加坡开设新办事处。
 
 https://www.techflowpost.com/newsletter/detail_106674.html
2025-11-28 20:30:15,767 - INFO - --------------------------------------------------
2025-11-28 20:30:15,894 - INFO - Channel: -1001735732363
2025-11-28 20:30:15,894 - INFO - Time: 2025-11-27T00:08:32+00:00
2025-11-28 20:30:15,894 - INFO - Content: **Vitalik 今晨宣布向 Session 和 SimpleX 各捐赠 128 ETH，称支持隐私通讯发展**

深潮 TechFlow 消息，11 月 27 日，以太坊联合创始人 Vitalik Buterin 今日早晨在社交媒体发文表示，已向两款注重隐私的加密通讯应用 Session 和 SimpleX Chat 各捐赠 128 ETH 。

Vitalik 表示，加密通讯对于保护数字隐私至关重要，该领域的两个重要发展方向是无需许可的账户创建和元数据隐私保护。Session 和 SimpleX Chat 正在推动这些方向的发展。同时指出去中心化、元数据保护、多设备支持和 Sybil/DoS 抵抗等仍是难题，需要更多开发者投入改进这类隐私通讯工具。
 
 https://www.techflowpost.com/newsletter/detail_106673.html
2025-11-28 20:30:15,894 - INFO - --------------------------------------------------
2025-11-28 20:30:16,033 - INFO - Channel: -1001735732363
2025-11-28 20:30:16,033 - INFO - Time: 2025-11-27T00:03:44+00:00
2025-11-28 20:30:16,033 - INFO - Content: **今日恐慌与贪婪指数升至 22，仍处于「极度恐慌状态」**

深潮 TechFlow 消息，11 月 27 日，据 Alternative.me 数据，今日加密货币恐慌与贪婪指数升至 22（昨日该指数为 15），表明市场仍处于「极度恐慌状态」。

 
 
 https://www.techflowpost.com/newsletter/detail_106672.html
2025-11-28 20:30:16,033 - INFO - --------------------------------------------------
2025-11-28 20:30:16,103 - INFO - Channel: -1001735732363
2025-11-28 20:30:16,103 - INFO - Time: 2025-11-27T00:01:47+00:00
2025-11-28 20:30:16,103 - INFO - Content: **今日CME“美联储观察”数据：12月降息25个基点的概率为84.9%**

深潮 TechFlow 消息，11 月 27 日，据金十数据报道，今日CME“美联储观察”数据：美联储12月降息25个基点的概率为84.9%，维持利率不变的概率为15.1%。

美联储到明年1月累计降息25个基点的概率为66.4%，维持利率不变的概率为11.1%，累计降息50个基点的概率为22.6%。
 
 https://www.techflowpost.com/newsletter/detail_106671.html
2025-11-28 20:30:16,103 - INFO - --------------------------------------------------
2025-11-28 20:30:16,198 - INFO - Channel: -1001735732363
2025-11-28 20:30:16,198 - INFO - Time: 2025-11-27T00:00:15+00:00
2025-11-28 20:30:16,198 - INFO - Content: **美联储褐皮书：近几周经济活动基本不变，消费者两极分化加剧**

深潮 TechFlow 消息，11 月 27 日，据金十数据报道，美联储褐皮书显示，近几周美国经济活动基本不变，除高端消费群体外，整体消费者支出进一步下滑。这份褐皮书指出，美国就业市场小幅走弱，物价水平保持温和上涨。美联储在报告中称：“总体经济展望保持稳定，部分受访企业预警未来数月经济放缓风险，制造业则流露谨慎乐观情绪。”由于此前持续至11月12日的美国史上最长政府停摆事件导致关键经济数据收集中断，近几个月来反映企业与消费者实际状况的实地调研备受关注。美联储官员在12月政策会议前将无法获取10-11月的完整劳动力市场与通胀数据。
 
 https://www.techflowpost.com/newsletter/detail_106670.html
2025-11-28 20:30:16,198 - INFO - --------------------------------------------------
2025-11-28 20:30:16,317 - INFO - Channel: -1001735732363
2025-11-28 20:30:16,317 - INFO - Time: 2025-11-26T23:56:56+00:00
2025-11-28 20:30:16,317 - INFO - Content: **今日凌晨BTC 突破 90000 美元，ETH 突破 3000 美元**

深潮 TechFlow 消息，11 月 27 日，据 HTX 行情数据显示，今日凌晨 BTC 突破 90000 美元，现报 90507.98 美元，日内涨幅 4.03%。

ETH 突破 3000 美元，现报 3028.04 美元，日内涨幅 3.49%。
 
 https://www.techflowpost.com/newsletter/detail_106669.html
2025-11-28 20:30:16,317 - INFO - --------------------------------------------------
2025-11-28 20:30:16,522 - INFO - Channel: -1001735732363
2025-11-28 20:30:16,522 - INFO - Time: 2025-11-26T23:54:33+00:00
2025-11-28 20:30:16,522 - INFO - Content: **摩根大通推翻其一周前的预测，转为预计美联储12月降息**

深潮 TechFlow 消息，11 月 27 日，据金十数据报道，摩根大通经济学家改变预测，认为美联储将于12月启动降息，这逆转了该行一周前关于政策制定者将推迟降息至明年1月的判断。以该行美国首席经济学家迈克尔·费罗利为首的研究团队周三表示，多位美联储重量级官员（特别是纽约联储主席威廉姆斯）支持近期降息的表态，促使他们重新评估形势。上周延迟发布的9月就业报告公布后，摩根大通原本预测12月利率将维持不变。目前摩根大通预计美联储将在12月和明年1月分别进行两次25基点的降息。“我们重新将最终降息时点锁定在明年1月，”费罗利在致客户报告中写道，“虽然下次FOMC会议结果仍存变数，但我们认为最新一轮美联储官员表态已使天平倾向12月降息。”
 
 https://www.techflowpost.com/newsletter/detail_106668.html
2025-11-28 20:30:16,522 - INFO - --------------------------------------------------
2025-11-28 20:30:16,609 - INFO - Channel: -1001735732363
2025-11-28 20:30:16,609 - INFO - Time: 2025-11-26T15:47:59+00:00
2025-11-28 20:30:16,609 - INFO - Content: **S&P将Tether稳定性评分下调至最弱级别，称储备无法应对比特币下跌**

深潮 TechFlow 消息，11 月 26 日，据The Block报道，S&P全球评级已将Tether的USDT稳定性评估下调至其量表上的最弱水平5级，原因是其储备资产中风险成分增加。据S&P报告，比特币现在占USDT流通量的约5.6%，超过了Tether最新第三季度证明中暗示的3.9%储备缓冲，这意味着比特币价格大幅下跌可能导致USDT抵押不足。

截至9月30日，Tether的高风险资产（包括比特币、黄金、担保贷款和公司债券）已占储备的24%，较一年前的17%有所上升。S&P指出，这些风险敞口加上储备透明度持续存在的问题，是评分下调的主要原因。
 
 https://www.techflowpost.com/newsletter/detail_106667.html
2025-11-28 20:30:16,609 - INFO - --------------------------------------------------
2025-11-28 20:30:16,818 - INFO - Channel: -1001735732363
2025-11-28 20:30:16,818 - INFO - Time: 2025-11-26T15:43:16+00:00
2025-11-28 20:30:16,818 - INFO - Content: **今日加密货币市值前100代币涨跌： DASH 涨 16.34%，ASTER 跌 6.07%**

深潮 TechFlow 消息，11 月 26 日，据 Coinmarketcap 数据，今日加密货币市值前 100 代币表现如下，

涨幅前五：

Dash (DASH) 涨 16.34%，现价 63.93 美元；

SPX6900 (SPX) 涨 16.33%，现价 0.6584 美元；

Monad (MON) 涨 14.52%，现价 0.0449 美元；

Starknet (STRK) 涨 8.61%，现价 0.1469 美元；

Monero (XMR) 涨 6.59%，现价 399.97 美元。

跌幅前五：

Aster (ASTER) 跌 6.07%，现价 1.09 美元；

MYX Finance (MYX) 跌 3.07%，现价 2.66 美元；

Morpho (MORPHO) 跌 3.02%，现价 1.47 美元；

Canton (CC) 跌 2.99%，现价 0.08589 美元；

Quant (QNT) 跌 2.91%，现价 84.48 美元。
 
 https://www.techflowpost.com/newsletter/detail_106666.html
2025-11-28 20:30:16,818 - INFO - --------------------------------------------------
2025-11-28 20:30:16,933 - INFO - Channel: -1001735732363
2025-11-28 20:30:16,933 - INFO - Time: 2025-11-26T15:41:12+00:00
2025-11-28 20:30:16,933 - INFO - Content: **SOL 财库公司Upexi宣布2300万美元私募发行计划**

深潮 TechFlow 消息，11 月 26 日，Upexi, Inc. (NASDAQ: UPXI) 于2025年11月26日宣布与单一机构投资者签订证券购买协议，将以每股3.04美元的价格发行约329万股普通股及同等数量的认股权证，认股权证行使价为4.00美元，有效期48个月。此次私募发行价格高于纳斯达克市场规则下的市场价格。

公司预计初步募集约1000万美元，若认股权证全部行使，将额外获得1300万美元。交易预计于12月1日完成，募集资金将用于流动资金、一般企业用途及Solana最大回报策略。

作为专注于Solana的数字资产公司，Upexi目前持有超过200万SOL，并通过智能资本发行、质押和折扣锁定代币购买三大机制创造价值。
 
 https://www.techflowpost.com/newsletter/detail_106665.html
2025-11-28 20:30:16,933 - INFO - --------------------------------------------------
2025-11-28 20:30:17,067 - INFO - Channel: -1001735732363
2025-11-28 20:30:17,067 - INFO - Time: 2025-11-26T15:19:57+00:00
2025-11-28 20:30:17,067 - INFO - Content: **过去 24 小时全网爆仓 2.25 亿美元，多空双爆**

深潮 TechFlow 消息，11 月 26 日，据 Coinglass 数据，过去 24 小时内加密货币市场总爆仓金额达 2.25 亿美元，其中，多单爆仓 9754.98 万美元，空单爆仓 1.28 亿美元。全球共有 98,150 人被爆仓，最大单笔爆仓单发生在 Hyperliquid - BTC-USD 价值 437.04万美元。
 
 https://www.techflowpost.com/newsletter/detail_106664.html
2025-11-28 20:30:17,067 - INFO - --------------------------------------------------
2025-11-28 20:30:17,142 - INFO - Channel: -1001735732363
2025-11-28 20:30:17,142 - INFO - Time: 2025-11-26T14:45:36+00:00
2025-11-28 20:30:17,143 - INFO - Content: **币安合约上线IRYSUSDT永续合约，最高20倍杠杆**

深潮 TechFlow 消息，11 月 26 日，据官方公告，币安合约将于 2025 年 11 月 26 日 16：00（UTC）上线 IRYSUSDT 永续合约，最高支持 20 倍杠杆。
 
 https://www.techflowpost.com/newsletter/detail_106662.html
2025-11-28 20:30:17,143 - INFO - --------------------------------------------------
2025-11-28 20:30:17,222 - INFO - Channel: -1001735732363
2025-11-28 20:30:17,222 - INFO - Time: 2025-11-26T14:37:14+00:00
2025-11-28 20:30:17,222 - INFO - Content: **SOL财库公司DFDV披露两高管已在公开市场购买总计14244股普通股**

深潮 TechFlow 消息，11 月 26 日，据Globenewswire报道，纳斯达克上市的Solana财库公司DeFi Development（DFDV）宣布该公司两位高管已在公开市场购买总计14244股普通股，其中首席运营官兼首席投资官Parker White购买10,044股普通股，首席战略官Daniel Kang购买4,200股普通股。
 
 https://www.techflowpost.com/newsletter/detail_106661.html
2025-11-28 20:30:17,222 - INFO - --------------------------------------------------
2025-11-28 20:30:17,344 - INFO - Channel: -1001735732363
2025-11-28 20:30:17,344 - INFO - Time: 2025-11-26T14:36:03+00:00
2025-11-28 20:30:17,344 - INFO - Content: **美股开盘，加密股涨跌不一**

深潮 TechFlow 消息，11 月 26 日，行情显示，美股开盘，加密股涨跌不一：


 SharpLink Gaming (SBET): 9.880美元，下跌0.50% (-0.050)
 Strategy (MSTR): 172.530美元，上涨0.20% (+0.340)
 Coinbase Global (COIN): 255.220美元，上涨0.43% (+1.100)
 Circle (CRCL): 69.960美元，下跌0.21% (-0.150)
 KULR Technology (KULR): 2.650美元，上涨4.33% (+0.110)
 BTCS (BTCS): 3.060美元，下跌0.33% (-0.010)
 BitMine Immersion (BMNR): 29.966美元，上涨3.65% (+1.056)
 Robinhood Markets (HOOD): 123.260美元，上涨6.65% (+7.690)
 Tron (TRON): 1.862美元，上涨1.75% (+0.032)
 MARA Holdings (MARA): 11.220美元，上涨0.45% (+0.050)
 Riot Platforms (RIOT): 14.320美元，下跌0.49% (-0.070)
 Hut 8 (HUT): 40.070美元，上涨0.28% (+0.110)


 
 
 https://www.techflowpost.com/newsletter/detail_106660.html
2025-11-28 20:30:17,344 - INFO - --------------------------------------------------
2025-11-28 20:30:17,476 - INFO - Channel: -1001735732363
2025-11-28 20:30:17,476 - INFO - Time: 2025-11-26T14:28:43+00:00
2025-11-28 20:30:17,476 - INFO - Content: **USDC Treasury于Solana链增发5亿枚USDC**

深潮 TechFlow 消息，11 月 26 日，据Whale Alert监测，USDC Treasury于Solana链增发5亿枚USDC。
 
 https://www.techflowpost.com/newsletter/detail_106659.html
2025-11-28 20:30:17,476 - INFO - --------------------------------------------------
2025-11-28 20:30:17,525 - INFO - Channel: -1001735732363
2025-11-28 20:30:17,525 - INFO - Time: 2025-11-26T13:57:51+00:00
2025-11-28 20:30:17,525 - INFO - Content: **Vitalik提出以太坊未来将实施有针对性的gas调整策略**

深潮 TechFlow 消息，11 月 26 日，以太坊联合创始人Vitalik Buterin今日在社交媒体表示，以太坊未来将继续增长，但将采取更有针对性的扩展策略。他提出可能的方案包括区块gas限制提高5倍，同时对处理效率较低的操作增加5倍gas成本。潜在调整目标包括创建新存储时的SSTORE操作、预编译（除椭圆曲线相关外）、调用大型合约、复杂算术操作以及轻微调整Calldata成本。Vitalik指出，过去一年内以太坊区块gas限制已增长一倍达到60M，这仅是未来改进的开始。相关gas重定价EIP正在为即将到来的"Glamsterdam"或"H*"升级进行开发中。
 
 https://www.techflowpost.com/newsletter/detail_106658.html
2025-11-28 20:30:17,525 - INFO - --------------------------------------------------
2025-11-28 20:30:17,661 - INFO - Channel: -1001735732363
2025-11-28 20:30:17,661 - INFO - Time: 2025-11-26T13:53:37+00:00
2025-11-28 20:30:17,661 - INFO - Content: **Bybit 七周年庆典：250 万美元奖池回馈全球近 8000 万用户**

深潮 TechFlow 消息，11 月 26 日，加密货币交易所 Bybit 迎来七周年， 宣布推出#7UpBybit主题跨年庆典活动。即日起至 2026 年 1 月 6 日，用户可通过完成任务升级 Mantle 萌芽蛋角色，参与瓜分高达250 万美元的总奖池。
活动设置三大环节：六轮奖池奖赏不断（最高单池 20.26 万 USDT）、超级大奖排行榜（冠军独享 77,777 USDT）及 100% 中奖的幸运抽奖。
2025年Bybit在监管合规和业务创新方面成绩斐然，年内成功获得欧盟 MiCAR牌照和阿联酋 SCA 全牌照。Bybit TradFi领先打通传统金融通道的同时，Bybit旗下 Byreal DEX 交易量突破 8.3 亿美元，一度跻身 Solana DEX 费用及收入排名前五。本年度WSOT更首创吉尼斯世界纪录™。
七年征程，Bybit 持续以创新与透明度赋能全球交易者。
 
 https://www.techflowpost.com/newsletter/detail_106657.html
2025-11-28 20:30:17,661 - INFO - --------------------------------------------------
2025-11-28 20:30:17,854 - INFO - Channel: -1001735732363
2025-11-28 20:30:17,855 - INFO - Time: 2025-11-26T13:48:19+00:00
2025-11-28 20:30:17,855 - INFO - Content: **某ETH巨鲸高抛低吸，成功回补1.8万枚ETH**

深潮 TechFlow 消息，11 月 26 日，据分析师余烬监测，某巨鲸在9-10月间以均价4,202美元减持3万枚ETH，获利约3,537万美元后，近期已开始回补仓位。据链上数据显示，该投资者于10月22日从币安提取1.2万枚ETH（当时价格为3,854美元），并于11月26日再次提取6,000枚ETH（价格为2,900美元）。目前，该地址持有7.4万枚ETH（约2.15亿美元），平均成本为3,148美元。
 
 https://www.techflowpost.com/newsletter/detail_106656.html
2025-11-28 20:30:17,855 - INFO - --------------------------------------------------
2025-11-28 20:30:18,018 - INFO - Channel: -1001735732363
2025-11-28 20:30:18,018 - INFO - Time: 2025-11-26T13:47:01+00:00
2025-11-28 20:30:18,018 - INFO - Content: **DDC Enterprise 增持 100 枚比特币，总持仓达 1,183 枚**

深潮 TechFlow 消息，11 月 26 日，据 BitcoinTreasuries.NET 监测，上市公司 DDC Enterprise ($DDC) 增持 100 枚比特币，目前总持仓量达到 1,183 枚比特币。
 
 https://www.techflowpost.com/newsletter/detail_106655.html
2025-11-28 20:30:18,018 - INFO - --------------------------------------------------
2025-11-28 20:30:18,085 - INFO - Channel: -1001735732363
2025-11-28 20:30:18,085 - INFO - Time: 2025-11-26T13:43:37+00:00
2025-11-28 20:30:18,085 - INFO - Content: **美国周度初请人数下降，劳动力市场状况稳定**

深潮 TechFlow 消息，11 月 26 日，美国公布的周度初请失业金人数下降，表明失业人数仍然很低，尽管在经济不确定性挥之不去的情况下，劳动力市场难以为失业者创造足够的就业机会。周三公布的数据显示，截至11月22日当周，初请失业金人数经季节调整后减少6,000人，至21.6万人。经济学家此前预计，上周初请失业金人数为22.5万人。由于周四是感恩节假期，该报告提前一天发布。经济学家表示，总统特朗普激进的贸易和移民政策创造了一个企业不愿裁员或雇佣更多工人的环境，导致了他们和政策制定者所说的“不雇不炒”的劳动力市场。但包括亚马逊在内的一些企业，正在加大裁员力度，因为它们正将人工智能融入了一些岗位。经济学家预计，这些裁员可能会体现在明年的初请失业金数据中，不过过去申请失业金的人数并不总是随着宣布裁员而增加。(金十)
 
 https://www.techflowpost.com/newsletter/detail_106654.html
2025-11-28 20:30:18,085 - INFO - --------------------------------------------------
2025-11-28 20:30:18,200 - INFO - Channel: -1001735732363
2025-11-28 20:30:18,201 - INFO - Time: 2025-11-26T13:41:07+00:00
2025-11-28 20:30:18,201 - INFO - Content: **Grayscale Zcash Trust向SEC提交S-3注册声明**

深潮 TechFlow 消息，11 月 26 日，据官方文件，Grayscale Zcash Trust (ZEC)于2025年11月26日向美国证券交易委员会(SEC)提交了S-3注册声明，文件编号为333-291800。该信托公司总部位于康涅狄格州斯坦福市，主要从事商品合约经纪和交易业务(SIC代码:6221)。
 
 https://www.techflowpost.com/newsletter/detail_106653.html
2025-11-28 20:30:18,201 - INFO - --------------------------------------------------
2025-11-28 20:30:18,352 - INFO - Channel: -1001735732363
2025-11-28 20:30:18,352 - INFO - Time: 2025-11-26T13:36:31+00:00
2025-11-28 20:30:18,352 - INFO - Content: **某巨鲸从币安提取 6,000 枚 ETH，价值约 1746 万美元**

深潮 TechFlow 消息，11 月 26 日，据链上分析师 Onchain Lens（@OnchainLens）监测，某巨鲸从币安提取了 6,000 枚 ETH，价值约 1746 万美元。目前，该巨鲸持有 73,981 枚 ETH，价值约 2.16 亿美元。
 
 https://www.techflowpost.com/newsletter/detail_106652.html
2025-11-28 20:30:18,352 - INFO - --------------------------------------------------
2025-11-28 20:30:18,457 - INFO - Channel: -1001735732363
2025-11-28 20:30:18,457 - INFO - Time: 2025-11-26T13:31:17+00:00
2025-11-28 20:30:18,457 - INFO - Content: **美国至11月22日当周初请失业金人数 21.6万人，预期22.5万人**

深潮 TechFlow 消息，11 月 26 日，美国至11月22日当周初请失业金人数 21.6万人，为2025年4月12日当周以来新低，预期22.5万人，前值由22万人修正为22.2万人。(金十)
 
 https://www.techflowpost.com/newsletter/detail_106651.html
2025-11-28 20:30:18,457 - INFO - --------------------------------------------------
2025-11-28 20:30:18,511 - INFO - Channel: -1001735732363
2025-11-28 20:30:18,512 - INFO - Time: 2025-11-26T13:15:42+00:00
2025-11-28 20:30:18,512 - INFO - Content: **加拿大家庭遭13小时暴力入室抢劫，损失160万美元比特币**

深潮 TechFlow 消息，11 月 26 日，一家居住在加拿大不列颠哥伦比亚省的家庭在2024年4月遭遇了一起骇人听闻的入室抢劫案。四名蒙面歹徒伪装成邮递员进入受害家庭住所，对父母实施水刑和殴打，并迫使其18岁女儿裸体拍照，历时13小时的暴力胁迫最终导致家庭失去全部积蓄——价值160万美元的比特币。

一名来自香港的嫌犯因参与此案被判7年监禁，他透露自己因5万加元酬金受雇参与此次犯罪。目前另外三名嫌犯仍然在逃。警方警告，随着加密货币投资者成为有组织犯罪的目标，类似案件可能会继续发生。
 
 https://www.techflowpost.com/newsletter/detail_106650.html
2025-11-28 20:30:18,512 - INFO - --------------------------------------------------
2025-11-28 20:30:18,686 - INFO - Channel: -1001735732363
2025-11-28 20:30:18,686 - INFO - Time: 2025-11-26T13:02:46+00:00
2025-11-28 20:30:18,686 - INFO - Content: **某交易员向 HyperLiquid 存入了 100 万枚 USDC，做多 NVDA 并做空 GOOGL**

深潮 TechFlow 消息，11 月 26 日，据链上分析平台 Lookonchain（@lookonchain）监测，0x7034 开头交易员于一小时前向 HyperLiquid 存入了 100 万枚 USDC，用于做多 NVDA 股票并做空 GOOGL 股票。
 
 https://www.techflowpost.com/newsletter/detail_106649.html
2025-11-28 20:30:18,686 - INFO - --------------------------------------------------
2025-11-28 20:30:18,814 - INFO - Channel: -1001735732363
2025-11-28 20:30:18,814 - INFO - Time: 2025-11-26T12:54:41+00:00
2025-11-28 20:30:18,814 - INFO - Content: **Bitwise BSOL Solana ETF 从 Coinbase 提取了 192,865 枚 SOL**

深潮 TechFlow 消息，11 月 26 日，据链上分析平台 Lookonchain（@lookonchain）监测，Bitwise BSOL Solana ETF 从 Coinbase 提取了 192,865 枚 SOL（约 2640 万美元），目前持有 4,317,187 枚 SOL（约 5.87 亿美元）。
 
 https://www.techflowpost.com/newsletter/detail_106648.html
2025-11-28 20:30:18,814 - INFO - --------------------------------------------------

Mentioned Currencies:  Solana
Keywords:  [('亿美元', 0.4545), ('净资产', 0.3931), ('tsol', 0.374), ('总资产', 0.3654), ('万美元', 0.3089), ('净值', 0.2885), ('比率', 0.2719), ('etf', 0.2539), ('solana', 0.2493), ('21shares', 0.2446)]
Mentioned Currencies:  Bitcoin
Keywords:  [('blackrock', 0.297), ('invest', 0.2951), ('fbtc', 0.291), ('万美元', 0.2649), ('ibit', 0.2242), ('加密', 0.2231), ('arkb', 0.2119), ('fidelity', 0.1963), ('ark', 0.1861), ('etf', 0.1855)]
Mentioned Currencies:  Ethereum,Hyperliquid
Keywords:  [('鲸鱼', 0.5676), ('价格', 0.4494), ('美元', 0.3797), ('价值', 0.3235), ('万美元', 0.3006), ('增加', 0.2858), ('资产', 0.2756), ('hyperliquid', 0.2547), ('获利', 0.1874), ('lens', 0.1266)]
Mentioned Currencies:  
Keywords:  [('保卫战', 0.4657), ('万亿美元', 0.4482), ('股价', 0.4447), ('宣传', 0.438), ('市值', 0.4377), ('分析师', 0.4271), ('股票', 0.4153), ('抨击', 0.4102), ('批评', 0.3985), ('指控', 0.3833)]
Mentioned Currencies:  Dogecoin
Keywords:  [('doge', 0.5771), ('dogecoin', 0.5532), ('费率', 0.4182), ('现金', 0.3573), ('净资产', 0.345), ('交易额', 0.3439), ('总资产', 0.3171), ('万美元', 0.3046), ('净值', 0.3032), ('etf', 0.2668)]
Mentioned Currencies:  Ethena
Keywords:  [('ethena', 0.3708), ('ena', 0.3706), ('总价值', 0.3058), ('购买', 0.2988), ('购入', 0.2899), ('价值', 0.2878), ('代币', 0.2844), ('交易', 0.2796), ('etherfi', 0.2697), ('万美元', 0.2589)]
Mentioned Currencies:  Bitcoin
Keywords:  [('交易价格', 0.4474), ('通胀', 0.4327), ('股市', 0.429), ('美联储', 0.4286), ('货币', 0.3918), ('概率', 0.3819), ('股票', 0.3608), ('净资产值', 0.3558), ('风险', 0.3535), ('市场', 0.3309)]
Mentioned Currencies:  Hyperliquid
Keywords:  [('鲸鱼', 0.5522), ('hyperliquid', 0.3313), ('万美元', 0.3132), ('代币', 0.2968), ('价值', 0.2467), ('lookonchain', 0.2131), ('杠杆', 0.192), ('usdc', 0.1914), ('0xbfc8', 0.19), ('发生', 0.1407)]
Mentioned Currencies:  
Keywords:  [('版本', 0.3956), ('sonic', 0.3477), ('兼容性', 0.2994), ('升级', 0.2848), ('主网', 0.2579), ('网络', 0.2149), ('改进', 0.2054), ('上线', 0.1489), ('官方', 0.132), ('宣布', 0.1227)]
Mentioned Currencies:  Bitcoin
Keywords:  [('价格', 0.3969), ('bitmine', 0.3697), ('lee', 0.304), ('预测', 0.2896), ('btc', 0.2808), ('万美元', 0.2787), ('2025', 0.2472), ('年内', 0.2468), ('2024', 0.2457), ('cnbc', 0.2171)]
Mentioned Currencies:  Uniswap
Keywords:  [('主网', 0.3943), ('uniswap', 0.295), ('用户', 0.2703), ('应用', 0.2272), ('支持', 0.1735), ('跨链', 0.1714), ('兑换', 0.1552), ('monad', 0.1467), ('labs', 0.1121), ('代币', 0.1045)]
Mentioned Currencies:  
Keywords:  [('货币政策', 0.6692), ('美联储', 0.5256), ('市场', 0.4704), ('金价', 0.459), ('美元', 0.4353), ('略低于', 0.3832), ('经济委员会', 0.3823), ('波动', 0.378), ('分析师', 0.369), ('黄金周', 0.3309)]
Mentioned Currencies:  Bitcoin
Keywords:  [('btc', 0.4171), ('涨幅', 0.3504), ('美元', 0.3182), ('行情', 0.264), ('htx', 0.2322), ('小时', 0.2064), ('突破', 0.1344), ('现报', 0.1338), ('数据', 0.129), ('显示', 0.0778)]
Mentioned Currencies:  Bitcoin
Keywords:  [('难度', 0.3163), ('挖矿', 0.3086), ('2025', 0.2891), ('预测', 0.2492), ('下次', 0.2131), ('网络', 0.2018), ('下调', 0.1937), ('完成', 0.1774), ('新一轮', 0.1712), ('数据', 0.1612)]
Mentioned Currencies:  Ondo
Keywords:  [('股票交易', 0.5987), ('finance', 0.5463), ('股票', 0.5301), ('钱包', 0.5118), ('代币', 0.4958), ('市场', 0.4755), ('交易', 0.4666), ('币安', 0.415), ('在币安', 0.4062), ('手续费', 0.393)]
Mentioned Currencies:  
Keywords:  [('金矿业', 0.4487), ('黄金', 0.4284), ('涨超', 0.3481), ('港股', 0.3359), ('白银', 0.3235), ('中国', 0.3196), ('紫金', 0.2929), ('珠峰', 0.2882), ('走高', 0.2861), ('矿业', 0.2564)]
Mentioned Currencies:  USDC,Hyperliquid
Keywords:  [('钱包', 0.4547), ('交易平台', 0.4253), ('onchain', 0.3427), ('onchainlens', 0.3339), ('杠杆', 0.3164), ('hyperliquid', 0.3003), ('价值', 0.2751), ('usdc', 0.2678), ('万美元', 0.267), ('wlfi', 0.2497)]
Mentioned Currencies:  
Keywords:  [('finance', 0.4526), ('资金', 0.4258), ('bubblemaps', 0.4099), ('借贷', 0.3771), ('经济学', 0.3592), ('代币', 0.3467), ('交易所', 0.3058), ('供应量', 0.2869), ('钱包', 0.2859), ('指控', 0.2692)]
Mentioned Currencies:  Ethereum
Keywords:  [('巨鲸', 0.6007), ('美元', 0.3895), ('万美元', 0.3486), ('地址', 0.3424), ('均价', 0.3282), ('9684xtpa', 0.2969), ('价值', 0.2925), ('建仓', 0.2738), ('成本低', 0.2705), ('年前', 0.2691)]
Mentioned Currencies:  
Keywords:  [('invest', 0.4952), ('股票', 0.4382), ('ark', 0.3865), ('coinbase', 0.255), ('增持', 0.204), ('cathie', 0.1306), ('coreweave', 0.0853), ('wood', 0.05), ('万美元', 0.0484), ('旗下', 0.0253)]
Mentioned Currencies:  Tether
Keywords:  [('乌拉圭', 0.6283), ('tether', 0.3412), ('裁员', 0.2842), ('公司', 0.274), ('员工', 0.2501), ('停止', 0.2489), ('业务', 0.2485), ('亿美元', 0.2452), ('劳动和社会保障部', 0.2381), ('运营', 0.2378)]
Mentioned Currencies:  Ethereum,Uniswap,Bitcoin,Tether
Keywords:  [('关税', 0.5024), ('成本价', 0.4612), ('美联储', 0.4328), ('美元', 0.4113), ('货币', 0.3947), ('可转债', 0.3797), ('经济学', 0.3753), ('2026', 0.3711), ('经济', 0.3519), ('代币', 0.3491)]
Mentioned Currencies:  Ethena
Keywords:  [('价格', 0.4399), ('美元', 0.3898), ('ena', 0.3628), ('抛售', 0.3203), ('购入', 0.3203), ('代币', 0.3101), ('价值', 0.2582), ('万美元', 0.256), ('回购', 0.2418), ('arthur', 0.2411)]
Mentioned Currencies:  
Keywords:  [('人工智能', 0.4772), ('知识产权', 0.4232), ('ipnft', 0.4212), ('ip', 0.421), ('camp', 0.408), ('基础设施', 0.3897), ('协议', 0.386), ('可编程', 0.3671), ('network', 0.3592), ('应用层', 0.3546)]
Mentioned Currencies:  
Keywords:  [('黄金', 0.4827), ('美元', 0.4551), ('下挫', 0.3507), ('盎司', 0.3491), ('下方', 0.3477), ('回落', 0.3158), ('短线', 0.2112), ('数据', 0.155), ('现货', 0.1455), ('日内', 0.1448)]
Mentioned Currencies:  
Keywords:  [('中间价', 0.5448), ('美元', 0.4851), ('人民币', 0.4366), ('升值', 0.3597), ('2024', 0.3032), ('数据', 0.1968), ('最高', 0.1595), ('以来', 0.1578), ('报道', 0.0585), ('点至', 0.0558)]
Mentioned Currencies:  Bitcoin
Keywords:  [('证券交易', 0.2759), ('blackrock', 0.2524), ('合约', 0.2376), ('ibit', 0.2198), ('限额', 0.2013), ('期权', 0.1979), ('sec', 0.1951), ('cointelegraph', 0.1916), ('提交', 0.1832), ('纳斯达克', 0.1783)]
Mentioned Currencies:  
Keywords:  [('波动性', 0.4952), ('恐慌', 0.4856), ('恐惧', 0.4718), ('行情', 0.4593), ('市场', 0.4539), ('趋势', 0.4492), ('贪婪', 0.4312), ('以来', 0.4012), ('怀疑', 0.3987), ('情绪', 0.3604)]
Mentioned Currencies:  
Keywords:  [('khabib', 0.4261), ('conor', 0.4183), ('诈骗', 0.418), ('骗取', 0.375), ('骗子', 0.3575), ('粉丝', 0.3517), ('指控', 0.3312), ('帽子', 0.3305), ('nurmagomedov', 0.3304), ('papakha', 0.3225)]
Mentioned Currencies:  
Keywords:  [('ibit', 0.4629), ('portfolio', 0.4336), ('基金', 0.4212), ('income', 0.3141), ('价格', 0.2861), ('增幅', 0.2824), ('增加', 0.2795), ('strategic', 0.2773), ('亿美元', 0.2638), ('opportunities', 0.1949)]
Mentioned Currencies:  
Keywords:  [('加密', 0.5453), ('保护', 0.3635), ('豁免', 0.3627), ('证券交易', 0.3593), ('wfe', 0.3361), ('反对', 0.3178), ('投资者', 0.3156), ('风险', 0.3083), ('交易所', 0.3024), ('监管', 0.298)]
Mentioned Currencies:  Avalanche
Keywords:  [('欧盟', 0.4874), ('securitize', 0.4379), ('批准', 0.4023), ('2026', 0.376), ('欧洲', 0.3745), ('监管', 0.3621), ('授权', 0.3602), ('许可', 0.3151), ('证券市场', 0.2829), ('委员会', 0.2821)]
Mentioned Currencies:  
Keywords:  [('巨鲸', 0.5697), ('价格', 0.543), ('美元', 0.4468), ('万美元', 0.3807), ('价值', 0.3326), ('15000eth', 0.2912), ('eth5', 0.2845), ('9684xtpa', 0.2406), ('开仓', 0.2024), ('持仓', 0.2014)]
Mentioned Currencies: 2025-11-28 20:30:18,888 - INFO - Channel: -1001735732363
2025-11-28 20:30:18,888 - INFO - Time: 2025-11-26T12:48:59+00:00
2025-11-28 20:30:18,888 - INFO - Content: **稳定币基础设施公司OwlTing启动1000万美元股票回购计划**

深潮 TechFlow 消息，11 月 26 日，据Globenewswire报道，纳斯达克上市的稳定币基础设施公司OwlTing宣布启动1000万美元股票回购计划，用于回购该公司的A类普通股，有期限为九个月。此外，该公司还披露拟利用其稳定币结算架构，实现通过全球认可的信用卡或借记卡渠道无缝结算数字货币。
 
 https://www.techflowpost.com/newsletter/detail_106647.html
2025-11-28 20:30:18,888 - INFO - --------------------------------------------------
2025-11-28 20:30:18,945 - INFO - Channel: -1001735732363
2025-11-28 20:30:18,945 - INFO - Time: 2025-11-26T12:46:08+00:00
2025-11-28 20:30:18,945 - INFO - Content: **Tether持有116吨黄金，规模媲美韩国和匈牙利央行储备**

深潮 TechFlow 消息，11 月 26 日，据Cointelegraph报道，Jefferies分析报告显示，稳定币发行商Tether目前持有116吨实物黄金，使其成为"除央行外最大的黄金持有者"，储备规模已与韩国、匈牙利和希腊等国家的中央银行相当。上季度，Tether的黄金购买量占全球黄金需求的近2%，占央行购买量的近12%，其积极收购行为可能已影响短期市场供应和投资者情绪。

Jefferies引述的投资者认为，Tether计划在2025年再收购100吨黄金。凭借今年预计150亿美元的利润，这一目标似乎触手可及。此外，Tether已投资超过3亿美元于贵金属生产商，并发行了黄金支持的代币Tether Gold (XAUt)，其市值已达21亿美元，发行量在过去六个月内翻倍。
 
 https://www.techflowpost.com/newsletter/detail_106646.html
2025-11-28 20:30:18,945 - INFO - --------------------------------------------------
2025-11-28 20:30:19,102 - INFO - Channel: -1001735732363
2025-11-28 20:30:19,102 - INFO - Time: 2025-11-26T12:40:06+00:00
2025-11-28 20:30:19,102 - INFO - Content: **泰国命令 World 项目删除 120 万虹膜扫描记录**

深潮 TechFlow 消息，11 月 26 日，据DLnews报道，泰国数据保护委员会已下令 OpenAI CEO Sam Altman 创立的 World 项目删除在该国收集的超过 120 万条虹膜扫描记录，并立即暂停所有在泰国的运营活动。泰国专家小组调查后认定，该项目以加密货币换取生物识别数据的做法违反了当地数据保护法。

World 项目（前身为 Worldcoin）在全球多国面临审查，德国等欧洲国家已认定其违反数据保护法规。
 
 https://www.techflowpost.com/newsletter/detail_106645.html
2025-11-28 20:30:19,102 - INFO - --------------------------------------------------
2025-11-28 20:30:19,298 - INFO - Channel: -1001735732363
2025-11-28 20:30:19,298 - INFO - Time: 2025-11-26T12:39:05+00:00
2025-11-28 20:30:19,298 - INFO - Content: **某巨鲸以 20 倍杠杆做空 45.5 万枚 SOL，浮盈约 1362 万美元**

深潮 TechFlow 消息，11 月 26 日，据分析师余烬监测，某巨鲸地址在 SOL 价格为 165.5 美元时以 20 倍杠杆做空了 45.5 万枚 SOL（约 6177 万美元），目前已经浮盈 1362 万美元。
 
 https://www.techflowpost.com/newsletter/detail_106644.html
2025-11-28 20:30:19,298 - INFO - --------------------------------------------------
2025-11-28 20:30:19,404 - INFO - Channel: -1001735732363
2025-11-28 20:30:19,404 - INFO - Time: 2025-11-26T12:25:15+00:00
2025-11-28 20:30:19,404 - INFO - Content: **玻利维亚计划将稳定币纳入该国金融体系**

深潮 TechFlow 消息，11 月 26 日，据市场消息：玻利维亚经济部长宣布，计划将稳定币纳入该国金融体系。
 
 https://www.techflowpost.com/newsletter/detail_106643.html
2025-11-28 20:30:19,404 - INFO - --------------------------------------------------
2025-11-28 20:30:19,473 - INFO - Channel: -1001735732363
2025-11-28 20:30:19,473 - INFO - Time: 2025-11-26T12:23:29+00:00
2025-11-28 20:30:19,473 - INFO - Content: **Amber International公布Q3财报及5000万美元股票回购计划**

深潮 TechFlow 消息，11 月 26 日，Amber International Holding Limited (纳斯达克股票代码：AMBR) 今日发布2025年第三季度未经审计财报，业绩亮眼。公司Q3营收达1630万美元，运营利润率从上季度的-4%提升至+8%，持续经营业务净利润为220万美元。客户资产同比增长69.8%至18.42亿美元，交易量显著增加。

同时，公司董事会批准总额高达5000万美元的股票回购计划，将于2025年12月1日起实施，反映管理层对公司业务发展和长期增长前景的信心。
 
 https://www.techflowpost.com/newsletter/detail_106642.html
2025-11-28 20:30:19,473 - INFO - --------------------------------------------------
2025-11-28 20:30:19,588 - INFO - Channel: -1001735732363
2025-11-28 20:30:19,588 - INFO - Time: 2025-11-26T12:01:28+00:00
2025-11-28 20:30:19,588 - INFO - Content: **美国10年期国债收益率下跌5个基点，至4.45%**

深潮 TechFlow 消息，11 月 26 日，据金十数据报道，美国10年期国债收益率下跌5个基点，至4.45%。
 
 https://www.techflowpost.com/newsletter/detail_106641.html
2025-11-28 20:30:19,588 - INFO - --------------------------------------------------
2025-11-28 20:30:19,662 - INFO - Channel: -1001735732363
2025-11-28 20:30:19,662 - INFO - Time: 2025-11-26T11:48:56+00:00
2025-11-28 20:30:19,662 - INFO - Content: **Scilex完成5.83亿美元比特币战略投资Datavault AI**

深潮 TechFlow 消息，11 月 26 日，Scilex Holding Company (Nasdaq: SCLX) 今日宣布完成对Datavault AI Inc. (Nasdaq: DVLT) 第二笔战略投资，通过比特币支付购买预付款认股权证，已全部行使并获得约2.64亿股Datavault AI普通股，基于昨日收盘价每股2.21美元，总价值约5.83亿美元。此次交易已获Datavault AI股东大会批准，双方将加强合作，共同推动2026年及以后真实世界资产代币化业务增长。Scilex是一家专注于非阿片类疼痛管理产品的创新型医药公司，而Datavault AI则致力于AI驱动的数据体验、估值和资产货币化解决方案。
 
 https://www.techflowpost.com/newsletter/detail_106640.html
2025-11-28 20:30:19,662 - INFO - --------------------------------------------------
2025-11-28 20:30:19,865 - INFO - Channel: -1001735732363
2025-11-28 20:30:19,866 - INFO - Time: 2025-11-26T11:43:58+00:00
2025-11-28 20:30:19,866 - INFO - Content: **HTX 近一个月净流入 3.91 亿美元，仅次于币安位居第二**

深潮 TechFlow 消息，11 月 26 日，据分析师余烬监测，最近一个月时间里，HTX 净流入了 3.91 亿美元资金，在中心化交易所中排名第二，仅次于币安。
 
 https://www.techflowpost.com/newsletter/detail_106639.html
2025-11-28 20:30:19,866 - INFO - --------------------------------------------------
2025-11-28 20:30:20,065 - INFO - Channel: -1001735732363
2025-11-28 20:30:20,065 - INFO - Time: 2025-11-26T11:36:34+00:00
2025-11-28 20:30:20,065 - INFO - Content: **现货黄金向上触及4170美元/盎司，日内涨超1%**

深潮 TechFlow 消息，11 月 26 日，据金十数据报道，现货黄金向上触及4170美元/盎司，日内涨超1%。
 
 https://www.techflowpost.com/newsletter/detail_106638.html
2025-11-28 20:30:20,065 - INFO - --------------------------------------------------
2025-11-28 20:30:20,130 - INFO - Channel: -1001735732363
2025-11-28 20:30:20,130 - INFO - Time: 2025-11-26T11:21:03+00:00
2025-11-28 20:30:20,130 - INFO - Content: **现货白银日内涨幅达2%，现报52.50美元/盎司**

深潮 TechFlow 消息，11 月 26 日，据金十数据报道，现货白银日内涨幅达2%，现报52.50美元/盎司。
 
 https://www.techflowpost.com/newsletter/detail_106637.html
2025-11-28 20:30:20,130 - INFO - --------------------------------------------------
2025-11-28 20:30:20,163 - INFO - Channel: -1001735732363
2025-11-28 20:30:20,163 - INFO - Time: 2025-11-26T11:15:22+00:00
2025-11-28 20:30:20,163 - INFO - Content: **Cosmos Hub 启动 ATOM 代币经济学研究，将采用收入驱动模型**

深潮 TechFlow 消息，11 月 26 日，Cosmos Hub 正式启动 ATOM 代币经济学研究计划，旨在设计一个可持续的、以收入为基础的代币经济模型，以反映 ATOM 在 Cosmos 生态系统中的核心地位。该研究将分五个阶段进行：提案请求、研究团队选择、信息收集、研究结果分析和治理投票。

研究将重点关注基于实际收入的代币经济学基础模型，而非直接跳入单个机制或飞轮设计。Cosmos Labs 表示，这种模型将摆脱循环代币经济系统的局限，通过企业采用 Cosmos 技术栈产生的可持续收入来驱动 ATOM 的长期增长。

社区将在整个过程中发挥关键作用，包括参与研究团队选择、提供反馈和最终的链上投票。Cosmos Labs 称这可能是"Cosmos 历史上最重要的治理提案之一"。
 
 https://www.techflowpost.com/newsletter/detail_106636.html
2025-11-28 20:30:20,163 - INFO - --------------------------------------------------
2025-11-28 20:30:20,254 - INFO - Channel: -1001735732363
2025-11-28 20:30:20,254 - INFO - Time: 2025-11-26T11:11:37+00:00
2025-11-28 20:30:20,254 - INFO - Content: **Bernstein：维持对 Robinhood 的"优于大盘"评级，目标价 160 美元**

深潮 TechFlow 消息，11 月 26 日，据The Block报道，Bernstein 分析师报告，预测市场已成为 Robinhood 增长最快的业务线，拥有超过 100 万用户，年化营收超 3 亿美元，目前已占据 Kalshi 57% 的市场份额。Bernstein 维持对 Robinhood 的"优于大盘"评级，目标价 160 美元，较当前股价有 38% 上行空间。
 
 https://www.techflowpost.com/newsletter/detail_106635.html
2025-11-28 20:30:20,254 - INFO - --------------------------------------------------
2025-11-28 20:30:20,512 - INFO - Channel: -1001735732363
2025-11-28 20:30:20,512 - INFO - Time: 2025-11-26T11:06:38+00:00
2025-11-28 20:30:20,512 - INFO - Content: **IRYS 上线 Bitget CandyBomb，合约交易解锁代币空投**

深潮 TechFlow 消息，11 月 26 日，Bitget CandyBomb 上线项目 IRYS ，总奖池为 740,000 枚 IRYS。完成特定合约交易量任务，单人最高可得 3,700 枚 IRYS。

详细规则已在 Bitget 官方平台发布，用户点击「立即加入」按钮完成报名，方可参与活动。活动时间截止 12 月 3 日 16:00（UTC+8）。
 
 https://www.techflowpost.com/newsletter/detail_106634.html
2025-11-28 20:30:20,512 - INFO - --------------------------------------------------
2025-11-28 20:30:20,611 - INFO - Channel: -1001735732363
2025-11-28 20:30:20,611 - INFO - Time: 2025-11-26T10:24:11+00:00
2025-11-28 20:30:20,611 - INFO - Content: **华夏港元数字货币基金将于11月28日在港交所上市买卖**

深潮 TechFlow 消息，11 月 26 日，据港交所公告，华夏港元数字货币基金(股份代号：3471)将于2025年11月28日在港交所上市买卖。（金十）
 
 https://www.techflowpost.com/newsletter/detail_106633.html
2025-11-28 20:30:20,611 - INFO - --------------------------------------------------
2025-11-28 20:30:20,665 - INFO - Channel: -1001735732363
2025-11-28 20:30:20,665 - INFO - Time: 2025-11-26T10:21:45+00:00
2025-11-28 20:30:20,665 - INFO - Content: **BIS任命数字货币专家领导创新中心**

深潮 TechFlow 消息，11 月 26 日，据Cointelegraph报道，国际清算银行(BIS)宣布任命IMF货币与资本市场部助理主任汤玛索·曼奇尼-格里福利为创新中心新负责人，将于2026年3月上任。他将推进CBDC、代币化资产等项目，主张公私合作的"合成CBDC"模式。
 
 https://www.techflowpost.com/newsletter/detail_106632.html
2025-11-28 20:30:20,665 - INFO - --------------------------------------------------
2025-11-28 20:30:20,761 - INFO - Channel: -1001735732363
2025-11-28 20:30:20,761 - INFO - Time: 2025-11-26T10:15:22+00:00
2025-11-28 20:30:20,761 - INFO - Content: **分析：AI或成为新"加密货币热潮"，投资者资金流向正在转移**

深潮 TechFlow 消息，11 月 26 日，分析师认为，当前AI市场热度与2017年加密货币泡沫高度相似，但AI可能具有更持久的吸引力。数据显示，零售投资者正大量涌入AI相关股票，而加密货币市场则面临资金流失。专家预测，即使在未来股市调整期间，AI仍可能是"最快的马"，而比特币等加密资产或需数年时间才能实现真正突破。
 
 https://www.techflowpost.com/newsletter/detail_106631.html
2025-11-28 20:30:20,761 - INFO - --------------------------------------------------
2025-11-28 20:30:20,896 - INFO - Channel: -1001735732363
2025-11-28 20:30:20,896 - INFO - Time: 2025-11-26T10:04:26+00:00
2025-11-28 20:30:20,896 - INFO - Content: **去中心化合约交易平台孙悟空（SunX）上线MONAD、ZEN合约交易**

深潮 TechFlow 消息，11 月 26 日，去中心化合约交易平台孙悟空（SunX）日前已新增MONAD、ZEN USDT本位合约交易，支持最高20倍杠杆。据悉，平台首期交易挖矿活动目前正在进行中，12月6日20:00（UTC+8）前，用户参与BTC/USDT、ETH/USDT、SUN/USDT永续合约交易，即可在返还全部手续费的基础上，获得额外$SUN代币奖励。交易挖矿手续费将全额用于回购$SUN，并按季度进行集中销毁，以促进$SUN持续通缩，支持代币长期价值。
 
 https://www.techflowpost.com/newsletter/detail_106630.html
2025-11-28 20:30:20,896 - INFO - --------------------------------------------------
2025-11-28 20:30:20,996 - INFO - Channel: -1001735732363
2025-11-28 20:30:20,996 - INFO - Time: 2025-11-26T10:00:37+00:00
2025-11-28 20:30:20,996 - INFO - Content: 🌟 推荐阅读

SBF 重新上线并寻求自由
https://www.techflowpost.com/article/detail_29307.html

📖 相关推荐

加密大佬歌单遭曝光：SBF 爱心碎曲，Brian 为它单曲循环 60 次
https://www.techflowpost.com/article/detail_27384.html

币圈大佬排队求特赦，特朗普成加密「救世主」
https://www.techflowpost.com/article/detail_25606.html

“我不是罪犯” - SBF 狱中访谈：从加密帝国到孤独审判
https://www.techflowpost.com/article/detail_24102.html
2025-11-28 20:30:20,996 - INFO - --------------------------------------------------
2025-11-28 20:30:21,059 - INFO - Channel: -1001735732363
2025-11-28 20:30:21,059 - INFO - Time: 2025-11-26T10:00:04+00:00
2025-11-28 20:30:21,059 - INFO - Content: **BiyaPay 分析师：美版「双十一」将至，美股升温比特币企稳**

深潮 TechFlow 消息，11 月 26 日，美国感恩节至“黑五”“网一”的购物季预计将创下1.869亿人参与、销售额首破1万亿美元的新高，消费强劲预期带动美股零售与科技板块情绪回暖。BiyaPay 分析师指出，假日消费数据若兑现，有望缓解市场对经济硬着陆担忧，风险偏好回升将利好包括比特币在内的高风险资产企稳甚至反弹，但需警惕后续通胀与利率预期的再度扰动。当前，用户可通过 BiyaPay 使用 USDT 交易美股、港股及期货，同时享受数字货币现货及合约 0 手续费交易，在假日行情与比特币波动中灵活配置多类资产、分散风险



 
 
 https://www.techflowpost.com/newsletter/detail_106628.html
2025-11-28 20:30:21,059 - INFO - --------------------------------------------------
2025-11-28 20:30:21,171 - INFO - Channel: -1001735732363
2025-11-28 20:30:21,171 - INFO - Time: 2025-11-26T09:37:16+00:00
2025-11-28 20:30:21,171 - INFO - Content: **德意志交易所锁定第三个欧元稳定币，扩大数字资产战略**

深潮 TechFlow 消息，11 月 26 日，据Cointelegraph报道，德意志交易所集团宣布与AllUnity合作，将整合其发行的欧元稳定币EURAU到其金融市场基础设施中，首先通过其中央证券存管机构Clearstream提供机构托管服务。这是该交易所集团继Circle的EURC和法国兴业银行旗下Forge的EURCV之后，采用的第三个欧元稳定币，标志着其全方位推进数字资产战略。
 
 https://www.techflowpost.com/newsletter/detail_106627.html
2025-11-28 20:30:21,171 - INFO - --------------------------------------------------
2025-11-28 20:30:21,345 - INFO - Channel: -1001735732363
2025-11-28 20:30:21,345 - INFO - Time: 2025-11-26T09:36:48+00:00
2025-11-28 20:30:21,345 - INFO - Content: **JustLend DAO锁仓量突破62.8亿美元**

深潮 TechFlow 消息，11 月 26 日，据官方最新数据显示，JustLend DAO总锁仓量已突破62.8亿美元， 累计发放收益1.89亿美元。平台当前用户规模达47.9万。作为波场TRON网络核心DeFi协议，JustLend DAO持续推动去中心化金融生态扩张，为全球用户提供高效的加密资产借贷服务。 
 
 https://www.techflowpost.com/newsletter/detail_106626.html
2025-11-28 20:30:21,345 - INFO - --------------------------------------------------
2025-11-28 20:30:21,444 - INFO - Channel: -1001735732363
2025-11-28 20:30:21,444 - INFO - Time: 2025-11-26T09:34:04+00:00
2025-11-28 20:30:21,444 - INFO - Content: **Vitalik 转移 1,009 枚 ETH，价值约 294 万美元**

深潮 TechFlow 消息，11 月 26 日，据链上分析平台 Lookonchain（@lookonchain）监测，Vitalik Buterin 转移了 1,009 枚 ETH，价值约 294 万美元。
 
 https://www.techflowpost.com/newsletter/detail_106625.html
2025-11-28 20:30:21,444 - INFO - --------------------------------------------------
2025-11-28 20:30:21,497 - INFO - Channel: -1001735732363
2025-11-28 20:30:21,497 - INFO - Time: 2025-11-26T09:32:50+00:00
2025-11-28 20:30:21,497 - INFO - Content: **西班牙左翼党提议对加密货币征收47%高税**

深潮 TechFlow 消息，11 月 26 日，据Cointelegraph报道，西班牙Sumar左翼政党近日提出修改三项主要税法，拟将加密货币收益税率从现行30%提高至47%，并计划将所有数字资产归类为可扣押资产。该提案还要求国家证券市场委员会(CNMV)为加密货币创建视觉化"风险交通灯"系统。批评者称此举是"对比特币的无用攻击"，警告这可能导致加密货币持有者逃离西班牙。
 
 https://www.techflowpost.com/newsletter/detail_106624.html
2025-11-28 20:30:21,497 - INFO - --------------------------------------------------
2025-11-28 20:30:21,625 - INFO - Channel: -1001735732363
2025-11-28 20:30:21,625 - INFO - Time: 2025-11-26T09:14:10+00:00
2025-11-28 20:30:21,625 - INFO - Content: **AI创企Harmonic获1.2亿美元融资，估值达14.5亿美元**

深潮 TechFlow 消息，11 月 26 日，Robinhood CEO Vlad Tenev联合创立的AI初创公司Harmonic完成1.2亿美元融资，估值达14.5亿美元。本轮融资由Ribbit Capital领投，Sequoia、Kleiner Perkins和新投资方Emerson Collective参投。

Harmonic核心技术"数学超级智能(MSI)"基于形式逻辑而非统计预测，旨在解决AI幻觉问题。其旗舰模型Aristotle在国际数学奥林匹克竞赛中表现优异，达到与谷歌和OpenAI领先研究实验室相当的水平。

Aristotle通过Lean4编程语言生成可验证的推理步骤，确保结论基于严格逻辑。该技术特别适用于航空航天和金融等高风险行业。目前Aristotle已通过免费API向开发者和数学家开放，商业化计划将在后期推出。
 
 https://www.techflowpost.com/newsletter/detail_106623.html
2025-11-28 20:30:21,625 - INFO - --------------------------------------------------
2025-11-28 20:30:21,812 - INFO - Channel: -1001735732363
2025-11-28 20:30:21,812 - INFO - Time: 2025-11-26T09:04:46+00:00
2025-11-28 20:30:21,812 - INFO - Content: **韩国上市公司Bitplanet增持28.5枚比特币**

深潮 TechFlow 消息，11 月 26 日，据 BitcoinTreasuries.NET 监测，韩国上市公司 Bitplanet (049470.KQ) 增持 28.5 枚比特币，目前总持有量达 228.5 枚比特币。该公司在比特币百强持币排名中位列第 85 位。
 
 https://www.techflowpost.com/newsletter/detail_106622.html
2025-11-28 20:30:21,812 - INFO - --------------------------------------------------
2025-11-28 20:30:21,881 - INFO - Channel: -1001735732363
2025-11-28 20:30:21,882 - INFO - Time: 2025-11-26T09:02:27+00:00
2025-11-28 20:30:21,882 - INFO - Content: **币安：241积分可以领取55枚SOON**

深潮 TechFlow 消息，11 月 26 日，据官方公告，币安 Alpha 第二波 SOON 空投活动已开启。持有至少 241 个币安 Alpha 积分的用户可申领代币空投。用户可在 Alpha 活动页面申领 55 个 SOON 代币。若奖励未全部发放完毕，积分门槛将每五分钟自动降低 5 分。申领空投将消耗 15 个币安 Alpha 积分。用户需在 Alpha 活动页面 24 小时内完成申领。
 
 https://www.techflowpost.com/newsletter/detail_106621.html
2025-11-28 20:30:21,882 - INFO - --------------------------------------------------
2025-11-28 20:30:21,946 - INFO - Channel: -1001735732363
2025-11-28 20:30:21,946 - INFO - Time: 2025-11-26T08:20:11+00:00
2025-11-28 20:30:21,946 - INFO - Content: **招商证券上调谷歌母公司Alphabet目标价，看好其AI与云业务变现潜力**

深潮 TechFlow 消息，11 月 26 日，招商证券国际发表研报指出，Alphabet旗下Google Cloud近日取得北约的AI云端合约，将提供专属安全云系统，以保障敏感数据仅在境内存取，同时将运用AI协助北约进行数据分析及改善营运效率。另外有报道称，谷歌正争取Meta数十亿美元的TPU订单。上述最新发展均展示出谷歌正致力捕捉市场机遇，相信AI领导地位稳固，投资者对其竞争忧虑或可消退。该行继续认为谷歌等科技巨头在AI可持续发展中处于有利位置，期待见到谷歌拓展搜索广告以外业务，或在云端、自动驾驶及AI+SAAS领域释放显著未变现估值潜力，重申予Alphabet“买入”评级，目标价由360美元上调至390美元。(金十)
 
 https://www.techflowpost.com/newsletter/detail_106620.html
2025-11-28 20:30:21,946 - INFO - --------------------------------------------------
2025-11-28 20:30:22,078 - INFO - Channel: -1001735732363
2025-11-28 20:30:22,078 - INFO - Time: 2025-11-26T08:04:04+00:00
2025-11-28 20:30:22,078 - INFO - Content: **币安：下午5点将发放空投，门槛241分**

深潮 TechFlow 消息，11 月 26 日，据官方公告，币安Alpha宣布下午5点将发放空投，门槛为241分。
 
 https://www.techflowpost.com/newsletter/detail_106619.html
2025-11-28 20:30:22,078 - INFO - --------------------------------------------------
2025-11-28 20:30:22,132 - INFO - Channel: -1001735732363
2025-11-28 20:30:22,132 - INFO - Time: 2025-11-26T08:02:37+00:00
2025-11-28 20:30:22,132 - INFO - Content: **Hotcoin 即将上线 BILLY**

深潮 TechFlow 消息，11 月 26 日，据官方消息，Hotcoin 将于 2025 年 11 月 26 日上线 BILLY 热门项目，精准捕捉市场新叙事，助力用户抢占新一轮赛道先机！

【现货交易】

📍 11月26日 17:30（UTC+8）上线 IRYS/USDT

Hotcoin 重磅推出限时零手续费交易活动，让用户以更低成本把握新兴资产的早期增长机遇。

凭借美国 MSB 与澳洲 AUSTRAC 双牌照合规运营、八年零安全事故记录及高效稳定的交易系统，Hotcoin 持续为全球用户提供安全、专业、便捷的数字资产服务。
 
 https://www.techflowpost.com/newsletter/detail_106618.html
2025-11-28 20:30:22,132 - INFO - --------------------------------------------------
2025-11-28 20:30:22,255 - INFO - Channel: -1001735732363
2025-11-28 20:30:22,255 - INFO - Time: 2025-11-26T08:00:25+00:00
2025-11-28 20:30:22,255 - INFO - Content: **NAVER 正式宣布将通过股份交换方式收购 Dunamu 100% 股权**

深潮 TechFlow 消息，11 月 26 日，韩国最大门户网站 NAVER 宣布 NAVER Financial 将通过股份交换方式收购加密货币交易所 Upbit 运营商 Dunamu 100% 股权，使其成为全资子公司。

根据公示信息，此次股份交换中 Dunamu 每股交换价格为 43.9252 万韩元，NAVER Financial 每股交换价格为 17.278 万韩元，交换比例确定为 1:2.54。

NAVER 表示，通过收购 Dunamu，NAVER Financial 旨在获得基于数字资产的未来增长动力。公司称，交易完成后两家公司将继续各自现有业务运营，同时通过功能性有机合作来确保未来增长动力，并将检讨各种结构重组方案以提高经营效率和股东价值。
 
 https://www.techflowpost.com/newsletter/detail_106617.html
2025-11-28 20:30:22,255 - INFO - --------------------------------------------------
2025-11-28 20:30:22,354 - INFO - Channel: -1001735732363
2025-11-28 20:30:22,354 - INFO - Time: 2025-11-26T07:51:29+00:00
2025-11-28 20:30:22,354 - INFO - Content: **Arthur Hayes 再购入 11.3 万枚 PENDLE 代币，价值 27.79 万美元**

深潮 TechFlow 消息，11 月 26 日，据 Lookonchain 监测，BitMEX 联合创始人 Arthur Hayes 再购入 11.3 万枚 PENDLE 代币，价值 27.79 万美元。

此前消息，Arthur Hayes 今日凌晨购入 10.5 万枚 PENDLE 代币，价值 26.05 万美元。
 
 https://www.techflowpost.com/newsletter/detail_106616.html
2025-11-28 20:30:22,354 - INFO - --------------------------------------------------
2025-11-28 20:30:22,427 - INFO - Channel: -1001735732363
2025-11-28 20:30:22,427 - INFO - Time: 2025-11-26T07:33:10+00:00
2025-11-28 20:30:22,427 - INFO - Content: **越南财政部提议对无牌数字资产平台交易实施罚款**

深潮 TechFlow 消息，11 月 26 日，据 Techinasia 报道，越南财政部发布草案法令，提议对在无牌数字资产平台进行交易的个人和机构实施罚款。

根据该草案，个人违规交易数字资产最高可面临 3000 万越南盾（约 1200 美元）罚款，机构最高可被罚 2 亿越南盾（约 7584 美元）。违反外资持股规定、提供误导性披露或未向监管机构报告信息等行为，罚款金额在 7000 万至 2 亿越南盾之间。

目前越南的加密货币交易所试点计划首个牌照预计将于 2026 年初发放。该试点限制最多批准 5 家运营商，要求资本金达 10 万亿越南盾且 65% 为机构持股。
 
 https://www.techflowpost.com/newsletter/detail_106615.html
2025-11-28 20:30:22,427 - INFO - --------------------------------------------------
2025-11-28 20:30:22,552 - INFO - Channel: -1001735732363
2025-11-28 20:30:22,553 - INFO - Time: 2025-11-26T07:30:29+00:00
2025-11-28 20:30:22,553 - INFO - Content: **机构：临近“十二月热潮” 金价再创纪录新高可能性大增**

深潮 TechFlow 消息，11 月 26 日，据金十数据报道，随着黄金传统的销售旺季12月临近，金价已稳稳站在每盎司4000美元上方，这增加了金价再创历史新高的可能性。从东方到西方，实物黄金在年底前后都会迎来巨大需求，因为亚洲（尤其是印度）的婚庆季与欧美圣诞新年假期恰好重合。各国央行为建立外汇储备而持续购入黄金，以及资金不断流入黄金ETF，也增加了金价创下历史新高的可能性。道明证券大宗商品策略主管巴特·梅莱克表示，美国近期降息的可能性对看涨黄金的人来说更是锦上添花。纽约黄金期货价格和国际现货黄金价格最近一次创下的历史新高分别是4398美元和4381美元。
 
 https://www.techflowpost.com/newsletter/detail_106614.html
2025-11-28 20:30:22,553 - INFO - --------------------------------------------------
 Ethereum,Hyperliquid
Keywords:  [('价格', 0.5926), ('成本', 0.5592), ('美元', 0.4663), ('价值', 0.3601), ('万美元', 0.3566), ('账户', 0.3224), ('交易员', 0.3034), ('分析师', 0.2511), ('获利', 0.2489), ('eth', 0.2397)]
Mentioned Currencies:  
Keywords:  [('阿联酋', 0.4838), ('央行', 0.4398), ('加密', 0.3809), ('银行', 0.3658), ('金融', 0.3266), ('监管', 0.3243), ('货币', 0.3033), ('法律', 0.2976), ('许可', 0.2865), ('新法', 0.2851)]
Mentioned Currencies:  
Keywords:  [('国债', 0.592), ('日本央行', 0.5719), ('债务', 0.5702), ('低利率', 0.55), ('日本政府', 0.529), ('高利率', 0.4571), ('利率', 0.441), ('日本', 0.4334), ('购债', 0.4296), ('财政', 0.4055)]
Mentioned Currencies:  Arbitrum
Keywords:  [('spacecomputer', 0.4881), ('maven11', 0.3856), ('网络软件', 0.3855), ('offchain', 0.3788), ('spacetee', 0.3784), ('卫星', 0.3657), ('融资', 0.3477), ('资金', 0.3328), ('太空', 0.3216), ('轨道', 0.274)]
Mentioned Currencies:  Bitcoin
Keywords:  [('spacex', 0.5412), ('亿美元', 0.3724), ('onchain', 0.313), ('onchainlens', 0.2033), ('地址', 0.182), ('转移', 0.1508), ('btc', 0.1472), ('价值', 0.1292), ('据链', 0.0803), ('比特', 0.0402)]
Mentioned Currencies:  Tether
Keywords:  [('批评', 0.5111), ('评级', 0.4163), ('误导', 0.4034), ('评分', 0.4008), ('最弱', 0.4002), ('tether', 0.3808), ('投资者', 0.3763), ('下调', 0.3689), ('公司', 0.3638), ('厌恶', 0.353)]
Mentioned Currencies:  Pump.fun
Keywords:  [('代币', 0.3743), ('出金', 0.342), ('资金', 0.3261), ('以来', 0.3064), ('亿枚', 0.295), ('发行', 0.2846), ('万枚', 0.2763), ('累计', 0.2678), ('重新', 0.2674), ('再次', 0.2602)]
Mentioned Currencies:  
Keywords:  [('中国', 0.4676), ('关税', 0.4252), ('2026', 0.3941), ('豁免', 0.2776), ('贸易', 0.2715), ('延长', 0.2424), ('今年', 0.2313), ('美国', 0.2118), ('时间', 0.2095), ('技术转让', 0.1914)]
Mentioned Currencies:  
Keywords:  [('离职', 0.3767), ('管理人员', 0.3512), ('幕僚长', 0.3437), ('加密', 0.3357), ('melchior', 0.3222), ('主管', 0.2919), ('公司', 0.2803), ('人员', 0.2712), ('开发人员', 0.2689), ('收官', 0.2595)]
Mentioned Currencies:  Ethereum
Keywords:  [('加密', 0.5668), ('隐私', 0.5482), ('数据保护', 0.4726), ('simplex', 0.4263), ('保护', 0.3559), ('通讯', 0.3336), ('许可', 0.3216), ('捐赠', 0.319), ('应用', 0.3112), ('开发者', 0.3089)]
Mentioned Currencies:  
Keywords:  [('恐慌', 0.5485), ('市场', 0.392), ('贪婪', 0.3598), ('指数', 0.2936), ('货币', 0.2721), ('数据', 0.2205), ('加密', 0.2061), ('状态', 0.1408), ('极度', 0.1333), ('今日', 0.1233)]
Mentioned Currencies:  
Keywords:  [('利率', 0.4861), ('美联储', 0.4497), ('概率', 0.4229), ('明年', 0.3131), ('cme', 0.2907), ('基点', 0.2291), ('降息', 0.2259), ('数据', 0.2164), ('不变', 0.1898), ('报道', 0.1844)]
Mentioned Currencies:  
Keywords:  [('通胀', 0.5122), ('总体经济', 0.5066), ('经济', 0.4775), ('近几个月', 0.4663), ('物价水平', 0.4607), ('消费群', 0.4479), ('市场', 0.4449), ('数月', 0.438), ('支出', 0.4083), ('几周', 0.4053)]
Mentioned Currencies:  Ethereum,Bitcoin
Keywords:  [('美元', 0.4427), ('btc', 0.3582), ('涨幅', 0.3016), ('行情', 0.287), ('htx', 0.2101), ('eth', 0.201), ('现报', 0.1221), ('数据', 0.1167), ('突破', 0.1111), ('日内', 0.087)]
Mentioned Currencies:  
Keywords:  [('美联储', 0.4254), ('明年', 0.3957), ('预测', 0.3818), ('摩根', 0.3637), ('经济学家', 0.3591), ('近期', 0.326), ('上周', 0.3131), ('逆转', 0.3029), ('月利率', 0.301), ('下次', 0.2908)]
Mentioned Currencies:  Bitcoin,Tether
Keywords:  [('稳定性', 0.4124), ('tether', 0.401), ('最弱', 0.3994), ('usdt', 0.3879), ('储备', 0.3658), ('风险', 0.3625), ('高风险', 0.3583), ('公司债券', 0.3383), ('价格', 0.3207), ('下跌', 0.316)]
Mentioned Currencies:  Aster,MemeCore
Keywords:  [('现价', 0.5724), ('美元', 0.4997), ('市值', 0.464), ('代币', 0.3981), ('涨幅', 0.3975), ('货币', 0.3854), ('dash', 0.3527), ('coinmarketcap', 0.346), ('跌幅', 0.3208), ('starknet', 0.3044)]
Mentioned Currencies:  
Keywords:  [('投资者', 0.5547), ('upexi', 0.5291), ('价格', 0.4999), ('证券', 0.492), ('upxi', 0.449), ('价为', 0.4437), ('认股权证', 0.4223), ('资金', 0.4221), ('私募', 0.4009), ('资产', 0.3918)]
Mentioned Currencies:  Hyperliquid
Keywords:  [('亿美元', 0.569), ('金额', 0.3849), ('全网', 0.3788), ('加密', 0.3729), ('万美元', 0.3343), ('货币', 0.3276), ('最大', 0.3077), ('全球', 0.2993), ('市场', 0.2841), ('总爆仓', 0.2632)]
Mentioned Currencies:  
Keywords:  [('2025', 0.4471), ('合约', 0.3906), ('永续', 0.3603), ('irysusdt', 0.322), ('官方', 0.293), ('杠杆', 0.292), ('币安', 0.2722), ('公告', 0.2509), ('上线', 0.2096), ('最高', 0.2016)]
Mentioned Currencies:  
Keywords:  [('购买', 0.4113), ('公开市场', 0.3298), ('公司', 0.3006), ('投资', 0.2764), ('普通股', 0.2676), ('dfdv', 0.2382), ('两位', 0.2294), ('运营官', 0.2268), ('首席', 0.2145), ('两高管', 0.2097)]
Mentioned Currencies:  TRON
Keywords:  [('gaming', 0.4188), ('美元', 0.41), ('coinbase', 0.407), ('sharplink', 0.352), ('行情', 0.3491), ('coin', 0.3452), ('markets', 0.283), ('platforms', 0.271), ('technology', 0.2681), ('bmnr', 0.2628)]
Mentioned Currencies:  
Keywords:  [('treasury', 0.5627), ('亿枚', 0.3663), ('usdc', 0.3207), ('whale', 0.2658), ('增发', 0.2182), ('alert', 0.1135), ('solana', 0.0703), ('监测', 0.049)]
Mentioned Currencies:  MemeCore,Ethereum
Keywords:  [('未来', 0.4926), ('策略', 0.4734), ('增长', 0.4416), ('开发', 0.4413), ('方案', 0.4304), ('升级', 0.3994), ('增加', 0.3762), ('改进', 0.3726), ('gas', 0.3706), ('调整', 0.3576)]
Mentioned Currencies:  Solana,Mantle
Keywords:  [('七周年', 0.4855), ('7upbybit', 0.4754), ('总奖池', 0.4491), ('奖池', 0.4411), ('亿美元', 0.4275), ('中奖', 0.4233), ('bybit', 0.419), ('奖赏', 0.415), ('年内', 0.3966), ('本年度', 0.3839)]
Mentioned Currencies:  Ethereum
Keywords:  [('巨鲸', 0.548), ('价格', 0.5023), ('亿美元', 0.468), ('成本', 0.4643), ('美元', 0.4408), ('万美元', 0.3861), ('均价', 0.3688), ('从币安', 0.2942), ('投资者', 0.2774), ('平均', 0.2706)]
Mentioned Currencies:  Bitcoin
Keywords:  [('bitcointreasuries', 0.4664), ('ddc', 0.4469), ('上市公司', 0.2928), ('enterprise', 0.2829), ('net', 0.2), ('持仓量', 0.1752), ('增持', 0.1584), ('比特', 0.1372), ('目前', 0.0893), ('达到', 0.082)]
Mentioned Currencies:  
Keywords:  [('失业人数', 0.7381), ('失业', 0.5898), ('失业者', 0.5393), ('劳动力', 0.4128), ('就业机会', 0.3996), ('经济', 0.3375), ('减少', 0.3338), ('周初', 0.3283), ('日当周', 0.3115), ('周度', 0.2956)]
Mentioned Currencies:  Zcash
Keywords:  [('信托公司', 0.581), ('trust', 0.41), ('证券交易', 0.4036), ('zec', 0.3778), ('zcash', 0.3778), ('注册', 0.3455), ('sec', 0.3293), ('grayscale', 0.3132), ('委员会', 0.3107), ('交易', 0.2966)]
Mentioned Currencies:  Ethereum
Keywords:  [('巨鲸', 0.6029), ('亿美元', 0.534), ('万美元', 0.3673), ('价值', 0.3523), ('从币安', 0.2694), ('onchain', 0.2042), ('eth', 0.1563), ('提取', 0.1401), ('据链', 0.1241), ('onchainlens', 0.1203)]
Mentioned Currencies:  
Keywords:  [('失业', 0.4913), ('人数', 0.3553), ('2025', 0.2836), ('预期', 0.2706), ('日当周', 0.2694), ('周初', 0.2585), ('万人', 0.2558), ('美国', 0.2494), ('新低', 0.2461), ('前值', 0.1745)]
Mentioned Currencies:  Bitcoin
Keywords:  [('加拿大', 0.4642), ('抢劫案', 0.4622), ('抢劫', 0.4406), ('歹徒', 0.3876), ('犯罪', 0.3765), ('受害', 0.3698), ('嫌犯', 0.367), ('监禁', 0.3461), ('家庭', 0.3265), ('暴力', 0.3238)]
Mentioned Currencies:  Hyperliquid
Keywords:  [('交易员', 0.4148), ('lookonchain', 0.3642), ('hyperliquid', 0.3421), ('usdc', 0.3259), ('股票', 0.299), ('0x7034', 0.2661), ('据链', 0.2546), ('nvda', 0.2152), ('存入', 0.212), ('万枚', 0.2041)]
Mentioned Currencies:  Solana
Keywords:  [('bsol', 0.4003), ('coinbase', 0.3607), ('亿美元', 0.2586), ('solana', 0.2562), ('etf', 0.2337), ('bitwise', 0.2287), ('lookonchain', 0.2155), ('万美元', 0.2129), ('sol', 0.1695), ('平台', 0.1654)]2025-11-28 20:30:22,725 - INFO - Channel: -1001735732363
2025-11-28 20:30:22,725 - INFO - Time: 2025-11-26T07:27:43+00:00
2025-11-28 20:30:22,725 - INFO - Content: 🌟 推荐阅读

Wintermute 行情分析：加密货币跌破 3 万亿美元，市场资金与杠杆趋于整固
https://www.techflowpost.com/article/detail_29301.html

📖 相关推荐

加密市场的三重压力：ETF 资金外流、杠杆重置与流动性低迷
https://www.techflowpost.com/article/detail_29300.html

如何度过比特币寒冬？投资策略、建议和底部判断
https://www.techflowpost.com/article/detail_29278.html

比特币是回调还是新熊市？
https://www.techflowpost.com/article/detail_29243.html
2025-11-28 20:30:22,725 - INFO - --------------------------------------------------
2025-11-28 20:30:22,835 - INFO - Channel: -1001735732363
2025-11-28 20:30:22,835 - INFO - Time: 2025-11-26T07:01:11+00:00
2025-11-28 20:30:22,835 - INFO - Content: **Binance alpha 已上线 PORT3**

深潮 TechFlow 消息，11 月 26 日，据官方页面显示，Binance alpha 已上线 PORT3。
 
 https://www.techflowpost.com/newsletter/detail_106613.html
2025-11-28 20:30:22,835 - INFO - --------------------------------------------------
2025-11-28 20:30:22,903 - INFO - Channel: -1001735732363
2025-11-28 20:30:22,903 - INFO - Time: 2025-11-26T06:51:01+00:00
2025-11-28 20:30:22,903 - INFO - Content: **币安钱包已上线链上股票交易功能**

深潮 TechFlow 消息，11 月 26 日，据官方消息，币安钱包新增链上股票交易功能。
 
 https://www.techflowpost.com/newsletter/detail_106612.html
2025-11-28 20:30:22,903 - INFO - --------------------------------------------------
2025-11-28 20:30:22,967 - INFO - Channel: -1001735732363
2025-11-28 20:30:22,967 - INFO - Time: 2025-11-26T06:43:42+00:00
2025-11-28 20:30:22,967 - INFO - Content: **Warden Protocol 创始人 Josh：Warden 为团队自筹资金无 VC 且完全面向社区构建的 AI 项目**

深潮 TechFlow 消息，11 月 26 日，据官方消息，Warden Protocol 创始人 Josh 在社交媒体发文，宣布 Warden 定位为同 Hyperliquid 一样团队自筹资金无 VC 且完全面向社区构建的 AI 项目。

文中披露，Warden 目前由团队自筹资金推进，累计投入已超过 650 万美元，并未进行任何外部 VC 融资或披露。Josh 表示，此举旨在确保产品方向与内部决策不受资本影响，VC 的 Token 占比也更直接回馈给真实社区用户与贡献者。
 
 https://www.techflowpost.com/newsletter/detail_106611.html
2025-11-28 20:30:22,967 - INFO - --------------------------------------------------
2025-11-28 20:30:23,121 - INFO - Channel: -1001735732363
2025-11-28 20:30:23,121 - INFO - Time: 2025-11-26T06:41:48+00:00
2025-11-28 20:30:23,121 - INFO - Content: **工信部等6部门：支持平台企业应用虚拟现实、元宇宙、人工智能、区块链等数智技术，打造多场景、沉浸式消费体验**

深潮 TechFlow 消息，11 月 26 日，据华尔街见闻报道，工信部、发改委、商务部、文旅部、中国人民银行、市场监管总局印发《关于增强消费品供需适配性进一步促进消费的实施方案》。方案提出，有序发展平台消费。有序发展直播电商、即时零售、策展零售、循环电商等新业态。鼓励平台企业依法合规利用人工智能技术挖掘用户需求，匹配推送产品和服务。支持平台企业应用虚拟现实、元宇宙、人工智能、区块链等数智技术，打造多场景、沉浸式消费体验。引导平台企业开展品牌品质促消费活动。压实平台企业主体责任，加强经营者资质审核和商品信息核查，完善消费纠纷快速处理机制。
 
 https://www.techflowpost.com/newsletter/detail_106610.html
2025-11-28 20:30:23,121 - INFO - --------------------------------------------------
2025-11-28 20:30:23,357 - INFO - Channel: -1001735732363
2025-11-28 20:30:23,357 - INFO - Time: 2025-11-26T06:37:49+00:00
2025-11-28 20:30:23,357 - INFO - Content: 🌟 推荐阅读

Coinbase Ventures：2026 年四大重点投资方向
https://www.techflowpost.com/article/detail_29298.html

📖 相关推荐

当市场陷入绝望，为何比特币 2026 年曙光已现？
https://www.techflowpost.com/article/detail_29228.html

熬过 2025 至暗时刻，加密 2026 靠什么打翻身仗？
https://www.techflowpost.com/article/detail_29088.html

2026 年五大加密货币预测：跨越周期与打破边界
https://www.techflowpost.com/article/detail_28853.html
2025-11-28 20:30:23,357 - INFO - --------------------------------------------------
2025-11-28 20:30:23,465 - INFO - Channel: -1001735732363
2025-11-28 20:30:23,465 - INFO - Time: 2025-11-26T06:34:14+00:00
2025-11-28 20:30:23,465 - INFO - Content: **Monad 生态 FastLane 宣布其 TVL 已在 48 小时内突破 1 亿美元**

深潮 TechFlow 消息，11 月 26 日，据官方消息，Monad 生态 FastLane 宣布其TVL已在48小时内突破1亿美元。该数据与其流动性质押代币（LST）协议“shMonad”的采用进展相关。根据协议设计，质押收益将分配给Monad节点、DeFi应用及验证者。

FastLane将推进测试网至主网的节点迁移工作，并计划与多个DeFi协议进行集成。具体技术细节与时间尚未完全公开。
 
 https://www.techflowpost.com/newsletter/detail_106609.html
2025-11-28 20:30:23,465 - INFO - --------------------------------------------------
2025-11-28 20:30:23,608 - INFO - Channel: -1001735732363
2025-11-28 20:30:23,608 - INFO - Time: 2025-11-26T06:33:12+00:00
2025-11-28 20:30:23,608 - INFO - Content: **币安与越南胡志明市签署合作备忘录，支持其建设越南国际金融中心**

深潮 TechFlow 消息， 11 月 26 日，据 Techinasia 报道， 币安与越南胡志明市财政厅签署合作备忘录，支持在该市建设越南国际金融中心。

该协议在 2025 年秋季经济论坛期间签署，涵盖吸引投资者、制定数字资产和区块链法律框架、支持数字资产项目监管沙盒等合作内容。双方还将为使用数字技术的初创企业和中小企业提供支持，并为监管机构提供培训和研讨会。越南在全球加密货币使用率中排名第五，拥有超过 1700 万用户，年交易额达 1050 亿美元。
 
 https://www.techflowpost.com/newsletter/detail_106608.html
2025-11-28 20:30:23,608 - INFO - --------------------------------------------------
2025-11-28 20:30:23,721 - INFO - Channel: -1001735732363
2025-11-28 20:30:23,722 - INFO - Time: 2025-11-26T06:31:50+00:00
2025-11-28 20:30:23,722 - INFO - Content: **Bitget 推出第 4 期 VIP 冲刺赛，合约交易解锁 5 万 USDT 空投**

深潮 TechFlow 消息，11 月 26 日，Bitget 推出第 4 期 VIP 冲刺赛。活动期间通过合约交易成功晋升VIP 等级的用户，可共同解锁 50,000 USDT 奖池。此外，直升合约VIP 3及以上的用户，还可额外获得价值 1000 元的蟹卡一份。

本次活动面向部分用户开放，参与前需在活动页面点击「报名」按钮完成登记，活动时间截止 12 月 2 日 23:59（UTC+8）。
 
 https://www.techflowpost.com/newsletter/detail_106607.html
2025-11-28 20:30:23,722 - INFO - --------------------------------------------------
2025-11-28 20:30:23,879 - INFO - Channel: -1001735732363
2025-11-28 20:30:23,879 - INFO - Time: 2025-11-26T06:27:09+00:00
2025-11-28 20:30:23,879 - INFO - Content: **Matrixport：黄金与比特币走势背离或将持续**

深潮 TechFlow 消息，11 月 26 日，Matrixport 发布今日图表称，“按联邦基金期货隐含定价，市场预计美联储12月10日降息的概率已升至 84%，而明年1月维持利率不变的概率也提高到 65%。在这样的利率路径预期下，即便12 月落地降息，整体货币政策的宽松力度依然有限。

与比特币相比，黄金与美国财政赤字和国债发行节奏的相关性更高，在对冲财政扩张和降息预期方面更为直接。比特币则更依赖实打实的增量资金入场而当前增量流动性尚未明显释放，在这种环境下黄金与比特币之间的走势背离短期内大概率仍将持续。”
 
 https://www.techflowpost.com/newsletter/detail_106606.html
2025-11-28 20:30:23,879 - INFO - --------------------------------------------------
2025-11-28 20:30:24,030 - INFO - Channel: -1001735732363
2025-11-28 20:30:24,030 - INFO - Time: 2025-11-26T06:17:00+00:00
2025-11-28 20:30:24,031 - INFO - Content: **Ethena 从 CEX 提取超 1.25 亿枚 ENA 代币，价值约 3415 万美元**

深潮 TechFlow 消息，11 月 26 日，据 Onchain Lens 监测，Ethena 正在从中心化交易所提取 ENA 代币。新创建钱包"0xa19"从 Coinbase Prime 接收 1.0535 亿枚 ENA，价值 2870 万美元。

另一钱包"0x631"从 Bybit 进一步提取 2000 万枚 ENA，价值 545 万美元，该钱包目前持有 3.0515 亿枚 ENA，总价值 8867 万美元。
 
 https://www.techflowpost.com/newsletter/detail_106605.html
2025-11-28 20:30:24,031 - INFO - --------------------------------------------------
2025-11-28 20:30:24,121 - INFO - Channel: -1001735732363
2025-11-28 20:30:24,121 - INFO - Time: 2025-11-26T05:46:08+00:00
2025-11-28 20:30:24,121 - INFO - Content: **美国初请失业金数据提前于今晚21:30公布，11月27日美股、美债市场将休市一日  **

深潮 TechFlow 消息，11 月 26 日，据金十数据报道，受美国感恩节（11月27日）假期影响，美国初请失业金数据提前于今晚21:30公布，EIA天然气库存报告提前于明日凌晨01:00公布，石油钻井数据提前于明日凌晨02:00公布。11月27日（明日），美股、美债市场将休市一日，金银油期货合约交易将提前结束，敬请各位投资者留意。

https://www.techflowpost.com/newsletter/detail_106604.html
2025-11-28 20:30:24,121 - INFO - --------------------------------------------------
2025-11-28 20:30:24,239 - INFO - Channel: -1001735732363
2025-11-28 20:30:24,239 - INFO - Time: 2025-11-26T05:35:55+00:00
2025-11-28 20:30:24,239 - INFO - Content: **因美国降息押注增加，金价攀升至近两周高点**

深潮 TechFlow 消息，11 月 26 日，据金十数据报道，金价周三攀升至近两周高位，此前美国经济数据增强了对美国联邦公开市场委员会（FOMC）12月降息的预期，并令美元承压。现货黄金上涨逾0.7%，至每盎司4,160.12美元，为11月14日以来的最高水平。“目前的预期更倾向于12月降息……美联储官员的鸽派言论和良好的经济数据加强了这一理由，从收益率角度来看，这提振了黄金，”KCM Trade首席市场分析师Tim Waterer表示。
 
 https://www.techflowpost.com/newsletter/detail_106603.html
2025-11-28 20:30:24,239 - INFO - --------------------------------------------------
2025-11-28 20:30:24,356 - INFO - Channel: -1001735732363
2025-11-28 20:30:24,356 - INFO - Time: 2025-11-26T05:34:01+00:00
2025-11-28 20:30:24,356 - INFO - Content: **PLUME 短时突破 0.04美元，日内涨幅超 50%**

深潮 TechFlow 消息，11 月 26 日，HTX 行情数据显示，PLUME 短时突破 0.04美元，日内涨幅超 50%，现报约 0.03688 美元。
 
 https://www.techflowpost.com/newsletter/detail_106602.html
2025-11-28 20:30:24,356 - INFO - --------------------------------------------------
2025-11-28 20:30:24,455 - INFO - Channel: -1001735732363
2025-11-28 20:30:24,455 - INFO - Time: 2025-11-26T05:30:40+00:00
2025-11-28 20:30:24,455 - INFO - Content: **Upbit 将上线 PLUME 韩元交易对**

深潮 TechFlow 消息，11 月 26 日，据官方公告，Upbit 将上线 PLUME 韩元交易对。
 
 https://www.techflowpost.com/newsletter/detail_106601.html
2025-11-28 20:30:24,455 - INFO - --------------------------------------------------
2025-11-28 20:30:24,539 - INFO - Channel: -1001735732363
2025-11-28 20:30:24,539 - INFO - Time: 2025-11-26T05:17:36+00:00
2025-11-28 20:30:24,539 - INFO - Content: **韩国 KakaoBank 推进韩元稳定币项目进入开发阶段**

深潮 TechFlow 消息，11 月 26 日，据 Theblock 报道，韩国 IT 公司 Kakao 旗下数字银行 KakaoBank 已将其韩元挂钩稳定币项目推进至实际开发阶段。

该银行官网显示正在招聘区块链服务后端开发人员，要求具备智能合约深度知识、代币标准理解以及交易管理和全节点运营经验。KakaoBank 首席财务官 Kwon Tae-hoon 此前在 8 月的 2025 年上半年财报发布会上表示，银行正在审查参与数字金融的各种选择，包括数字资产的发行或托管。

今年 6 月，Kakao 集团支付子公司 KakaoPay 已为 6 个稳定币代码符号申请版权，包括 PKRW、KKRW、KRWP 等，均结合了 Kakao 或 KakaoPay 与韩元（KRW）。
 
 https://www.techflowpost.com/newsletter/detail_106600.html
2025-11-28 20:30:24,539 - INFO - --------------------------------------------------
2025-11-28 20:30:24,726 - INFO - Channel: -1001735732363
2025-11-28 20:30:24,726 - INFO - Time: 2025-11-26T05:07:32+00:00
2025-11-28 20:30:24,726 - INFO - Content: **加密职场 2025年终大调查**

**币圈从业者，2025 年你过得还好吗？我们诚邀您填写一份 web3 职场环境匿名问卷，该问卷旨在全面了解 Web3 从业者的工作状况、薪资待遇、企业文化、职业发展等现状，为行业人才提供真实参考数据。
**
🍚点此填写** **[**加密职场环境匿名调查问卷（飞书表单）**](https://fsugwznryd.feishu.cn/share/base/form/shrcnRPiXGE2UAWl9zEZaHszYeb)
🍔备用 ** **[**Google Forms **](https://forms.gle/cxzGaxmHXtA323ZQ9)

本问卷共 28 题，选择题、多选题为主，问卷结果将汇总成调查报告于 12 月底在**深潮 ****techflowpost.com**** **发布。

**🎁 奖品：50 USDT ****💰**** * 10人**
**
**中奖名单将于 12 月 22 日在 [**DeJob**](https://t.me/DeJob_official) 和 [**abetterweb3**](https://t.me/abetterweb3_cn) 频道公布。
2025-11-28 20:30:24,726 - INFO - --------------------------------------------------
2025-11-28 20:30:24,864 - INFO - Channel: -1001735732363
2025-11-28 20:30:24,864 - INFO - Time: 2025-11-26T04:56:12+00:00
2025-11-28 20:30:24,864 - INFO - Content: **Polygon 联创发文讨论“是否应该将代币交易代码从 POL 改回 MATIC”**

深潮 TechFlow 消息，11 月 26 日，Polygon 联合创始人兼 Polygon 基金会首席执行官 Sandeep Nailwal 在社交平台发文，讨论是否应该要求交易所将代币交易代码从 POL 改回 MATIC。

Sandeep Nailwal 表示，他不断从 Polygon 交易社区听到反馈，认为 MATIC 是一个更强大、更熟悉的交易符号，具有历史底蕴和认知度，更容易被人记住。"菲律宾经营杂货店的人或迪拜的优步司机知道 MATIC，但现在不知道它去了哪里"。

Sandeep Nailwal 表示，“我目前的立场是：用户变动太大了。我们已经迁移到 POL，那就坚持使用它，因为足够多的人现在已经了解它。我真的很好奇广大用户是怎么想的，因为类似的反馈一直不断出现。当然，也不能保证交易所会同意更改。”
 
 https://www.techflowpost.com/newsletter/detail_106599.html
2025-11-28 20:30:24,864 - INFO - --------------------------------------------------
2025-11-28 20:30:25,070 - INFO - Channel: -1001735732363
2025-11-28 20:30:25,070 - INFO - Time: 2025-11-26T04:46:53+00:00
2025-11-28 20:30:25,070 - INFO - Content: **Bitwise公布狗狗币ETF详情：DOGE初始持仓约1642.9万枚，管理费率0.34%**

深潮TechFlow消息，11月25日，加密资产管理公司Bitwise Asset Management拟于今日上市狗狗币交易所交易基金Bitwise Dogecoin ETF（NYSE: BWOW），官方已发布该ETF详情：目前BWOW持有16,429,836.05枚狗狗币（由Coinbase Custody负责托管），市场价值2,499,996.71美元，管理费率0.34%。Bitwise表示，BWOW资管规模达到5亿美元或是一个月内（以先到为准）将免除管理费。
 
 https://www.techflowpost.com/newsletter/detail_106598.html
2025-11-28 20:30:25,070 - INFO - --------------------------------------------------
2025-11-28 20:30:25,161 - INFO - Channel: -1001735732363
2025-11-28 20:30:25,161 - INFO - Time: 2025-11-26T04:34:44+00:00
2025-11-28 20:30:25,161 - INFO - Content: **Chainlink 联创：DeFi 已完成大规模采用进程的 30%，预计 2030 年达到 100% 采用率**

深潮 TechFlow 消息，11 月 26 日，据 Cointelegraph 报道，Chainlink 联合创始人 Sergey Nazarov 在接受 MN Capital 创始人 Michael van de Poppe 采访时表示，去中心化金融（DeFi）目前已完成大规模采用进程的约 30%，预计 2030 年将达到 100% 的全球采用率。

Nazarov 指出，当监管法规更加明确并能解释 DeFi 可靠性时，全球采用率将达到 50%；当机构用户有清晰高效的路径将资金投入 DeFi 时，采用率将达到 70%；而当 DeFi 的资本基础能够与传统金融资金配置进行有意义比较时，将实现 100% 采用率。
 
 https://www.techflowpost.com/newsletter/detail_106597.html
2025-11-28 20:30:25,161 - INFO - --------------------------------------------------
2025-11-28 20:30:25,368 - INFO - Channel: -1001735732363
2025-11-28 20:30:25,368 - INFO - Time: 2025-11-26T04:30:12+00:00
2025-11-28 20:30:25,368 - INFO - Content: **CleanSpark发布2025财年报告：收入超7.6亿美元，比特币持仓市值约12亿美元**

深潮TechFlow消息，11月25日，据PRNewswire报道，纳斯达克上市比特币矿企CleanSpark发布2025财报，其中披露截至9月30日的2025财年公司总收入为7.663亿美元，较去年增长102.2%，净利润为3.645亿美元。
此外，该公司还持有约13011枚比特币，持仓市值约合12亿美元，同时还拥有4300万美元现金、价值约9.5亿美元的矿业资产（包括预付矿款和已部署矿机）、以及10亿美元的运营资金。
 
 https://www.techflowpost.com/newsletter/detail_106596.html
2025-11-28 20:30:25,368 - INFO - --------------------------------------------------
2025-11-28 20:30:25,466 - INFO - Channel: -1001735732363
2025-11-28 20:30:25,466 - INFO - Time: 2025-11-26T04:27:32+00:00
2025-11-28 20:30:25,466 - INFO - Content: **中国银河证券章俊：AI泡沫确实存在，但目前整体风险相对可控**

深潮 TechFlow 消息，11 月 26 日，据金十数据报道，近期，投资者对AI泡沫的担心持续上升。就此，在11月26日举办的中国银河证券2026年度投资策略报告会上，中国银河证券首席经济学家、研究院院长章俊表示，AI泡沫确实存在，但会否演变成危机，目前来看还为时尚早。章俊提到，IMF将当下与互联网泡沫进行了对比，从市盈率和投资热度等指标来看，目前整体依然相对可控。美联储加息是刺破互联网泡沫的重要原因，但当下是美联储和全球降息周期，政策风险可控。不过与此同时，他强调，目前全球经济的韧性远低于当年，因此指标的可比性也还是存在不确定性。
 
 https://www.techflowpost.com/newsletter/detail_106595.html
2025-11-28 20:30:25,466 - INFO - --------------------------------------------------
2025-11-28 20:30:25,641 - INFO - Channel: -1001735732363
2025-11-28 20:30:25,641 - INFO - Time: 2025-11-26T04:20:48+00:00
2025-11-28 20:30:25,641 - INFO - Content: **某新建钱包从 Bybit 提取 3,089 枚 ETH，价值约 900 万美元**  

深潮 TechFlow 消息，11 月 26 日，据 Onchain Lens 监测，某新创建钱包从 Bybit 提取 3,089 枚 ETH，价值约 900 万美元。
 
 https://www.techflowpost.com/newsletter/detail_106594.html
2025-11-28 20:30:25,641 - INFO - --------------------------------------------------
2025-11-28 20:30:25,713 - INFO - Channel: -1001735732363
2025-11-28 20:30:25,713 - INFO - Time: 2025-11-26T04:18:27+00:00
2025-11-28 20:30:25,713 - INFO - Content: **WEEX Alpha 携手 TXC 开启 60,000 USDT 空投活动**

深潮 TechFlow 消息，11 月 26 日，WEEX 唯客交易所公告，平台携手 TEXITcoin (TXC) 开启 60,000 USDT 空投活动，单人最低可领 30 USDT。活动时间：11/25 23:00 - 12/02 23:00 (UTC+8)。

活动期内，新用户净充值≥ 100 U 且首次现货交易 TXC，即可获得 10-100 USDT + 10 USDT 体验金；用户任意合约累计交易量≥ 500 U，可参与合约之王争霸赛，按交易量排名瓜分 25,000 USDT；用户还可参与 TXC 现货交易挑战赛，按排名瓜分 10,000 USDT。此外，TXC 现货交易量满 50 U 即可获得一次转盘抽奖机会，活动期间每日均可参与。
 
 https://www.techflowpost.com/newsletter/detail_106593.html
2025-11-28 20:30:25,713 - INFO - --------------------------------------------------
2025-11-28 20:30:25,934 - INFO - Channel: -1001735732363
2025-11-28 20:30:25,934 - INFO - Time: 2025-11-26T04:08:30+00:00
2025-11-28 20:30:25,934 - INFO - Content: **BTC 跌破 87,000 美元，24 小时跌幅 1.14 %**

深潮 TechFlow 消息，11 月 26 日，据 HTX 行情数据显示，BTC 跌破 87,000 美元，现报 86,987.00 美元，24 小时跌幅 1.14 %。
 
 https://www.techflowpost.com/newsletter/detail_106592.html
2025-11-28 20:30:25,934 - INFO - --------------------------------------------------
2025-11-28 20:30:26,085 - INFO - Channel: -1001735732363
2025-11-28 20:30:26,085 - INFO - Time: 2025-11-26T03:54:01+00:00
2025-11-28 20:30:26,085 - INFO - Content: **韩国上市公司 Bitplanet 以 261 万美元增持 28.5 枚 BTC，总持仓达 228.5 枚**

深潮 TechFlow 消息，11 月 26 日，据官方公告，韩国上市公司 Bitplanet Inc. 今日以约 261 万美元收购了 28.5 枚 BTC，平均成本为 91,335 美元。截至 2025 年 11 月 26 日，该公司总计持有 228.5 枚 BTC。
 
 https://www.techflowpost.com/newsletter/detail_106591.html
2025-11-28 20:30:26,085 - INFO - --------------------------------------------------
2025-11-28 20:30:26,150 - INFO - Channel: -1001735732363
2025-11-28 20:30:26,150 - INFO - Time: 2025-11-26T03:53:37+00:00
2025-11-28 20:30:26,150 - INFO - Content: 🌟 推荐阅读

去中心化社交协议的三大支柱：身份、存储与发现机制
https://www.techflowpost.com/article/detail_29294.html

📖 相关推荐

去中心化社交的技术基础、应用陷阱与未来演进
https://www.techflowpost.com/article/detail_29172.html

当每个点击都成为投资：Web3 如何重构我们的注意力经济？
https://www.techflowpost.com/article/detail_28992.html

注意力资本 VS 社交资本：加密经济的双生价值原语
https://www.techflowpost.com/article/detail_26396.html
2025-11-28 20:30:26,150 - INFO - --------------------------------------------------
2025-11-28 20:30:26,184 - INFO - Channel: -1001735732363
2025-11-28 20:30:26,184 - INFO - Time: 2025-11-26T03:51:23+00:00
2025-11-28 20:30:26,184 - INFO - Content: **美国 XRP 现货 ETF 单日总净流入 3541 万美元**

深潮 TechFlow 消息，11 月 26 日，根据 SoSoValue 数据，昨日（美东时间 11 月 25 日）XRP 现货 ETF 总净流入 3541 万美元。

昨日单日净流入最多的 XRP 现货 ETF 为 Bitwise XRP ETF XRP，单日净流入为 2130 万美元，目前 XRP 历史总净流入达 1.56 亿美元。
其次为 Franklin XRP ETF XRPZ，单日净流入为 712 万美元，目前 XRPZ 历史总净流入达 6972 万美元。

截至发稿前，XRP 现货 ETF 总资产净值为 6.45 亿美元，XRP 净资产比率 0.49%，历史累计净流入已达 6.22 亿美元。
 
 https://www.techflowpost.com/newsletter/detail_106590.html
2025-11-28 20:30:26,184 - INFO - --------------------------------------------------
2025-11-28 20:30:26,248 - INFO - Channel: -1001735732363
2025-11-28 20:30:26,248 - INFO - Time: 2025-11-26T03:45:17+00:00
2025-11-28 20:30:26,248 - INFO - Content: **昨日美国以太坊现货 ETF 净流入 7850 万美元**

深潮 TechFlow 消息，11 月 26 日，据加密分析师 Trader T 监测，昨日美国以太坊现货 ETF 净流入 7850 万美元。

ETHA（BlackRock）：净流入 4600 万美元；

FETH（Fidelity）：净流入 4754 万美元；

ETHE（Grayscale）：净流出 2333 万美元；

ETH（Grayscale mini）：净流入 829 万美元。
 
 https://www.techflowpost.com/newsletter/detail_106589.html
2025-11-28 20:30:26,248 - INFO - --------------------------------------------------
2025-11-28 20:30:26,307 - INFO - Channel: -1001735732363
2025-11-28 20:30:26,307 - INFO - Time: 2025-11-26T03:43:47+00:00
2025-11-28 20:30:26,307 - INFO - Content: **Tom Lee：以太坊短期可能跌至2500美元，但明年1月有望涨至7000–9000美元**

深潮 TechFlow 消息，11 月 26 日，BitMine 董事长 Tom Lee 发言表示，以太坊短期内可能会下探至 2500 美元，但其上涨空间同样巨大，可能达到 3–4 倍，于明年 1 月上涨至 7000–9000 美元。
 
 https://www.techflowpost.com/newsletter/detail_106588.html
2025-11-28 20:30:26,307 - INFO - --------------------------------------------------
2025-11-28 20:30:26,364 - INFO - Channel: -1001735732363
2025-11-28 20:30:26,364 - INFO - Time: 2025-11-26T03:30:45+00:00
2025-11-28 20:30:26,364 - INFO - Content: **Strategy：即使 BTC 跌至平均成本价 7.4 万美元，资产仍为可转债的 5.9 倍**  

深潮 TechFlow 消息，11 月 26 日，Strategy 今日凌晨在社交媒体平台发文称：“若比特币价格跌至我们7.4万美元的平均成本价，我们仍拥有相当于可转换债务5.9倍的资产，我们将此称为债务的比特币评级。若比特币价格跌至2.5万美元，该比率则为2.0倍。”
 
 https://www.techflowpost.com/newsletter/detail_106587.html
2025-11-28 20:30:26,364 - INFO - --------------------------------------------------
2025-11-28 20:30:26,430 - INFO - Channel: -1001735732363
2025-11-28 20:30:26,430 - INFO - Time: 2025-11-26T03:19:38+00:00
2025-11-28 20:30:26,430 - INFO - Content: **Ark Invest 昨日增持 Block、Circle、Coinbase 等加密货币概念股**

深潮 TechFlow 消息，11 月 26 日，据 Theblock 报道，Ark Invest 周二逢低买入多只加密货币相关股票。

具体而言，Ark Invest 购买了价值 1350 万美元的 Block 公司股票、价值 760 万美元的 Circle Internet Group 股票，以及价值 386 万美元的 Coinbase 股票。

此外，Ark Invest 周二还购买了价值 152 万美元的 Bullish 股票、878,794 美元的 Robinhood Markets 股票以及 280 万美元的其自有的 Ark-21Shares 现货比特币 ETF。
 
 https://www.techflowpost.com/newsletter/detail_106586.html
2025-11-28 20:30:26,431 - INFO - --------------------------------------------------
2025-11-28 20:30:26,503 - INFO - Channel: -1001735732363
2025-11-28 20:30:26,503 - INFO - Time: 2025-11-26T03:18:24+00:00
2025-11-28 20:30:26,503 - INFO - Content: 🌟 推荐阅读

解读 Vitalik 长文：聪明人为何要坚守「笨规则」？
https://www.techflowpost.com/article/detail_29293.html

📖 相关推荐

Vitalik 向左，华尔街向右
https://www.techflowpost.com/article/detail_28326.html

以太坊十年，Vitalik 思想进化史
https://www.techflowpost.com/article/detail_27294.html

Vitalik，在清迈的 42 天
https://www.techflowpost.com/article/detail_21615.html
2025-11-28 20:30:26,503 - INFO - --------------------------------------------------
2025-11-28 20:30:26,554 - INFO - Channel: -1001735732363
2025-11-28 20:30:26,554 - INFO - Time: 2025-11-26T03:16:44+00:00
2025-11-28 20:30:26,554 - INFO - Content: **Robinhood 和 Susquehanna 收购 LedgerX 多数股权，以进军预测市场**

深潮 TechFlow 消息，11 月 26 日，据彭博社报道，Robinhood Markets Inc. 和 Susquehanna International Group 正在收购 LedgerX 的多数股权。

据报道称，LedgerX 是一家总部位于美国的衍生品交易所，曾为 FTX 所有，目前由 Miami International Holdings Inc. 运营。此次收购将为 Robinhood 和 Susquehanna 在快速增长的预测市场领域提供强有力的新立足点，两家公司正在升级预测市场军备竞赛。
 
 https://www.techflowpost.com/newsletter/detail_106585.html
2025-11-28 20:30:26,554 - INFO - --------------------------------------------------

Mentioned Currencies:  
Keywords:  [('股票', 0.437), ('owlting', 0.42), ('货币', 0.3533), ('信用卡', 0.3306), ('回购', 0.3165), ('借记卡', 0.3005), ('结算', 0.2997), ('普通股', 0.2657), ('万美元', 0.2403), ('公司', 0.2381)]
Mentioned Currencies:  Tether
Keywords:  [('黄金', 0.5201), ('gold', 0.499), ('市值', 0.4243), ('中央银行', 0.4132), ('贵金属', 0.4085), ('购买量', 0.3761), ('央行', 0.3731), ('投资者', 0.3567), ('代币', 0.3496), ('亿美元', 0.3466)]
Mentioned Currencies:  Worldcoin
Keywords:  [('泰国', 0.4704), ('worldcoin', 0.3647), ('全球', 0.3432), ('加密', 0.3206), ('world', 0.3124), ('数据保护', 0.3036), ('删除', 0.2619), ('altman', 0.241), ('dlnews', 0.2268), ('审查', 0.2217)]
Mentioned Currencies:  Solana
Keywords:  [('巨鲸以', 0.5542), ('巨鲸', 0.5526), ('价格', 0.5005), ('美元', 0.4158), ('万美元', 0.3604), ('浮盈约', 0.3011), ('万枚', 0.2369), ('杠杆', 0.2168), ('余烬', 0.2106), ('sol', 0.1993)]
Mentioned Currencies:  
Keywords:  [('玻利维亚', 0.4609), ('金融体系', 0.4399), ('经济部长', 0.3152), ('市场', 0.2435), ('计划', 0.2198), ('稳定', 0.2121), ('该国', 0.185), ('纳入', 0.1752), ('宣布', 0.1393), ('消息', 0.0955)]
Mentioned Currencies:  
Keywords:  [('利润率', 0.4894), ('净利润', 0.4627), ('股票', 0.4486), ('交易量', 0.4456), ('q3', 0.4385), ('资产', 0.4091), ('第三季度', 0.3966), ('股票代码', 0.3706), ('公司', 0.3538), ('总额', 0.3532)]
Mentioned Currencies:  
Keywords:  [('国债', 0.527), ('下跌', 0.3803), ('收益率', 0.3286), ('数据', 0.1651), ('年期', 0.1591), ('美国', 0.1437), ('报道', 0.0879), ('基点', 0.0843)]
Mentioned Currencies:  Bitcoin
Keywords:  [('sclx', 0.4734), ('股东大会', 0.4073), ('投资', 0.3628), ('认股权证', 0.36), ('资产', 0.3348), ('亿股', 0.2974), ('收盘价', 0.2965), ('预付款', 0.2964), ('交易', 0.2917), ('亿美元', 0.2905)]
Mentioned Currencies:  
Keywords:  [('亿美元', 0.4694), ('htx', 0.4188), ('资金', 0.3535), ('交易所', 0.3141), ('币安', 0.2136), ('排名', 0.1978), ('最近', 0.1558), ('一个月', 0.1555), ('分析师', 0.149), ('第二', 0.1458)]
Mentioned Currencies:  
Keywords:  [('黄金', 0.5468), ('美元', 0.5319), ('盎司', 0.3577), ('向上', 0.2405), ('涨超', 0.2288), ('数据', 0.1664), ('现货', 0.1157), ('日内', 0.1085), ('报道', 0.0603), ('触及', -0.0103)]
Mentioned Currencies:  
Keywords:  [('美元', 0.5958), ('涨幅', 0.428), ('盎司', 0.4047), ('白银', 0.292), ('现货', 0.1896), ('现报', 0.1807), ('数据', 0.1687), ('日内', 0.1569), ('报道', 0.1488)]
Mentioned Currencies:  
Keywords:  [('经济模型', 0.5409), ('经济学', 0.4556), ('经济', 0.4206), ('模型', 0.3761), ('atom', 0.3588), ('实际收入', 0.3173), ('计划', 0.3168), ('hub', 0.3168), ('分析', 0.2987), ('研究', 0.2893)]
Mentioned Currencies:  
Keywords:  [('市场份额', 0.5389), ('股价', 0.4833), ('目标价', 0.4587), ('市场', 0.4403), ('亿美元', 0.4142), ('增长', 0.3491), ('bernstein', 0.3126), ('预测', 0.3052), ('最快', 0.2943), ('业务', 0.29)]
Mentioned Currencies:  
Keywords:  [('报名', 0.3928), ('candybomb', 0.3819), ('总奖', 0.3004), ('平台', 0.2987), ('合约', 0.2951), ('交易量', 0.2942), ('用户', 0.2765), ('代币', 0.2748), ('参与', 0.2652), ('irys', 0.2638)]
Mentioned Currencies:  
Keywords:  [('货币基金', 0.4838), ('2025', 0.4095), ('港元', 0.3551), ('港交所', 0.2709), ('上市', 0.2701), ('股份', 0.2529), ('买卖', 0.2509), ('金十', 0.2262), ('数字', 0.1833), ('公告', 0.1809)]
Mentioned Currencies:  
Keywords:  [('国际清算银行', 0.4246), ('负责人', 0.3748), ('bis', 0.3575), ('助理', 0.353), ('市场部', 0.3441), ('主任', 0.3353), ('任命', 0.328), ('2026', 0.3157), ('创新', 0.3156), ('cbdc', 0.3125)]
Mentioned Currencies:  Bitcoin
Keywords:  [('股市', 0.4927), ('股票', 0.4187), ('投资者', 0.4091), ('市场', 0.4028), ('分析师', 0.3703), ('预测', 0.3201), ('数年', 0.3201), ('加密', 0.3198), ('资产', 0.306), ('货币', 0.2816)]
Mentioned Currencies:  
Keywords:  [('sunx', 0.4916), ('交易平台', 0.4612), ('代币', 0.4226), ('usdt', 0.4174), ('交易', 0.396), ('手续费', 0.3939), ('sun', 0.3799), ('合约', 0.3756), ('btc', 0.3683), ('zen', 0.343)]
Mentioned Currencies:  
Keywords:  [('加密', 0.5368), ('狱中', 0.4358), ('sbf', 0.3985), ('特赦', 0.3927), ('自由', 0.3782), ('歌单', 0.37), ('罪犯', 0.3511), ('单曲', 0.3491), ('上线', 0.3058), ('重新', 0.303)]
Mentioned Currencies:  Bitcoin
Keywords:  [('市场', 0.4876), ('行情', 0.471), ('销售额', 0.4588), ('万亿美元', 0.4356), ('通胀', 0.4318), ('货币', 0.4204), ('高风险', 0.3974), ('期货', 0.3846), ('亿人', 0.3841), ('消费', 0.3786)]
Mentioned Currencies:  
Keywords:  [('eurau', 0.6447), ('欧元', 0.5937), ('eurcv', 0.4646), ('德意志', 0.4328), ('eurc', 0.3805), ('金融市场', 0.3753), ('交易所', 0.3596), ('兴业银行', 0.3032), ('法国', 0.2914), ('证券', 0.2847)]
Mentioned Currencies:  TRON
Keywords:  [('dao', 0.37), ('借贷', 0.344), ('justlend', 0.3425), ('亿美元', 0.3364), ('锁仓量', 0.3148), ('总锁', 0.279), ('加密', 0.266), ('金融', 0.26), ('资产', 0.2544), ('收益', 0.2407)]
Mentioned Currencies:  Ethereum
Keywords:  [('万美元', 0.3388), ('价值', 0.3334), ('lookonchain', 0.3087), ('据链', 0.1781), ('转移', 0.1694), ('eth', 0.1589), ('平台', 0.1282), ('vitalik', 0.0737), ('分析', 0.0544), ('buterin', 0.0461)]
Mentioned Currencies:  
Keywords:  [('税法', 0.4228), ('税率', 0.4209), ('高税', 0.3896), ('加密', 0.3773), ('西班牙', 0.3738), ('货币', 0.2916), ('风险', 0.2391), ('征收', 0.2278), ('政党', 0.2184), ('证券市场', 0.197)]
Mentioned Currencies:  
Keywords:  [('融资', 0.4206), ('投资方', 0.4096), ('数学家', 0.3795), ('亿美元', 0.3643), ('金融', 0.3388), ('估值', 0.3061), ('智能', 0.3021), ('数学', 0.2989), ('模型', 0.297), ('预测', 0.2963)]
Mentioned Currencies:  Bitcoin
Keywords:  [('bitcointreasuries', 0.6309), ('bitplanet', 0.4949), ('net', 0.2138), ('比特', 0.1285), ('持币', 0.1078), ('排名', 0.1048), ('上市公司', 0.1024), ('kq', 0.0995), ('增持', 0.0893), ('韩国', 0.0756)]
Mentioned Currencies:  
Keywords:  [('小时', 0.3891), ('代币', 0.3519), ('alpha', 0.3478), ('门槛', 0.3475), ('奖励', 0.3468), ('五分钟', 0.3377), ('币安', 0.3258), ('个币安', 0.3142), ('积分', 0.2819), ('用户', 0.2727)]
Mentioned Currencies:  
Keywords:  [('cloud', 0.596), ('谷歌', 0.5255), ('google', 0.4874), ('云端', 0.4451), ('科技', 0.346), ('保障', 0.3051), ('ai', 0.3018), ('机遇', 0.284), ('国际', 0.2804), ('系统', 0.2767)]
Mentioned Currencies:  
Keywords:  [('门槛', 0.5857), ('alpha', 0.3861), ('公告', 0.3552), ('币安', 0.3545), ('宣布', 0.3541), ('发放', 0.3499), ('空投', 0.3391), ('下午', 0.3344), ('官方', 0.3327), ('点将', 0.3139)]
Mentioned Currencies:  
Keywords:  [('hotcoin', 0.7167), ('热门', 0.3159), ('低成本', 0.3159), ('推出', 0.3117), ('即将', 0.3092), ('安全', 0.3067), ('先机', 0.2961), ('usdt', 0.2949), ('上线', 0.2945), ('2025', 0.2874)]
Mentioned Currencies:  
Keywords:  [('股份', 0.529), ('股东', 0.5287), ('股权', 0.5272), ('收购', 0.481), ('交易所', 0.4455), ('资产', 0.4344), ('万韩元', 0.4271), ('交换', 0.4168), ('价格', 0.3904), ('交易', 0.3845)]
Mentioned Currencies:  
Keywords:  [('代币', 0.3219), ('购入', 0.2893), ('价值', 0.2751), ('arthur', 0.2645), ('万美元', 0.2303), ('万枚', 0.1354), ('bitmex', 0.134), ('创始人', 0.1285), ('此前', 0.1174), ('lookonchain', 0.1107)]
Mentioned Currencies:  
Keywords:  [('罚款', 0.5341), ('金额', 0.4373), ('越南', 0.4317), ('货币', 0.4239), ('美元', 0.4086), ('越南盾', 0.4004), ('万亿', 0.3428), ('财政部', 0.3367), ('违规', 0.3191), ('资产', 0.29)]
Mentioned Currencies:  
Keywords:  [('黄金价格', 0.7211), ('黄金', 0.57), ('外汇储备', 0.5575), ('美元', 0.5054), ('金价', 0.5052), ('期货价格', 0.494), ('十二月', 0.4533), ('资金', 0.4338), ('圣诞', 0.4118), ('新年', 0.3922)]2025-11-28 20:30:26,670 - INFO - Channel: -1001735732363
2025-11-28 20:30:26,670 - INFO - Time: 2025-11-26T03:02:42+00:00
2025-11-28 20:30:26,670 - INFO - Content: **Bitget 上线第 19 期合约交易俱乐部争霸赛，总奖池 5 万枚 BGB**

深潮 TechFlow 消息，11 月 26 日，Bitget 上线第 19 期合约交易俱乐部争霸赛，总奖池 50,000 枚 BGB。用户可参与合约榜单争霸赛，按照累计合约交易额进行排名，前 600 名解锁对应奖励，单人最高可得 1,400 枚 BGB。此奖池交易范围为 U 本位、币本位和 USDC 合约。

详细规则已在 Bitget 官方平台发布，用户可点击“立即加入”按钮完成报名，方可参与活动。活动时间截止 12 月 2 日 23:59:59 (UTC+8)。
 
 https://www.techflowpost.com/newsletter/detail_106584.html
2025-11-28 20:30:26,670 - INFO - --------------------------------------------------
2025-11-28 20:30:26,794 - INFO - Channel: -1001735732363
2025-11-28 20:30:26,794 - INFO - Time: 2025-11-26T03:02:05+00:00
2025-11-28 20:30:26,794 - INFO - Content: **Eric Trump：从未说过“以太坊将在未来 38 天内突破 8000 美元”相关内容**

深潮 TechFlow 消息，11 月 26 日，针对社交媒体上传播的“美国总统特朗普之子 Eric Trump 认为以太坊将在未来 38 天突破 8000 美元”相关消息，Eric Trump 回应表示，“别再散布这些假新闻了，我当然也希望看到这种情况发生，但我从未说过这句话。”
 
 https://www.techflowpost.com/newsletter/detail_106583.html
2025-11-28 20:30:26,794 - INFO - --------------------------------------------------
2025-11-28 20:30:26,860 - INFO - Channel: -1001735732363
2025-11-28 20:30:26,860 - INFO - Time: 2025-11-26T02:55:11+00:00
2025-11-28 20:30:26,860 - INFO - Content: **某鲸鱼向 HyperLiquid 存入 200 万美元 USDC 增加 HYPE 空头头寸**

深潮 TechFlow 消息，11 月 26 日，据链上分析师 OnchainLens（@OnchainLens）监测，某鲸鱼向 HyperLiquid 存入 200 万美元 USDC，用于增加其 HYPE 代币的 10 倍杠杆空头头寸。

目前该头寸价值 290 万美元，持有 84,388 个 HYPE 代币，同时设置了在 34.6 - 35 美元价格区间增加空头的挂单。
 
 https://www.techflowpost.com/newsletter/detail_106582.html
2025-11-28 20:30:26,860 - INFO - --------------------------------------------------
2025-11-28 20:30:26,923 - INFO - Channel: -1001735732363
2025-11-28 20:30:26,923 - INFO - Time: 2025-11-26T02:52:39+00:00
2025-11-28 20:30:26,923 - INFO - Content: 昨日美国比特币现货 ETF 净流入 1.2856 亿美元  

深潮 TechFlow 消息，11 月 26 日，据加密分析师 Trader T 监测，昨日美国比特币现货 ETF 净流入 1.2856 亿美元。

IBIT（BlackRock）：净流入 8294 万美元；

FBTC（Fidelity）：净流入 17080 万美元；

BITB（Bitwise）：净流出 1231 万美元；

ARKB（Ark Invest）：净流出 7592 万美元；

https://www.techflowpost.com/newsletter/detail_106580.html
2025-11-28 20:30:26,923 - INFO - --------------------------------------------------
2025-11-28 20:30:27,001 - INFO - Channel: -1001735732363
2025-11-28 20:30:27,001 - INFO - Time: 2025-11-26T02:51:38+00:00
2025-11-28 20:30:27,001 - INFO - Content: **Uniswap：“UNIfication”提案合约已部署至以太坊主网，准备进行链上投票**

深潮 TechFlow 消息，11 月 26 日，据官方公告，Uniswap 的 “UNIfication”提案合约已部署至以太坊主网，准备进行链上投票。任何发现严重漏洞的人将获得最高 1,550 万美元的奖励。

此前消息，该提案主要内容包括：

 开启协议费用，所有收取的费用将用于燃烧UNI；
 
 从国库中一次性燃烧1亿UNI代币；
 
 建立协议费用折扣拍卖(PFDA)，提高流动性提供者收益；
 
 将Uniswap v4升级为链上聚合器，从外部流动性收取费用；
 
 调整Uniswap Labs与基金会的关系，共同专注于协议发展。
 
 https://www.techflowpost.com/newsletter/detail_106581.html
2025-11-28 20:30:27,001 - INFO - --------------------------------------------------
2025-11-28 20:30:27,095 - INFO - Channel: -1001735732363
2025-11-28 20:30:27,095 - INFO - Time: 2025-11-26T02:35:17+00:00
2025-11-28 20:30:27,095 - INFO - Content: **XION 上涨突破 0.4 美元，日内涨幅 33.26%**

深潮 TechFlow 消息，11 月 26 日，HTX 行情数据显示，XION 上涨突破 0.4 美元，现报 0.4407 美元，日内涨幅 33.26%。

此前消息，Bithumb 宣布将上线 XION 韩元交易对。
 
 https://www.techflowpost.com/newsletter/detail_106579.html
2025-11-28 20:30:27,095 - INFO - --------------------------------------------------
2025-11-28 20:30:27,210 - INFO - Channel: -1001735732363
2025-11-28 20:30:27,210 - INFO - Time: 2025-11-26T02:32:53+00:00
2025-11-28 20:30:27,210 - INFO - Content: **Bithumb 将上线 XION 韩元交易对**

深潮 TechFlow 消息，11 月 26 日，据官方公告，Bithumb 将上线 XION 韩元交易对。
 
 https://www.techflowpost.com/newsletter/detail_106578.html
2025-11-28 20:30:27,210 - INFO - --------------------------------------------------
2025-11-28 20:30:27,268 - INFO - Channel: -1001735732363
2025-11-28 20:30:27,268 - INFO - Time: 2025-11-26T02:27:44+00:00
2025-11-28 20:30:27,268 - INFO - Content: **现货黄金短线上涨13美元，现报4163.21美元/盎司，创11月14日以来新高**

深潮 TechFlow 消息，11 月 26 日，据金十数据报道现货黄金短线上涨13美元，现报4163.21美元/盎司，创11月14日以来新高，日内涨0.78%。
 
 https://www.techflowpost.com/newsletter/detail_106577.html
2025-11-28 20:30:27,268 - INFO - --------------------------------------------------
2025-11-28 20:30:27,330 - INFO - Channel: -1001735732363
2025-11-28 20:30:27,330 - INFO - Time: 2025-11-26T02:25:45+00:00
2025-11-28 20:30:27,330 - INFO - Content: **分析师：Visa 在加密货币卡领域占据主导地位，月交易量达 3.65 亿美元**

深潮 TechFlow 消息，11 月 26 日，据分析师 Alex 披露，Visa 在加密货币卡发行领域占据主导地位，月交易量达 3.65 亿美元。

根据对 13 个加密货币卡项目的链上转账量分析，Visa 在这些项目中占据 10 个，而 Mastercard 仅有 3 个。其中，Rain Card、RedotPay 和 Etherfi Cash 是 Visa 转账量增长的主要驱动力，这三个支付项目贡献了 3.2 亿美元的交易量。

分析认为，加密货币卡项目选择 Visa 主要因为其启动更容易、运营成本更低、合规风险更少。相比之下，Mastercard 虽然可靠但要求更严格且成本更高。
 
 https://www.techflowpost.com/newsletter/detail_106576.html
2025-11-28 20:30:27,330 - INFO - --------------------------------------------------
2025-11-28 20:30:27,423 - INFO - Channel: -1001735732363
2025-11-28 20:30:27,423 - INFO - Time: 2025-11-26T02:19:05+00:00
2025-11-28 20:30:27,423 - INFO - Content: **美国 Solana 现货 ETF 昨日总净流入 5308 万美元**

深潮 TechFlow 消息，11 月 26 日，根据 SoSoValue 数据，昨日（美东时间 11 月 25 日）Solana 现货 ETF 总净流入 5308 万美元。

昨日单日净流入最多的 SOL 现货 ETF 为 Bitwise SOL ETF BSOL，单日净流入为 3096 万美元，目前 BSOL 历史总净流入达 5.14 亿美元。

其次为 Grayscale SOL ETF GSOL，单日净流入为 1597 万美元，目前 GSOL 历史总净流入达 6308 万美元。

截至发稿前，Solana 现货 ETF 总资产净值为 8.88 亿美元，Solana 净资产比率 1.15%，历史累计净流入已达 6.21 亿美元。
 
 https://www.techflowpost.com/newsletter/detail_106575.html
2025-11-28 20:30:27,423 - INFO - --------------------------------------------------
2025-11-28 20:30:27,525 - INFO - Channel: -1001735732363
2025-11-28 20:30:27,525 - INFO - Time: 2025-11-26T02:17:24+00:00
2025-11-28 20:30:27,525 - INFO - Content: **美股上市加密货币财库公司 Reliance Global Group 将数字资产储备全部整合为 Zcash**

深潮 TechFlow 消息，11 月 25 日，据美股上市加密货币财库公司 Reliance Global Group 披露，该公司已完成数字资产储备（DAT）的战略重组，将所有数字资产头寸整合为 Zcash（ZEC）。公司已完全退出此前持有的其他数字资产，并将收益重新配置到这一隐私保护加密货币中。公司董事长兼 CEO Ezra Beyman 表示，这一战略整合反映了公司对清晰度、纪律性和长期价值创造的承诺。

此前消息，美股上市公司 Reliance Global Group 计划投资最多 1.2 亿美元购买比特币等数字资产，陆续购买了BTC、ETH、ADA、XRP。
 
 https://www.techflowpost.com/newsletter/detail_106574.html
2025-11-28 20:30:27,525 - INFO - --------------------------------------------------
2025-11-28 20:30:27,779 - INFO - Channel: -1001735732363
2025-11-28 20:30:27,779 - INFO - Time: 2025-11-26T02:14:03+00:00
2025-11-28 20:30:27,779 - INFO - Content: **摩根大通向美 SEC 申请比特币结构化票据产品**

深潮 TechFlow 消息，11 月 26 日，据 Decrypt 报道，摩根大通已向美国证券交易委员会（SEC）申请推出一款杠杆化结构化票据产品，允许投资者通过贝莱德 iShares 比特币信托交易所交易基金对比特币未来价格进行押注。

根据招股说明书，该产品具有特殊机制：如果比特币 ETF 价格在 2026 年 12 月 21 日等于或高于设定价格，摩根大通将赎回票据，每张票据（面值 1000 美元）至少支付 160 美元。若价格低于该标准，票据将继续持有至 2028 年。

在后一种情况下，投资者可获得比特币涨幅 1.5 倍的收益，摩根大通称潜在回报"无上限"。但该产品风险较高，如果比特币价格下跌 40% 或更多，投资者将损失大部分初始投资。
 
 https://www.techflowpost.com/newsletter/detail_106573.html
2025-11-28 20:30:27,779 - INFO - --------------------------------------------------
2025-11-28 20:30:28,035 - INFO - Channel: -1001735732363
2025-11-28 20:30:28,035 - INFO - Time: 2025-11-26T02:11:50+00:00
2025-11-28 20:30:28,035 - INFO - Content: **欧洲资管公司 Amundi 第三季度减持价值 1.35 亿美元的 Strategy 股份**

深潮 TechFlow 消息，11 月 26 日，据 BitcoinTreasuries.NET 监测，欧洲最大资产管理公司 Amundi 在第三季度出售了 772,620 股 Strategy（MSTR）股份，价值约 1.35 亿美元。
 
 https://www.techflowpost.com/newsletter/detail_106572.html
2025-11-28 20:30:28,035 - INFO - --------------------------------------------------
2025-11-28 20:30:28,183 - INFO - Channel: -1001735732363
2025-11-28 20:30:28,183 - INFO - Time: 2025-11-26T01:59:10+00:00
2025-11-28 20:30:28,183 - INFO - Content: **俄罗斯财政部考虑简化加密货币投资者要求，或将取消“超级合格”投资者门槛**

深潮 TechFlow 消息，11 月 25 日，据 WRAL News 报道，俄罗斯财政部正在考虑大幅简化数字资产投资者要求，强烈暗示将放弃严格的"超级合格"投资者门槛。

此前的"特别合格"投资者门槛包括拥有 1 亿卢布投资或年收入 5000 万卢布等高要求。简化后，更广泛的俄罗斯公民群体可能获得合法进入加密市场的机会，预计将提高监管平台内的流动性和交易量。
 
 https://www.techflowpost.com/newsletter/detail_106571.html
2025-11-28 20:30:28,183 - INFO - --------------------------------------------------
2025-11-28 20:30:28,397 - INFO - Channel: -1001735732363
2025-11-28 20:30:28,397 - INFO - Time: 2025-11-26T01:53:47+00:00
2025-11-28 20:30:28,397 - INFO - Content: **西班牙议会提议修改加密货币税法，比特币收益税率或升至 47%**

深潮 TechFlow 消息，11 月 26 日，据 CriptoNoticias 报道，西班牙议会 Sumar 党团向众议院提交修正案，拟修改三项税收法律以加强对加密货币的征税。

该提案建议将非金融工具类加密资产收益纳入个人所得税一般税基征收，税率最高可达 47%，而非目前储蓄税基的 30% 上限。同时规定此类收益在企业所得税中按 30% 税率征收。

提案还要求西班牙国家证券市场委员会（CNMV）为加密货币创建风险评级系统，在投资平台上强制显示。此外，修正案将所有加密资产纳入可查封资产范围，扩大了此前仅适用于欧盟 MiCA 监管范围内资产的规定。
 
 https://www.techflowpost.com/newsletter/detail_106570.html
2025-11-28 20:30:28,397 - INFO - --------------------------------------------------
2025-11-28 20:30:28,620 - INFO - Channel: -1001735732363
2025-11-28 20:30:28,620 - INFO - Time: 2025-11-26T01:50:18+00:00
2025-11-28 20:30:28,620 - INFO - Content: **WLFI Strategic Reserve 地址 3 小时内花费 554 万 USD1 回购 3293 万枚 WLFI**

深潮 TechFlow 消息，11 月 26 日，据链上分析师 Ai 姨（@ai_9684xtpa）监测，WLFI Strategic Reserve 地址过去 3 小时花费 554 万枚 USD1 回购了 3293 万枚 WLFI，平均成本 0.1684 美元。

数据显示，自该地址集中回购以来，WLFI 币价已上涨超 5%。
 
 https://www.techflowpost.com/newsletter/detail_106569.html
2025-11-28 20:30:28,620 - INFO - --------------------------------------------------
2025-11-28 20:30:28,819 - INFO - Channel: -1001735732363
2025-11-28 20:30:28,819 - INFO - Time: 2025-11-26T01:47:39+00:00
2025-11-28 20:30:28,819 - INFO - Content: **“麻吉大哥”黄立成的以太坊和 HYPE 多头持仓浮盈超 60 万美元，新开 40 倍杠杆比特币多单**

深潮 TechFlow 消息，11 月 26 日，据链上分析平台 Onchain Lens 监测，“麻吉大哥”黄立成（@machibigbrother）在以太坊 25 倍杠杆多头和 HYPE 10 倍杠杆多头持仓中的浮盈已超过 60 万美元。

此外，黄立成新开了一笔 40 倍杠杆的比特币多头持仓。
 
 https://www.techflowpost.com/newsletter/detail_106568.html
2025-11-28 20:30:28,819 - INFO - --------------------------------------------------
2025-11-28 20:30:28,918 - INFO - Channel: -1001735732363
2025-11-28 20:30:28,918 - INFO - Time: 2025-11-26T01:45:30+00:00
2025-11-28 20:30:28,918 - INFO - Content: **疑似分布式资本相关钱包向币安充值 1.04 万枚 ETH，价值约 2,988 万美元**

深潮 TechFlow 消息，11 月 26 日，据 Lookonchain 监测，一个疑似与分布式资本（Fenbushi Capital）相关的钱包在 10 小时前向币安充值 10,400 枚 ETH，价值约 2,988 万美元。
 
 https://www.techflowpost.com/newsletter/detail_106567.html
2025-11-28 20:30:28,918 - INFO - --------------------------------------------------
2025-11-28 20:30:28,960 - INFO - Channel: -1001735732363
2025-11-28 20:30:28,960 - INFO - Time: 2025-11-26T01:44:48+00:00
2025-11-28 20:30:28,960 - INFO - Content: **美国财长贝森特抨击美联储的利率管理机制：举步维艰，需要简化**

深潮 TechFlow 消息，11 月 26 日，据金十数据报道，美国财政部长贝森特周二表示，美联储的利率管理机制举步维艰，需要简化。贝森特说："我们已经到了货币政策变得非常复杂的地步"，美联储应该"化繁为简"。"美联储将我们带入了一个新的体制，也就是所谓的充裕储备体制。从储备是否充裕的角度看，这种机制似乎正在松动，"贝森特说。贝森特没有说明他所说的"松动"是什么意思。贝森特一直是美联储的批评者，他对美联储庞大的资产负债表表示了特别的担忧。贝森特和其他一些人，包括美联储的一些人，认为庞大的资产负债表扭曲了市场定价水平。此外美联储管理利率的复杂方式也令人担忧，这种方式依赖于流动性工具，摒弃了近20年前金融危机爆发前使用的高度管理系统。
 
 https://www.techflowpost.com/newsletter/detail_106566.html
2025-11-28 20:30:28,960 - INFO - --------------------------------------------------
2025-11-28 20:30:29,137 - INFO - Channel: -1001735732363
2025-11-28 20:30:29,137 - INFO - Time: 2025-11-26T01:42:14+00:00
2025-11-28 20:30:29,137 - INFO - Content: **某用户因签署恶意 Permit 签名损失 23.39 万美元 aEthWBTC**

深潮 TechFlow 消息，11 月 26 日，据 Scam Sniffer 监测，某用户因签署恶意 "permit" 签名损失 233,913 美元的 aEthWBTC 代币。
 
 https://www.techflowpost.com/newsletter/detail_106565.html
2025-11-28 20:30:29,137 - INFO - --------------------------------------------------
2025-11-28 20:30:29,339 - INFO - Channel: -1001735732363
2025-11-28 20:30:29,339 - INFO - Time: 2025-11-26T01:41:32+00:00
2025-11-28 20:30:29,339 - INFO - Content: **现货黄金站上4150美元/盎司，日内涨0.46%**

深潮 TechFlow 消息，11 月 26 日，据金十数据报道，现货黄金站上4150美元/盎司，日内涨0.46%。
 
 https://www.techflowpost.com/newsletter/detail_106564.html
2025-11-28 20:30:29,339 - INFO - --------------------------------------------------
2025-11-28 20:30:29,369 - INFO - Channel: -1001735732363
2025-11-28 20:30:29,369 - INFO - Time: 2025-11-26T01:40:22+00:00
2025-11-28 20:30:29,369 - INFO - Content: **BTC 突破 88,000 美元，24 小时涨幅 0.05 %**

深潮 TechFlow 消息，11 月 26 日，据 HTX 行情数据显示，BTC 突破 88,000 美元，现报 88,000.00 美元，24 小时涨幅 0.05 %。
 
 https://www.techflowpost.com/newsletter/detail_106563.html
2025-11-28 20:30:29,369 - INFO - --------------------------------------------------
2025-11-28 20:30:29,399 - INFO - Channel: -1001735732363
2025-11-28 20:30:29,399 - INFO - Time: 2025-11-26T01:35:26+00:00
2025-11-28 20:30:29,399 - INFO - Content: **摩根大通关闭 ShapeShift 员工商业账户，并通知个人账户也将被关闭**

深潮 TechFlow 消息，11 月 26 日，据 The Block 报道，摩根大通突然关闭了去中心化交易平台 ShapeShift 营销和协议关系负责人 Houston Morgan 的商业银行账户，并通知其个人账户也将在本周关闭。

Morgan 表示，上周五他在毫无预警的情况下收到摩根大通的短信，称需要更多信息且账户面临关闭风险。随后他无法登录任何账户。摩根大通代表告诉他，银行正在"终止业务关系"以"保护摩根大通金融机构"，但未提供具体原因或申诉机会。

此前，比特币闪电网络支付公司 Strike 首席执行官 Jack Mallers 也遭遇摩根大通关闭账户，引发了美国加密货币行业"去银行化"的担忧。
 
 https://www.techflowpost.com/newsletter/detail_106562.html
2025-11-28 20:30:29,399 - INFO - --------------------------------------------------
2025-11-28 20:30:29,516 - INFO - Channel: -1001735732363
2025-11-28 20:30:29,516 - INFO - Time: 2025-11-26T01:28:02+00:00
2025-11-28 20:30:29,516 - INFO - Content: **Huma Finance 宣布第二季空投查询已上线**

深潮 TechFlow 消息，11 月 26 日，据官方公告，Huma Finance 宣布其第二季空投查询已上线。
 
 https://www.techflowpost.com/newsletter/detail_106561.html
2025-11-28 20:30:29,516 - INFO - --------------------------------------------------
2025-11-28 20:30:29,620 - INFO - Channel: -1001735732363
2025-11-28 20:30:29,620 - INFO - Time: 2025-11-26T01:24:08+00:00
2025-11-28 20:30:29,620 - INFO - Content: **时代杂志宣布与 Galactic 合作推出预测市场平台**

深潮 TechFlow 消息，11 月 25 日，据 Globenewswire 报道，时代杂志宣布与 Galactic 合作推出预测市场平台 Predictor.io,计划于 2026 年初正式上线。

Predictor.io 平台将新闻、文化和实时事件转化为互动式、数据驱动的体验。用户可以参与动态内容预测，并通过 AI 驱动的交互体验探索和预测未来事件。该平台将独立于 时代杂志新闻编辑部运营。
 
 https://www.techflowpost.com/newsletter/detail_106560.html
2025-11-28 20:30:29,620 - INFO - --------------------------------------------------
2025-11-28 20:30:29,738 - INFO - Channel: -1001735732363
2025-11-28 20:30:29,738 - INFO - Time: 2025-11-26T01:17:43+00:00
2025-11-28 20:30:29,738 - INFO - Content: 📰 11月26日 加密早报

美国公布重要经济数据

特朗普称将于明年4月访华

SEC投资者咨询委员会将于12月4日召开会议讨论公司治理及股权代币化

Bitwise：DOGE ETF 即将推出，交易代码为 BWOW

Pump.fun 联创否认“公司套现 4 亿美元”，称资金转移为公司资金管理操作

Berachain 联创回应“ Nova Digital拥有退款权”：消息不完整且不准确，Nova 仍是代币最大持有者之一

MegaETH：不再推进 10 亿美元上限计划，将允许用户加入撤回资金功能

Polymarket获CFTC批准修订指定令，可向美国用户提供经纪接入

SanDisk 将于周五加入标普 500 指数，Strategy 落选

Paxos宣布收购纽约加密钱包初创公司Fordefi，交易金额超过1亿美元

MetaPlanet 获 1.3 亿美元比特币抵押贷款，累计使用额度达 2.3 亿美元

推荐阅读

连大空头也开了付费群
https://www.techflowpost.com/article/detail_29284.html

Grass 持币者会议结束，哪些信息藏着财富密码？
https://www.techflowpost.com/article/detail_29275.html

速览 ETHGlobal 布宜诺斯艾利斯黑客松十个获胜项目
https://www.techflowpost.com/article/detail_29271.html

解读白宫最新“创世纪计划”：用 AI 重塑美国科研体系
https://www.techflowpost.com/article/detail_29286.html

如何度过比特币寒冬？投资策略、建议和底部判断
https://www.techflowpost.com/article/detail_29278.html
2025-11-28 20:30:29,738 - INFO - --------------------------------------------------
2025-11-28 20:30:29,915 - INFO - Channel: -1001735732363
2025-11-28 20:30:29,915 - INFO - Time: 2025-11-26T01:10:33+00:00
2025-11-28 20:30:29,915 - INFO - Content: **OpenAI 首席执行官 Sam Altman 的前男友遭遇抢劫，损失 1100 万美元加密货币 ** 

深潮 TechFlow 消息，11 月 26 日，据 New York Post 报道，ChatGPT 母公司 OpenAI 首席执行官 Sam Altman 的前男友、风险投资家 Lachy Groom 的住所在旧金山遭遇一起价值 1100 万美元的加密货币抢劫案。

据警方消息，11 月 23 日晚，一名武装劫匪伪装成快递员，携带白色包裹按响了位于 Dorland Street 价值 440 万美元住宅的门铃。嫌疑人声称为住户 Joshua 送包裹，在受害者开门后跟随其进入室内，随后掏出枪支并用胶带将其绑住。

劫匪在约 90 分钟内清空了受害者的以太坊和比特币钱包，并盗走其手机和笔记本电脑。警方于晚上 6 点 45 分到达现场，发现受害者受轻伤。

31 岁的 Groom 是知名风险投资家，曾被誉为澳大利亚创业神童。该案件被认为是有组织犯罪集团的定向袭击。目前尚未有人被捕，调查仍在进行中。
 
 https://www.techflowpost.com/newsletter/detail_106559.html
2025-11-28 20:30:29,915 - INFO - --------------------------------------------------
2025-11-28 20:30:30,433 - INFO - Channel: -1001735732363
2025-11-28 20:30:30,433 - INFO - Time: 2025-11-26T01:07:47+00:00
2025-11-28 20:30:30,433 - INFO - Content: **蚂蚁集团旗下钱包 TopNod 支持以太坊上的 Ondo 代币化股票和 ETF**

深潮 TechFlow 消息，11 月 26 日，根据 Ondo 官方消息，蚂蚁集团旗下自主托管钱包 TopNod 现在支持以太坊上的 Ondo 代币化股票和 ETF，帮助全球用户将传统资产上链。

据悉，TopNod 是一款自托管钱包，旨在让数百万用户轻松、安全、便捷地管理数字资产。
 
 https://www.techflowpost.com/newsletter/detail_106558.html
2025-11-28 20:30:30,433 - INFO - --------------------------------------------------
2025-11-28 20:30:30,479 - INFO - Channel: -1001735732363
2025-11-28 20:30:30,479 - INFO - Time: 2025-11-26T01:05:26+00:00
2025-11-28 20:30:30,479 - INFO - Content: **“以太坊 ICO 远古巨鲸”时隔八个月疑似再次抛售 2 万枚 ETH，价值 5814 万美元**

深潮 TechFlow 消息，11 月 26 日，据链上分析师 Ai 姨（@ai_9684xtpa）监测，以太坊 ICO 25.49 万枚代币的远古巨鲸疑似抛售 2 万枚 ETH，价值 5814 万美元。该巨鲸已将 2 万枚 ETH 充值进 FalcoinX 交易所，充值价格为 2906.79 美元，成本低至 0.31 美元。

这是该巨鲸时隔八个月后再次向交易所转移代币，上一次转移时币价仅为 1452.04 美元。目前该巨鲸在链上仍持有 3070 枚 ETH，价值 907 万美元。
 
 https://www.techflowpost.com/newsletter/detail_106557.html
2025-11-28 20:30:30,479 - INFO - --------------------------------------------------
2025-11-28 20:30:30,573 - INFO - Channel: -1001735732363
2025-11-28 20:30:30,573 - INFO - Time: 2025-11-26T01:04:07+00:00
2025-11-28 20:30:30,573 - INFO - Content: **美 CFTC 代理主席 Pham 正寻求首席执行官加入新成立的创新委员会**

深潮 TechFlow 消息，11 月 26 日，据 Theblock 报道，美国商品期货交易委员会（CFTC）代理主席 Caroline Pham 正在寻求首席执行官加入新成立的 CEO 创新委员会，以加强该机构在扩大数字资产监管方面的努力。

Pham 周二宣布正在征集委员会提名，提交截止日期为 12 月 8 日。随着众议院和参议院的法案将赋予 CFTC 对数字资产更广泛的监管权限，该机构有望在加密货币监管中发挥更大作用。

在此期间，CFTC 已启动"加密货币冲刺"计划，专注于澄清加密货币规则，并将目光投向即将推出的现货交易产品，包括杠杆产品。

Pham 在声明中表示："为了快速启动，CFTC 在专业行业领袖和构建未来的远见者支持下推动公众参与至关重要。这就是为什么我今天呼吁 CEO 们加入我们，共同塑造负责任的监管。"
 
 https://www.techflowpost.com/newsletter/detail_106556.html
2025-11-28 20:30:30,573 - INFO - --------------------------------------------------
2025-11-28 20:30:30,701 - INFO - Channel: -1001735732363
2025-11-28 20:30:30,701 - INFO - Time: 2025-11-26T00:45:57+00:00
2025-11-28 20:30:30,701 - INFO - Content: **“美联储传声筒”：美联储最青睐的通胀指标或将基本持平**

深潮 TechFlow 消息，11 月 26 日，据金十数据报道，由《华尔街日报》记者、素有“美联储传声筒”之称的Nick Timiraos参与撰写的报道指出，根据美国劳工部周二发布的数据，尽管9月份能源和食品成本上涨推高了批发价格，但部分计入美联储首选通胀指标的项目可能使该指标与近几个月水平基本持平。

继8月环比下降0.1%后，9月生产者物价指数（PPI）环比上涨0.3%，与经济学家预期一致。PPI数据通常比消费者在商店和网上看到的物价波动更大。

剔除食品和能源后，核心PPI涨幅低于预期，同比上涨2.6%，为2024年7月以来的最温和涨幅。

由于政府停摆导致数据发布延迟，此次PPI数据的发布时间比原计划晚了一个多月。在僵局结束两周后，联邦统计机构仍在全力补报数据。

美国商务部周一表示，官方PCE通胀报告定于12月5日（下周五）发布。尽管美联储12月9日至10日召开会议时，9月通胀数据已滞后近三个月，但这仍将是政策制定者权衡利率走向时可获取的最新官方通胀数据。

美国劳工部表示，部分经济数据（如上月失业率和消费者通胀数据）无法追溯编制，因为这些数据依赖同期调查。10月就业增长数据将于下月发布，但发布时间在美联储会议之后。

目前来看，美联储12月会议料将充满争议。官员们在两个选项间存在分歧：一是连续第三次降息25个基点，为疲软的劳动力市场提供缓冲；二是维持利率不变，以更有力地应对顽固的通胀。
 
 https://www.techflowpost.com/newsletter/detail_106555.html
2025-11-28 20:30:30,701 - INFO - --------------------------------------------------
2025-11-28 20:30:30,991 - INFO - Channel: -1001735732363
2025-11-28 20:30:30,992 - INFO - Time: 2025-11-26T00:31:49+00:00
2025-11-28 20:30:30,992 - INFO - Content: **韩国一男子因运营虚假股票交易平台并用加密货币洗钱 290 万美元被判 8 年**

深潮 TechFlow 消息，11 月 26 日，据 Dlnews 报道，韩国光州地方法院刑事部对一起虚假证券交易平台案件进行宣判。一名 43 岁男子因运营虚假股票交易平台并使用加密货币洗钱被判处 8 年有期徒刑。

该男子通过盗用知名证券公司的标识和数据创建虚假平台，欺骗了 116 名受害者，诈骗金额达 420 万美元。法院认定，该男子与三名同伙将其中 290 万美元通过加密货币进行洗钱，涉及企业银行账户和私人钱包的多笔交易。三名同伙分别被判处 3 年、2 年 10 个月和 2 年 6 个月有期徒刑。

主审法官 Kim Young-gyu 表示："洗钱是这一犯罪计划的关键要素，被告在洗钱过程中发挥了关键和主导作用，责任重大，需要严厉惩罚。"该虚假平台于 2024 年 6 月上线，同年 10 月被警方关闭。
 
 https://www.techflowpost.com/newsletter/detail_106554.html
2025-11-28 20:30:30,992 - INFO - --------------------------------------------------
2025-11-28 20:30:31,265 - INFO - Channel: -1001735732363
2025-11-28 20:30:31,265 - INFO - Time: 2025-11-26T00:28:24+00:00
2025-11-28 20:30:31,265 - INFO - Content: **某鲸鱼向 HyperLiquid 存入 530 万 USDC 并开设 20 倍杠杆 BTC 空单**

深潮 TechFlow 消息，11 月 26 日，据 Onchain Lens（@OnchainLens）监测，某鲸鱼向 HyperLiquid 存入 530 万 USDC，并开设 20 倍杠杆的 BTC 空头仓位。
 
 https://www.techflowpost.com/newsletter/detail_106553.html
2025-11-28 20:30:31,265 - INFO - --------------------------------------------------
2025-11-28 20:30:31,467 - INFO - Channel: -1001735732363
2025-11-28 20:30:31,467 - INFO - Time: 2025-11-26T00:25:56+00:00
2025-11-28 20:30:31,467 - INFO - Content: **美国合众银行在 Stellar 链上测试自家稳定币**

深潮 TechFlow 消息，11 月 26 日，据彭博社报道，总部位于明尼阿波利斯的美国合众银行（U.S. Bancorp）正在公共区块链 Stellar 上测试其自有稳定币。该行此前宣布成立数字资产与资金流动部门，CEO Gunjan Kedia 表示，当前重点在加密托管与稳定币支付，但客户对支付需求相对温和。
 
 https://www.techflowpost.com/newsletter/detail_106552.html
2025-11-28 20:30:31,467 - INFO - --------------------------------------------------

Mentioned Currencies:  Bitcoin
Keywords:  [('资金外流', 0.3891), ('加密', 0.3836), ('货币', 0.3352), ('资金', 0.3046), ('行情', 0.2855), ('wintermute', 0.2785), ('万亿美元', 0.2777), ('市场', 0.2768), ('投资', 0.2448), ('杠杆', 0.181)]
Mentioned Currencies:  
Keywords:  [('alpha', 0.5104), ('port3', 0.4962), ('上线', 0.2665), ('官方', 0.2346), ('显示', 0.1417), ('页面', 0.1196), ('binance', 0.0865)]
Mentioned Currencies:  
Keywords:  [('钱包', 0.5756), ('股票交易', 0.5564), ('链上', 0.3759), ('币安', 0.3456), ('官方消息', 0.2251), ('新增', 0.1955), ('上线', 0.1868), ('功能', 0.1827)]
Mentioned Currencies:  
Keywords:  [('warden', 0.4692), ('自筹资金', 0.3831), ('融资', 0.364), ('贡献者', 0.3616), ('protocol', 0.3562), ('社区', 0.3455), ('项目', 0.3115), ('创始人', 0.3075), ('josh', 0.2869), ('社交', 0.2418)]
Mentioned Currencies:  
Keywords:  [('虚拟现实', 0.6391), ('平台', 0.5028), ('企业应用', 0.4988), ('技术', 0.4671), ('人工智能', 0.4377), ('直播', 0.3985), ('实施方案', 0.3914), ('电商', 0.377), ('业态', 0.376), ('企业', 0.3726)]
Mentioned Currencies:  Bitcoin
Keywords:  [('2026', 0.5914), ('2025', 0.5487), ('coinbase', 0.4225), ('加密', 0.3662), ('预测', 0.3188), ('周期', 0.2723), ('市场', 0.269), ('货币', 0.2639), ('五大', 0.2533), ('熬过', 0.2293)]
Mentioned Currencies:  
Keywords:  [('主网', 0.3397), ('fastlane', 0.3226), ('tvl', 0.3088), ('亿美元', 0.2989), ('网至', 0.2658), ('流动性', 0.2268), ('小时', 0.2152), ('进展', 0.1947), ('技术细节', 0.1857), ('时间', 0.183)]
Mentioned Currencies:  
Keywords:  [('越南', 0.5894), ('金融中心', 0.4374), ('协议', 0.4271), ('签署', 0.3855), ('中小企业', 0.3643), ('财政厅', 0.3566), ('企业', 0.3261), ('国际', 0.3195), ('备忘录', 0.3078), ('机构', 0.3035)]
Mentioned Currencies:  
Keywords:  [('vip3', 0.5582), ('vip', 0.4975), ('报名', 0.3852), ('奖池', 0.3714), ('登记', 0.351), ('解锁', 0.3219), ('用户', 0.2848), ('合约', 0.2754), ('000usdt', 0.2671), ('交易', 0.2567)]
Mentioned Currencies:  Bitcoin
Keywords:  [('货币政策', 0.595), ('利率', 0.5346), ('国债', 0.4639), ('美联储', 0.4401), ('财政赤字', 0.4265), ('期货', 0.4209), ('定价', 0.4141), ('市场', 0.3875), ('财政', 0.3768), ('概率', 0.3767)]
Mentioned Currencies:  Ethena
Keywords:  [('ena', 0.4536), ('ethena', 0.4524), ('cex', 0.3976), ('钱包', 0.3651), ('交易所', 0.3317), ('coinbase', 0.3082), ('代币', 0.2929), ('亿枚', 0.2834), ('总价值', 0.2532), ('万美元', 0.2516)]
Mentioned Currencies:  
Keywords:  [('提前结束', 0.4002), ('提前', 0.3757), ('公布', 0.3684), ('期货', 0.3649), ('天然气', 0.3591), ('市场', 0.3436), ('石油', 0.3343), ('明日', 0.3318), ('数据', 0.3214), ('库存', 0.2985)]
Mentioned Currencies:  
Keywords:  [('上涨', 0.4977), ('金价', 0.4885), ('美元', 0.4713), ('收益率', 0.4361), ('增加', 0.4309), ('美联储', 0.397), ('黄金', 0.3847), ('市场', 0.3763), ('高点', 0.3561), ('公开市场', 0.3545)]
Mentioned Currencies:  
Keywords:  [('美元', 0.513), ('涨幅', 0.4714), ('行情', 0.4382), ('短时', 0.3251), ('htx', 0.245), ('数据', 0.2193), ('现报', 0.1932), ('日内', 0.1733), ('突破', 0.1553), ('显示', 0.1092)]
Mentioned Currencies:  
Keywords:  [('upbit', 0.6442), ('韩元', 0.3452), ('交易', 0.2911), ('官方', 0.2128), ('公告', 0.2026), ('上线', 0.1769), ('plume', 0.0563)]
Mentioned Currencies:  
Keywords:  [('银行', 0.4365), ('kwon', 0.3836), ('金融', 0.367), ('开发阶段', 0.3668), ('财务', 0.3607), ('韩元', 0.353), ('开发人员', 0.3498), ('项目', 0.3363), ('资产', 0.3315), ('韩国', 0.3307)]
Mentioned Currencies:  
Keywords:  [('web3', 0.6023), ('techflowpost', 0.4296), ('google', 0.3435), ('问卷', 0.338), ('加密', 0.3021), ('匿名', 0.2838), ('职场', 0.2766), ('从业者', 0.2426), ('职业', 0.2416), ('企业', 0.2409)]
Mentioned Currencies:  Polygon (prev.MATIC)
Keywords:  [('交易所', 0.4388), ('sandeep', 0.4122), ('交易', 0.4118), ('代币', 0.4041), ('菲律宾', 0.3656), ('讨论', 0.362), ('目前', 0.3494), ('pol', 0.349), ('发文', 0.3431), ('matic', 0.3423)]
Mentioned Currencies:  Dogecoin
Keywords:  [('费率', 0.5107), ('doge', 0.5086), ('dogecoin', 0.4983), ('基金', 0.4512), ('管理费', 0.4454), ('亿美元', 0.431), ('美元', 0.4272), ('狗狗', 0.3902), ('资产', 0.3727), ('asset', 0.3718)]
Mentioned Currencies:  MemeCore,Chainlink
Keywords:  [('2030', 0.4928), ('采用率', 0.4582), ('defi', 0.3345), ('可靠性', 0.3212), ('高效', 0.3196), ('资金投入', 0.3118), ('全球', 0.2883), ('监管', 0.2818), ('nazarov', 0.2676), ('chainlink', 0.2595)]
Mentioned Currencies:  Bitcoin
Keywords:  [('亿美元', 0.496), ('市值', 0.423), ('资金', 0.3493), ('净利润', 0.3393), ('矿款', 0.3295), ('总收入', 0.3068), ('cleanspark', 0.3055), ('现金', 0.2976), ('万美元', 0.2798), ('价值', 0.2691)]
Mentioned Currencies:  
Keywords:  [('经济学家', 0.4176), ('风险', 0.3963), ('泡沫', 0.3795), ('不确定性', 0.3739), ('2026', 0.3691), ('危机', 0.356), ('市盈率', 0.3239), ('互联网', 0.3029), ('经济', 0.3026), ('imf', 0.3021)]
Mentioned Currencies:  Ethereum
Keywords:  [('钱包', 0.499), ('bybit', 0.367), ('万美元', 0.29), ('价值', 0.2826), ('onchain', 0.2733), ('新建', 0.1429), ('提取', 0.1048), ('监测', 0.1047), ('新创建', 0.1033), ('lens', 0.0969)]
Mentioned Currencies:  
Keywords:  [('交易量', 0.5319), ('现货交易', 0.457), ('交易所', 0.4546), ('000usdt', 0.3806), ('充值', 0.3768), ('用户', 0.3677), ('100usdt', 0.3281), ('500u', 0.3141), ('30usdt', 0.3098), ('txc', 0.3087)]
Mentioned Currencies:  Bitcoin
Keywords:  [('跌幅', 0.4702), ('btc', 0.4326), ('跌破', 0.3191), ('美元', 0.2671), ('行情', 0.2458), ('小时', 0.189), ('数据', 0.1588), ('htx', 0.1568), ('显示', 0.0962), ('现报', 0.0802)]
Mentioned Currencies:  Bitcoin
Keywords:  [('成本', 0.3934), ('bitplanet', 0.3891), ('btc', 0.3019), ('收购', 0.2742), ('平均', 0.2156), ('韩国', 0.2156), ('美元', 0.215), ('上市公司', 0.2103), ('万美元', 0.2012), ('公司', 0.1697)]
Mentioned Currencies:  
Keywords:  [('web3', 0.491), ('社交', 0.4667), ('注意力', 0.4176), ('中心化', 0.4162), ('技术', 0.3689), ('三大', 0.3594), ('应用', 0.3561), ('基础', 0.3472), ('加密', 0.3334), ('机制', 0.3196)]
Mentioned Currencies:  
Keywords:  [('亿美元', 0.4605), ('xrp', 0.4557), ('xrpz', 0.4062), ('净资产', 0.3141), ('净值', 0.3099), ('总资产', 0.3095), ('比率', 0.2965), ('万美元', 0.2597), ('单日', 0.2386), ('数据', 0.2377)]
Mentioned Currencies:  Ethereum
Keywords:  [('etf', 0.3404), ('万美元', 0.3301), ('ethe', 0.2807), ('fidelity', 0.2521), ('分析师', 0.2358), ('trader', 0.2308), ('blackrock', 0.2287), ('加密', 0.2104), ('etha', 0.2022), ('grayscale', 0.1747)]
Mentioned Currencies:  Ethereum
Keywords:  [('美元', 0.4252), ('上涨', 0.3247), ('明年', 0.3022), ('lee', 0.2857), ('涨至', 0.2504), ('短期内', 0.2405), ('短期', 0.2086), ('空间', 0.1829), ('tom', 0.1674), ('有望', 0.1595)]
Mentioned Currencies:  Bitcoin
Keywords:  [('价格', 0.501), ('成本价', 0.4941), ('债务', 0.4497), ('可转债', 0.4427), ('比率', 0.3234), ('资产', 0.3184), ('btc', 0.2718), ('万美元', 0.2673), ('跌至', 0.2382), ('平均', 0.2259)]
Mentioned Currencies:  Bitcoin
Keywords:  [('公司股票', 0.4791), ('股票', 0.4713), ('invest', 0.4491), ('ark', 0.4211), ('coinbase', 0.3407), ('markets', 0.293), ('购买', 0.2671), ('货币', 0.2278), ('美元', 0.2222), ('价值', 0.2104)]
Mentioned Currencies:  Ethereum
Keywords:  [('聪明人', 0.4807), ('长文', 0.3803), ('阅读', 0.3762), ('解读', 0.3608), ('思想', 0.3569), ('规则', 0.3486), ('vitalik', 0.3446), ('进化史', 0.3419), ('清迈', 0.3335), ('华尔街', 0.3229)]
Mentioned Currencies:  
Keywords:  [('holdings', 0.4682), ('markets', 0.4126), ('股权', 0.4124), ('市场', 0.4039), ('收购', 0.3935), ('ledgerx', 0.3371), ('susquehanna', 0.3192), ('交易所', 0.2944), ('公司', 0.2884), ('衍生品', 0.2308)]2025-11-28 20:30:31,590 - INFO - Channel: -1001735732363
2025-11-28 20:30:31,590 - INFO - Time: 2025-11-26T00:24:37+00:00
2025-11-28 20:30:31,590 - INFO - Content: **路透调查：标普500指数明年上看7490点，未来三月或现回调**

深潮 TechFlow 消息，11 月 26 日，据金十数据报道，路透社对股市策略师的调查显示，在美国经济保持健康、科技公司表现强劲及美联储维持宽松政策的推动下，标普500指数预计将从当前水平至2026年底上涨约12%。根据11月14日至25日对超过45名策略师、分析师和投资组合经理的调查中值预测，标普500指数将在2026年收于7490点，较当前水平上涨11.7%。若2025年股市收高，这将是该基准指数连续第四年上涨。在回答附加问题的14位受访者中，8位认为标普500在未来三个月出现回调的可能性较大。分析师指出通胀可能回升以及降息前景不确定性是整体乐观预测面临的风险。调查预测道指明年收官于50,566点，较当前上涨超7%，该指数周二收于47,112.45点。
 
 https://www.techflowpost.com/newsletter/detail_106551.html
2025-11-28 20:30:31,590 - INFO - --------------------------------------------------
2025-11-28 20:30:31,725 - INFO - Channel: -1001735732363
2025-11-28 20:30:31,725 - INFO - Time: 2025-11-26T00:21:56+00:00
2025-11-28 20:30:31,725 - INFO - Content: **Multicoin Capital 再次购买 6 万枚 AAVE，价值 1068 万美元**

深潮 TechFlow 消息，11 月 26 日，据链上分析师余烬（@EmberCN）监测，Multicoin Capital 4 小时前再次通过 Galaxy Digital OTC 购买了 6 万枚 AAVE，价值 1068 万美元。

数据显示，一个半月时间内，Multicoin Capital 已累计购买 33.8 万枚 AAVE，总投入 6046 万美元，平均成本为 219 美元。按当前价格计算，该投资组合浮亏 1350 万美元。
 
 https://www.techflowpost.com/newsletter/detail_106550.html
2025-11-28 20:30:31,725 - INFO - --------------------------------------------------
2025-11-28 20:30:31,948 - INFO - Channel: -1001735732363
2025-11-28 20:30:31,948 - INFO - Time: 2025-11-26T00:20:33+00:00
2025-11-28 20:30:31,948 - INFO - Content: **南非央行将加密货币和稳定币列为新兴金融风险**

深潮 TechFlow 消息，11 月 26 日，据彭博社报道，南非储备银行在周二发布的半年度金融稳定性评估报告中警告称，缺乏对加密资产和稳定币的全面监管已成为新兴风险，对该国金融部门构成重大威胁。

该央行指出，由于加密货币具有完全数字化和无国界的特性，可被用于规避南非的外汇管制法律。目前，南非的外汇管制法律尚未涵盖数字资产领域，这为监管带来了挑战。
 
 https://www.techflowpost.com/newsletter/detail_106549.html
2025-11-28 20:30:31,948 - INFO - --------------------------------------------------
2025-11-28 20:30:32,117 - INFO - Channel: -1001735732363
2025-11-28 20:30:32,117 - INFO - Time: 2025-11-26T00:18:06+00:00
2025-11-28 20:30:32,117 - INFO - Content: **美国德克萨斯州宣布已配置 500 万美元比特币 ETF**

深潮 TechFlow 消息，11 月 26 日，据 CoinDesk 报道，德克萨斯州已购买 500 万美元的 BlackRock 比特币交易所交易基金（ETF）。德克萨斯州财政部发言人表示，该州正在建立正式的比特币储备，目前已购买 BlackRock 的 iShares Bitcoin Trust（IBIT）作为临时措施，同时继续寻找托管合作伙伴。德克萨斯州此前已通过立法拨款 1000 万美元用于建立比特币储备，并于上月完成了行业信息收集。
 
 https://www.techflowpost.com/newsletter/detail_106548.html
2025-11-28 20:30:32,117 - INFO - --------------------------------------------------
2025-11-28 20:30:32,391 - INFO - Channel: -1001735732363
2025-11-28 20:30:32,391 - INFO - Time: 2025-11-26T00:13:20+00:00
2025-11-28 20:30:32,391 - INFO - Content: **某巨鲸结束 3 个月沉寂，斥资 325 万美元抄底以太坊**

深潮 TechFlow 消息，11 月 26 日，据 Onchain Lens 监测，某巨鲸在沉寂 3 个月后重新入场，使用 325 万美元 DAI 购买了 1,110 枚 ETH，平均价格为 2,933 美元。

该巨鲸此前曾在 ETH 价格 4,270 美元时出售 15,575 枚 ETH，获得 6,652 万美元收益。目前该地址仍持有 6,780 万美元 DAI，具备继续购买 ETH 的资金实力。
 
 https://www.techflowpost.com/newsletter/detail_106547.html
2025-11-28 20:30:32,391 - INFO - --------------------------------------------------
2025-11-28 20:30:32,474 - INFO - Channel: -1001735732363
2025-11-28 20:30:32,475 - INFO - Time: 2025-11-26T00:08:31+00:00
2025-11-28 20:30:32,475 - INFO - Content: **MegaETH：不再推进 10 亿美元上限计划，将允许用户加入撤回资金功能**

深潮 TechFlow 消息，11 月 26 日，据官方公告，MegaETH 宣布：“在整个过程中我们遇到了意外问题，因此不再推进 10 亿美元上限计划。团队将很快分享一次事件回顾。同时，我们也会加入允许用户撤回资金的功能，以便不再希望参与的用户操作。”

此前消息，MegaETH 2.5 亿美元预存款活动完成后，MegaETH 于昨晚宣布将上限提高到 10 亿美元。
 https://www.techflowpost.com/newsletter/detail_106546.html
2025-11-28 20:30:32,475 - INFO - --------------------------------------------------
2025-11-28 20:30:32,573 - INFO - Channel: -1001735732363
2025-11-28 20:30:32,573 - INFO - Time: 2025-11-26T00:04:18+00:00
2025-11-28 20:30:32,573 - INFO - Content: **Arthur Hayes 今日凌晨购入 10.5 万枚 PENDLE 代币，价值 26.05 万美元**

深潮 TechFlow 消息，11 月 26 日，据 Onchain Lens 监测，BitMEX 联合创始人 Arthur Hayes 今日凌晨从做市商 Flowdesk 购入 10.5 万枚 PENDLE 代币，价值 26.05 万美元。

此前一天，Hayes 向 Kraken、Wintermute、Cumberland 和 Flowdesk 等平台存入 304 万美元 USDC，疑似为再次购买资产做准备。
 
 https://www.techflowpost.com/newsletter/detail_106545.html
2025-11-28 20:30:32,573 - INFO - --------------------------------------------------
2025-11-28 20:30:32,636 - INFO - Channel: -1001735732363
2025-11-28 20:30:32,637 - INFO - Time: 2025-11-26T00:01:50+00:00
2025-11-28 20:30:32,637 - INFO - Content: **今日恐慌与贪婪指数降至 15，仍处于「极度恐慌状态」**

深潮 TechFlow 消息，11 月 26 日，据 Alternative.me 数据，今日加密货币恐慌与贪婪指数降至 15（昨日该指数为 20），表明市场仍处于「极度恐慌状态」。
 
 https://www.techflowpost.com/newsletter/detail_106544.html
2025-11-28 20:30:32,637 - INFO - --------------------------------------------------
2025-11-28 20:30:32,687 - INFO - Channel: -1001735732363
2025-11-28 20:30:32,687 - INFO - Time: 2025-11-26T00:00:28+00:00
2025-11-28 20:30:32,687 - INFO - Content: **今日CME“美联储观察”数据：12月降息25个基点的概率为84.9%**

深潮 TechFlow 消息，11 月 26 日，据金十数据报道，今日CME“美联储观察”数据显示：美联储12月降息25个基点的概率为84.9%，维持利率不变的概率为15.1%。美联储到明年1月累计降息25个基点的概率为66.4%，维持利率不变的概率为11.1%，累计降息50个基点的概率为22.6%。
 
 https://www.techflowpost.com/newsletter/detail_106543.html
2025-11-28 20:30:32,687 - INFO - --------------------------------------------------
2025-11-28 20:30:32,735 - INFO - Channel: -1001735732363
2025-11-28 20:30:32,736 - INFO - Time: 2025-11-25T23:58:28+00:00
2025-11-28 20:30:32,736 - INFO - Content: **知情人士：美联储主席遴选工作接近尾声，哈塞特成为首选**

深潮 TechFlow 消息，11 月 26 日，据金十数据报道，据知情人士透露，随着新任美联储主席的遴选工作进入最后几周，白宫国家经济委员会主任凯文·哈塞特在特朗普总统的顾问和盟友眼中，是下任联储主席的最热门人选。

知情人士表示，如果由哈塞特出任，特朗普将能够在美联储安插一位他熟悉且信任的亲密盟友。部分人士还称，哈塞特被视为能够把特朗普的降息理念带入美联储的人，而这正是特朗普长期以来希望掌控的方向。不过，他们也指出，特朗普向来以出人意料的人事与政策决定闻名，因此在正式公布之前，一切都还难定论。

哈塞特被认为在经济观点上与特朗普高度一致，包括认为利率需要下调。他在11月20日接受福克斯新闻采访时表示，如果自己是美联储主席，“现在就会降息”，因为“数据表明我们应该这么做”。
 
 https://www.techflowpost.com/newsletter/detail_106542.html
2025-11-28 20:30:32,736 - INFO - --------------------------------------------------
2025-11-28 20:30:32,891 - INFO - Channel: -1001735732363
2025-11-28 20:30:32,891 - INFO - Time: 2025-11-25T23:56:42+00:00
2025-11-28 20:30:32,892 - INFO - Content: **Coinbase 今日凌晨已上线 Irys (IRYS) 现货交易**

深潮 TechFlow 消息，11 月 26 日，Coinbase 今日凌晨发布公告称，已上线Irys (IRYS)现货交易，Irys (IRYS) 现已在coinbase.com和Coinbase App上线。Coinbase用户可以登录进行Irys资产的买卖、兑换、发送、接收或存储等操作。
 
 https://www.techflowpost.com/newsletter/detail_106541.html
2025-11-28 20:30:32,892 - INFO - --------------------------------------------------
2025-11-28 20:30:32,995 - INFO - Channel: -1001735732363
2025-11-28 20:30:32,995 - INFO - Time: 2025-11-25T16:06:34+00:00
2025-11-28 20:30:32,995 - INFO - Content: **Monad链上Meme币交易活跃，市值前五成交额均破百万**

深潮 TechFlow 消息，11 月 26 日，据 GMGN 监测显示，Monad 链上 Meme 币交易活跃，市值前五 Meme 24 小时成交额均突破 100 万美元。其中市值排名前三位 Meme 分别为：

NADS：市值 206 万美元，24 小时上涨 4762%;

HOGDOG：市值 90 万美元，24 小时上涨 1718%；

ANAGO：市值暂报 70 万美元，24 小时上涨 274%；
 
 https://www.techflowpost.com/newsletter/detail_106540.html
2025-11-28 20:30:32,995 - INFO - --------------------------------------------------
2025-11-28 20:30:33,072 - INFO - Channel: -1001735732363
2025-11-28 20:30:33,072 - INFO - Time: 2025-11-25T16:02:54+00:00
2025-11-28 20:30:33,072 - INFO - Content: **Polymarket获CFTC批准修订指定令，可向美国用户提供经纪接入**

深潮 TechFlow 消息，11 月 26 日，据PR Newswire报道，去中心化预测市场Polymarket已获美国商品期货交易委员会(CFTC)批准修订后的指定令(Order of Designation)，允许其通过中介模式向美国境内用户提供合规市场接入。
 
 https://www.techflowpost.com/newsletter/detail_106539.html
2025-11-28 20:30:33,072 - INFO - --------------------------------------------------
2025-11-28 20:30:33,133 - INFO - Channel: -1001735732363
2025-11-28 20:30:33,133 - INFO - Time: 2025-11-25T15:57:52+00:00
2025-11-28 20:30:33,133 - INFO - Content: **今日加密货币市值前100代币涨跌： KAS 涨 22.61%，ZEC 跌 11.37%**

深潮 TechFlow 消息，11 月 25 日，据 Coinmarketcap 数据，今日加密货币市值前 100 代币表现如下，

涨幅前五：

Kaspa (KAS) 涨 22.61%，现价 0.05043 美元；

Story IP (IP) 涨 18.52%，现价 2.77 美元；

Ethena (ENA) 涨 12.85%，现价 0.2781 美元；

Quant (QNT) 涨 11.17%，现价 86.67 美元；

SPX6900 (SPX) 涨 7.68%，现价 0.5737 美元。

跌幅前五：

Zcash (ZEC) 跌 11.37%，现价 500.69 美元；

Dash (DASH) 跌 5.84%，现价 55.32 美元；

Bitcoin Cash (BCH) 跌 5.18%，现价 522.44 美元；

Telcoin (TEL) 跌 5.02%，现价 0.005124 美元；

NEAR Protocol (NEAR) 跌 4.11%，现价 1.85 美元。
 
 https://www.techflowpost.com/newsletter/detail_106538.html
2025-11-28 20:30:33,133 - INFO - --------------------------------------------------
2025-11-28 20:30:33,218 - INFO - Channel: -1001735732363
2025-11-28 20:30:33,218 - INFO - Time: 2025-11-25T15:51:12+00:00
2025-11-28 20:30:33,218 - INFO - Content: **某巨鲸平仓ZEC多头仓位，获利300万美元**

深潮 TechFlow 消息，11 月 25 日，据链上分析平台 Lookonchain（@lookonchain）监测，某巨鲸平仓ZEC多头仓位，获利300万美元。他还增持了 HYPE 和 MON 的多头头寸：

• 500,406 枚 HYPE （1620 万美元）

• 1.2557 亿枚 MON （514 万美元）
 
 https://www.techflowpost.com/newsletter/detail_106537.html
2025-11-28 20:30:33,218 - INFO - --------------------------------------------------
2025-11-28 20:30:33,266 - INFO - Channel: -1001735732363
2025-11-28 20:30:33,267 - INFO - Time: 2025-11-25T15:40:55+00:00
2025-11-28 20:30:33,267 - INFO - Content: **SharpLink：上周获得443枚ETH质押奖励，迄今质押奖励总额7846枚ETH**

深潮 TechFlow 消息，11 月 25 日，以太坊财库公司SharpLink在X平台发文表示，上周获得443枚ETH质押奖励，自2025年6月2日推出质押策略以来，迄今获得的质押奖励总额已达到7846枚ETH。
 
 https://www.techflowpost.com/newsletter/detail_106536.html
2025-11-28 20:30:33,267 - INFO - --------------------------------------------------
2025-11-28 20:30:33,315 - INFO - Channel: -1001735732363
2025-11-28 20:30:33,315 - INFO - Time: 2025-11-25T15:21:23+00:00
2025-11-28 20:30:33,315 - INFO - Content: **市场短时走低“刺激”麻吉大哥补仓ETH和HYPE多单，现仓位价值超1630万美元**

深潮 TechFlow 消息，11 月 25 日，据链上数据监测，市场短时走低“刺激”麻吉大哥再次补仓其ETH和HYPE多单，现仓位价值约1633.9万美元，目前其25倍杠杆以太坊多单仓位为4650枚ETH，清算价2758.7美元，处于浮盈状态；10倍杠杆HYPE多单仓位增至90888.88枚HYPE，清算价25.3825美元，处于浮亏状态。
 
 https://www.techflowpost.com/newsletter/detail_106535.html
2025-11-28 20:30:33,315 - INFO - --------------------------------------------------
2025-11-28 20:30:33,374 - INFO - Channel: -1001735732363
2025-11-28 20:30:33,374 - INFO - Time: 2025-11-25T15:17:38+00:00
2025-11-28 20:30:33,374 - INFO - Content: **Coinbase将于11月26日上线Aster永续期货交易**

深潮 TechFlow 消息，11 月 25 日，Coinbase Markets宣布将于2025年11月26日UTC时间9:20或之后上线Aster ($ASTER) 永续期货交易，具体取决于流动性条件是否满足。该交易将在支持的地区开放，零售交易者可通过Coinbase Advanced访问，机构投资者则可通过Coinbase International Exchange直接交易。
 
 https://www.techflowpost.com/newsletter/detail_106534.html
2025-11-28 20:30:33,374 - INFO - --------------------------------------------------
2025-11-28 20:30:33,435 - INFO - Channel: -1001735732363
2025-11-28 20:30:33,435 - INFO - Time: 2025-11-25T15:14:54+00:00
2025-11-28 20:30:33,435 - INFO - Content: **过去 24 小时全网爆仓 3.95 亿美元，主爆空单**

深潮 TechFlow 消息，11 月 25 日，据 Coinglass 数据，过去 24 小时内加密货币市场总爆仓金额达 3.95 亿美元，其中，多单爆仓 1.40 亿美元，空单爆仓 2.55 亿美元。全球共有 115,051 人被爆仓，最大单笔爆仓单发生在 Hyperliquid - BTC-USD 价值 861.62万美元。
 
 https://www.techflowpost.com/newsletter/detail_106533.html
2025-11-28 20:30:33,435 - INFO - --------------------------------------------------
2025-11-28 20:30:33,492 - INFO - Channel: -1001735732363
2025-11-28 20:30:33,492 - INFO - Time: 2025-11-25T15:12:42+00:00
2025-11-28 20:30:33,492 - INFO - Content: **英伟达(NVDA.O)大跌6%，创七个多月来最大单日盘中跌幅**

深潮 TechFlow 消息，11 月 25 日，据金十数据报道，英伟达(NVDA.O)大跌6%，创七个多月来最大单日盘中跌幅。
 
 https://www.techflowpost.com/newsletter/detail_106532.html
2025-11-28 20:30:33,492 - INFO - --------------------------------------------------
2025-11-28 20:30:33,547 - INFO - Channel: -1001735732363
2025-11-28 20:30:33,547 - INFO - Time: 2025-11-25T15:05:55+00:00
2025-11-28 20:30:33,547 - INFO - Content: **MoonPay获纽约州监管机构批准提供加密货币托管和场外交易服务**

深潮 TechFlow 消息，11 月 25 日，据加密记者Eleanor Terrett在X平台发文披露，MoonPay已获得纽约州监管机构NYDFS批准有限目的Trust Charter，可以在纽约州提供加密货币托管和场外交易服务，MoonPay此前已获得BitLicense许可，目前同时获得这两个监管许可的还有Coinbase、PayPal、Ripple和NYDIG。
 
 https://www.techflowpost.com/newsletter/detail_106531.html
2025-11-28 20:30:33,547 - INFO - --------------------------------------------------
2025-11-28 20:30:33,610 - INFO - Channel: -1001735732363
2025-11-28 20:30:33,610 - INFO - Time: 2025-11-25T15:00:13+00:00
2025-11-28 20:30:33,610 - INFO - Content: **MegaETH 2.5亿美元公募已完成**

深潮 TechFlow 消息，11 月 25 日，MegaETH 官方公募网站信息显示，2.5 亿美元公募额度已完成。
 
 https://www.techflowpost.com/newsletter/detail_106530.html
2025-11-28 20:30:33,610 - INFO - --------------------------------------------------
2025-11-28 20:30:33,658 - INFO - Channel: -1001735732363
2025-11-28 20:30:33,658 - INFO - Time: 2025-11-25T14:54:32+00:00
2025-11-28 20:30:33,658 - INFO - Content: **韩国最大加密交易所Upbit因违反AML规定被罚2500万美元**

深潮 TechFlow 消息，11 月 25 日，据CoinDesk报道，韩国金融情报部门(FIU)对Upbit运营商Dunamu处以2500万美元罚款，并暂停新客户注册三个月。监管机构发现该交易所存在约530万次客户验证违规行为，且未报告15起可疑交易。Dunama正在考虑上诉，称FIU过去曾有判决被法院推翻的先例。同时，FIU还对Bithumb、Coinone、Korbit和GOPAX等其他韩国交易所进行了合规检查，发现多项违规行为。Upbit承诺加强投资者保护措施，确保为客户提供安全的交易环境。
 
 https://www.techflowpost.com/newsletter/detail_106529.html
2025-11-28 20:30:33,658 - INFO - --------------------------------------------------
2025-11-28 20:30:33,777 - INFO - Channel: -1001735732363
2025-11-28 20:30:33,777 - INFO - Time: 2025-11-25T14:40:49+00:00
2025-11-28 20:30:33,777 - INFO - Content: **稳定币借贷平台CreatorFi完成200万美元战略轮融资**

深潮 TechFlow 消息，11 月 25 日，据PRNewswire报道，稳定币借贷平台CreatorFi宣布完成200万美元战略轮融资，Aptos基金会和Aptos Labs参投并与之达成合作，新资金将支持其加速平台开发，利用Aptos跨链转账协议帮助创作者和企业能够以USDC进行借贷和收款。
 
 https://www.techflowpost.com/newsletter/detail_106528.html
2025-11-28 20:30:33,777 - INFO - --------------------------------------------------
2025-11-28 20:30:33,878 - INFO - Channel: -1001735732363
2025-11-28 20:30:33,878 - INFO - Time: 2025-11-25T14:39:22+00:00
2025-11-28 20:30:33,878 - INFO - Content: **新火科技启动500万美元比特币购买计划，已完成首轮24枚BTC收购**

深潮 TechFlow 消息，11 月 25 日，港股上市公司新火科技（1611.HK）今日发布公告，披露其已启动一项总金额不超过 500 万美元（约港币 3,900 万元）的比特币购买计划。公告显示，截至目前，集团已完成第一阶段购买，共计购入约 24.29 枚比特币，总代价约 200 万美元（约港币 1,560 万元），平均买入价为 82,338 美元。
 
 https://www.techflowpost.com/newsletter/detail_106527.html
2025-11-28 20:30:33,878 - INFO - --------------------------------------------------
2025-11-28 20:30:34,011 - INFO - Channel: -1001735732363
2025-11-28 20:30:34,011 - INFO - Time: 2025-11-25T14:37:07+00:00
2025-11-28 20:30:34,011 - INFO - Content: **美股开盘，加密股普跌**

深潮 TechFlow 消息，11 月 25 日，美股开盘，加密股普跌


 SharpLink Gaming (SBET)：9.720美元，下跌3.57% (-0.360)
 Strategy (MSTR)：174.780美元，下跌2.38% (-4.260)
 Coinbase Global (COIN)：248.910美元，下跌2.76% (-7.060)
 Circle (CRCL)：68.680美元，下跌5.58% (-4.060)
 KULR Technology (KULR)：2.390美元，下跌0.83% (-0.020)
 BTCS (BTCS)：3.049美元，下跌3.51% (-0.111)
 BitMine Immersion (BMNR)：29.840美元，下跌4.05% (-1.260)
 Robinhood Markets (HOOD)：112.660美元，下跌2.01% (-2.310)
 Tron (TRON)：1.865美元，下跌1.32% (-0.025)
 MARA Holdings (MARA)：10.880美元，下跌2.94% (-0.330)
 Riot Platforms (RIOT)：13.560美元，下跌2.31% (-0.320)
 Hut 8 (HUT)：37.810美元，下跌3.69% (-1.450)


 
 
 https://www.techflowpost.com/newsletter/detail_106526.html
2025-11-28 20:30:34,011 - INFO - --------------------------------------------------
2025-11-28 20:30:34,087 - INFO - Channel: -1001735732363
2025-11-28 20:30:34,087 - INFO - Time: 2025-11-25T14:31:27+00:00
2025-11-28 20:30:34,087 - INFO - Content: **美股开盘，道指开涨0.28%**

深潮 TechFlow 消息，11 月 25 日，美股开盘，道指开涨0.28%，标普500指数跌0.06%，纳指跌0.39%。谷歌母公司Alphabet涨2%，此前报道称，谷歌正与Meta商讨一项价值数十亿美元的协议，计划自2027年起向Meta的数据中心供应定制AI芯片。英伟达(NVDA.O)跌4%。阿里巴巴(BABA.N)涨2%。(金十)
 
 https://www.techflowpost.com/newsletter/detail_106525.html
2025-11-28 20:30:34,087 - INFO - --------------------------------------------------
2025-11-28 20:30:34,145 - INFO - Channel: -1001735732363
2025-11-28 20:30:34,145 - INFO - Time: 2025-11-25T14:28:41+00:00
2025-11-28 20:30:34,145 - INFO - Content: **dYdX治理拟推清算费用返还计划**

深潮 TechFlow 消息，11 月 25 日，dYdX基金会宣布，其治理正在考虑从2025年12月1日起实施为期一个月的"清算费用返还试点计划"。该计划将采用基于积分的系统，向经历清算的交易者提供返还，预计最高将分配价值100万美元的DYDX代币作为返还奖励。
 
 https://www.techflowpost.com/newsletter/detail_106524.html
2025-11-28 20:30:34,146 - INFO - --------------------------------------------------
2025-11-28 20:30:34,202 - INFO - Channel: -1001735732363
2025-11-28 20:30:34,202 - INFO - Time: 2025-11-25T14:08:46+00:00
2025-11-28 20:30:34,202 - INFO - Content: **CryptoQuant：BTC Puell Multiple跌入折扣区，历史性信号或预示市场底部形成**

深潮 TechFlow 消息，11 月 25 日，CryptoQuant发文分析表示，比特币Puell Multiple指标已跌入折扣区，这一水平上次出现于2025年3月，当时比特币价格约为75,000美元。该指标通过比较矿工日收入与年均收入，反映市场估值状态。当前指标低于1，表明矿工收入低于正常水平，可能面临财务压力。历史数据显示，所有主要市场修正反转都始于这些折扣区域，虽不保证立即触底，但统计上预示着比特币牛市周期中的主要底部。分析师认为，当前市场正进入风险降低、上行潜力增加的阶段，这种悲观情绪中往往孕育新一轮上涨趋势。
 
 https://www.techflowpost.com/newsletter/detail_106523.html
2025-11-28 20:30:34,202 - INFO - --------------------------------------------------
2025-11-28 20:30:34,331 - INFO - Channel: -1001735732363
2025-11-28 20:30:34,331 - INFO - Time: 2025-11-25T14:03:14+00:00
2025-11-28 20:30:34,331 - INFO - Content: **俄罗斯男子使用仿真手榴弹袭击加密货币交易所被捕**

深潮 TechFlow 消息，11 月 25 日，据Decrypt报道，一名21岁俄罗斯男子因试图抢劫圣彼得堡一家加密货币交易所而被捕。据报道，嫌犯于上周六闯入位于Khersonska街一家公寓酒店内的交易所办公室，引爆两枚Airsoft仿真手榴弹并点燃烟雾弹，随后要求员工将所有可用加密货币转入其钱包。专家检查后确认使用的是无实际破坏力的仿真装置。
 
 https://www.techflowpost.com/newsletter/detail_106522.html
2025-11-28 20:30:34,331 - INFO - --------------------------------------------------
2025-11-28 20:30:34,458 - INFO - Channel: -1001735732363
2025-11-28 20:30:34,458 - INFO - Time: 2025-11-25T14:01:26+00:00
2025-11-28 20:30:34,458 - INFO - Content: **SEC投资者咨询委员会将于12月4日召开会议讨论公司治理及股权代币化**

深潮 TechFlow 消息，11 月 25 日，据官方文件，美国证券交易委员会(SEC)投资者咨询委员会将于2025年12月4日举行虚拟公开会议，重点讨论公司治理监管变化及股权证券代币化等议题。会议还将探讨关于披露人工智能对发行人运营影响的潜在建议。此次会议将于东部时间上午10点开始，并在SEC官方网站进行直播。
 
 https://www.techflowpost.com/newsletter/detail_106521.html
2025-11-28 20:30:34,458 - INFO - --------------------------------------------------
2025-11-28 20:30:34,583 - INFO - Channel: -1001735732363
2025-11-28 20:30:34,583 - INFO - Time: 2025-11-25T13:52:07+00:00
2025-11-28 20:30:34,583 - INFO - Content: **乌克兰官员：乌克兰支持日内瓦会谈后和平协议框架的核心内容**

深潮 TechFlow 消息，11 月 25 日，乌克兰官员：乌克兰支持日内瓦会谈后和平协议框架的核心内容。总统泽连斯基与特朗普将讨论框架中最敏感的问题。(金十)
 
 https://www.techflowpost.com/newsletter/detail_106520.html
2025-11-28 20:30:34,583 - INFO - --------------------------------------------------
2025-11-28 20:30:34,644 - INFO - Channel: -1001735732363
2025-11-28 20:30:34,644 - INFO - Time: 2025-11-25T13:50:23+00:00
2025-11-28 20:30:34,644 - INFO - Content: **阿里巴巴 CEO：未来三年内不太可能出现人工智能泡沫**

深潮 TechFlow 消息，11 月 25 日，阿里巴巴(09988.HK)CEO表示：未来三年内不太可能出现人工智能泡沫。未来三年，人工智能资源整体将处于供不应求的状态。（金十）
 
 https://www.techflowpost.com/newsletter/detail_106519.html
2025-11-28 20:30:34,644 - INFO - --------------------------------------------------
2025-11-28 20:30:34,731 - INFO - Channel: -1001735732363
2025-11-28 20:30:34,731 - INFO - Time: 2025-11-25T13:39:40+00:00
2025-11-28 20:30:34,731 - INFO - Content: **Paxos宣布收购纽约加密钱包初创公司Fordefi，交易金额超过1亿美元**

深潮 TechFlow 消息，11 月 25 日，据Fortune报道，加密支付基础设施公司Paxos宣布收购纽约加密钱包初创公司Fordefi，交易金额超过1亿美元。Fordefi专注于为去中心化金融(DeFi)设计的加密钱包解决方案，目前拥有约40名员工，服务约300家客户。

Paxos首席执行官Charles Cascarilla表示，此次收购是为了满足客户日益增长的DeFi访问需求。Fordefi将暂时保持独立运营，但Paxos计划最终将其技术整合到自身基础设施中。

这是Paxos过去一年内的第二次收购，此前该公司已收购芬兰稳定币发行商Membrane Finance，以符合欧盟加密货币监管要求。
 
 https://www.techflowpost.com/newsletter/detail_106518.html
2025-11-28 20:30:34,731 - INFO - --------------------------------------------------

Mentioned Currencies:  
Keywords:  [('交易额', 0.5162), ('总奖池', 0.4676), ('交易', 0.4539), ('此奖池', 0.4269), ('合约', 0.4179), ('bgb', 0.4116), ('排名', 0.3954), ('报名', 0.3721), ('奖励', 0.3675), ('范围', 0.3319)]
Mentioned Currencies:  
Keywords:  [('特朗普', 0.5507), ('trump', 0.4978), ('假新闻', 0.4689), ('总统', 0.3685), ('之子', 0.3129), ('消息', 0.312), ('说过', 0.3062), ('以太', 0.3029), ('这句', 0.2614), ('美元', 0.2514)]
Mentioned Currencies:  USDC,Hyperliquid
Keywords:  [('鲸鱼', 0.554), ('价格', 0.4736), ('美元', 0.4517), ('代币', 0.3812), ('万美元', 0.3462), ('价值', 0.3372), ('hyperliquid', 0.3119), ('增加', 0.2986), ('杠杆', 0.2144), ('hype', 0.1613)]
Mentioned Currencies:  Bitcoin
Keywords:  [('亿美元', 0.4893), ('fbtc', 0.3069), ('blackrock', 0.2697), ('invest', 0.2684), ('加密', 0.2617), ('万美元', 0.2479), ('ibit', 0.2413), ('fidelity', 0.2049), ('bitb', 0.2036), ('arkb', 0.203)]
Mentioned Currencies:  Uniswap
Keywords:  [('费用', 0.4751), ('uniswap', 0.4681), ('协议', 0.4492), ('uni', 0.4416), ('折扣', 0.4055), ('收取', 0.3838), ('合约', 0.3459), ('提案', 0.3341), ('主网', 0.3327), ('代币', 0.3322)]
Mentioned Currencies:  
Keywords:  [('美元', 0.3873), ('上涨', 0.369), ('涨幅', 0.3515), ('xion', 0.3204), ('行情', 0.2627), ('韩元', 0.2494), ('交易', 0.1802), ('htx', 0.1736), ('消息', 0.1413), ('数据', 0.1303)]
Mentioned Currencies:  
Keywords:  [('韩元', 0.4856), ('bithumb', 0.3393), ('交易', 0.2979), ('xion', 0.2704), ('公告', 0.253), ('官方', 0.2203), ('上线', 0.2169)]
Mentioned Currencies:  
Keywords:  [('黄金', 0.4991), ('美元', 0.4843), ('上涨', 0.377), ('新高', 0.3221), ('盎司', 0.296), ('短线', 0.2447), ('日内涨', 0.1978), ('数据', 0.1688), ('现货', 0.1222), ('现报', 0.1016)]
Mentioned Currencies:  
Keywords:  [('card', 0.4248), ('亿美元', 0.4062), ('加密', 0.4055), ('货币', 0.3777), ('交易量', 0.3541), ('mastercard', 0.3538), ('cash', 0.328), ('成本', 0.2984), ('visa', 0.2915), ('支付', 0.2379)]
Mentioned Currencies:  Solana
Keywords:  [('亿美元', 0.5134), ('净资产', 0.4243), ('总资产', 0.408), ('万美元', 0.3353), ('净值', 0.3129), ('比率', 0.2884), ('bsol', 0.2863), ('etf', 0.2566), ('gsol', 0.2465), ('solana', 0.2239)]
Mentioned Currencies:  XRP,Bitcoin,Zcash,Cardano,Ethereum
Keywords:  [('zcash', 0.4157), ('上市公司', 0.4015), ('资产', 0.3982), ('zec', 0.3965), ('重组', 0.3751), ('公司', 0.3731), ('加密', 0.3415), ('储备', 0.3308), ('global', 0.3264), ('据美股', 0.3191)]
Mentioned Currencies:  Bitcoin
Keywords:  [('证券交易', 0.4135), ('投资者', 0.3855), ('价格', 0.3382), ('摩根', 0.3312), ('基金', 0.3128), ('2028', 0.3101), ('交易所', 0.3065), ('美元', 0.304), ('2026', 0.3001), ('decrypt', 0.295)]
Mentioned Currencies:  
Keywords:  [('股份', 0.4738), ('资产', 0.3828), ('bitcointreasuries', 0.3023), ('亿美元', 0.2983), ('出售', 0.283), ('公司', 0.2752), ('strategy', 0.2427), ('最大', 0.2245), ('第三季度', 0.2222), ('管理', 0.2103)]
Mentioned Currencies:  
Keywords:  [('俄罗斯', 0.452), ('投资者', 0.3896), ('加密', 0.3549), ('财政部', 0.3391), ('投资', 0.3057), ('市场', 0.2975), ('货币', 0.2918), ('交易量', 0.2868), ('监管', 0.2585), ('严格', 0.2513)]
Mentioned Currencies:  Bitcoin
Keywords:  [('税收法律', 0.5457), ('税法', 0.5344), ('税率', 0.5038), ('征税', 0.4831), ('税基', 0.4788), ('所得税', 0.4485), ('个人所得税', 0.4454), ('西班牙', 0.3944), ('criptonoticias', 0.3519), ('加密', 0.3265)]
Mentioned Currencies:  World Liberty Financial
Keywords:  [('成本', 0.4432), ('reserve', 0.4314), ('花费', 0.3908), ('币价', 0.3766), ('美元', 0.3745), ('wlfi', 0.3414), ('9684xtpa', 0.3035), ('地址', 0.2815), ('平均', 0.2606), ('strategic', 0.2578)]
Mentioned Currencies:  Bitcoin,Ethereum,Hyperliquid
Keywords:  [('币多单', 0.4413), ('onchain', 0.4081), ('万美元', 0.3326), ('杠杆', 0.2973), ('多头', 0.2961), ('超过', 0.2961), ('据链', 0.2906), ('一笔', 0.2683), ('hype10', 0.2659), ('machibigbrother', 0.2513)]
Mentioned Currencies:  Ethereum
Keywords:  [('钱包', 0.5284), ('资本', 0.4488), ('价值', 0.4367), ('万美元', 0.412), ('充值', 0.3766), ('capital', 0.3684), ('前向币安', 0.3542), ('向币安', 0.3457), ('lookonchain', 0.2982), ('分布式', 0.2515)]
Mentioned Currencies:  
Keywords:  [('货币政策', 0.5746), ('美联储', 0.5528), ('利率', 0.5452), ('财政部长', 0.5336), ('金融危机', 0.5336), ('财长', 0.3673), ('负债表', 0.3559), ('简化', 0.3374), ('非常复杂', 0.3289), ('批评者', 0.3184)]
Mentioned Currencies:  
Keywords:  [('签名', 0.4701), ('scam', 0.4539), ('签署', 0.4325), ('用户', 0.3771), ('美元', 0.3633), ('代币', 0.3483), ('损失', 0.3322), ('万美元', 0.304), ('恶意', 0.194), ('permit', 0.1567)]
Mentioned Currencies:  
Keywords:  [('美元', 0.5336), ('黄金', 0.4833), ('盎司', 0.3337), ('日内涨', 0.1537), ('数据', 0.1309), ('现货', 0.1037), ('站上', 0.096), ('报道', 0.0399)]
Mentioned Currencies:  Bitcoin
Keywords:  [('btc', 0.4323), ('涨幅', 0.3617), ('美元', 0.31), ('行情', 0.2708), ('小时', 0.2618), ('htx', 0.1866), ('数据', 0.1485), ('突破', 0.137), ('现报', 0.124), ('显示', 0.0816)]
Mentioned Currencies:  Bitcoin
Keywords:  [('关闭', 0.4608), ('摩根', 0.4097), ('商业银行', 0.3474), ('终止', 0.3351), ('银行', 0.3014), ('账户', 0.2868), ('公司', 0.2797), ('个人账户', 0.2567), ('预警', 0.2562), ('登录', 0.2445)]
Mentioned Currencies:  
Keywords:  [('第二季', 0.5164), ('finance', 0.308), ('查询', 0.2551), ('上线', 0.1687), ('huma', 0.1378), ('宣布', 0.1375), ('公告', 0.1275), ('官方', 0.1155), ('空投', 0.104)]
Mentioned Currencies:  
Keywords:  [('2026', 0.4282), ('实时', 0.3927), ('未来', 0.3924), ('galactic', 0.39), ('globenewswire', 0.3708), ('预测', 0.3544), ('predictor', 0.3525), ('平台', 0.3329), ('时代', 0.3048), ('计划', 0.267)]
Mentioned Currencies:  Pump.fun,Dogecoin,Bitcoin
Keywords:  [('特朗普', 0.3828), ('亿美元', 0.3654), ('资金', 0.3619), ('投资者', 0.3226), ('doge', 0.3131), ('公布', 0.3035), ('批准', 0.3003), ('委员会', 0.2913), ('白宫', 0.2907), ('etf', 0.2837)]
Mentioned Currencies:  Bitcoin,Ethereum
Keywords:  [('劫匪', 0.4795), ('抢劫案', 0.4689), ('盗走', 0.4369), ('抢劫', 0.4317), ('altman', 0.4067), ('嫌疑人', 0.3964), ('犯罪集团', 0.3542), ('前男友', 0.3421), ('受害者', 0.3078), ('货币', 0.2889)]
Mentioned Currencies:  Ondo
Keywords:  [('topnod', 0.5473), ('股票', 0.4329), ('资产', 0.396), ('钱包', 0.3738), ('代币', 0.3469), ('etf', 0.3411), ('支持', 0.3167), ('ondo', 0.316), ('用户', 0.2948), ('旗下', 0.2837)]
Mentioned Currencies:  Ethereum
Keywords:  [('巨鲸', 0.5851), ('价格', 0.5461), ('美元', 0.4597), ('价仅', 0.4563), ('万美元', 0.3963), ('代币', 0.3936), ('成本低', 0.3904), ('价值', 0.3304), ('抛售', 0.3085), ('充值', 0.2915)]
Mentioned Currencies:  
Keywords:  [('执行官', 0.493), ('主席', 0.4808), ('首席', 0.4279), ('领袖', 0.4272), ('委员会', 0.4051), ('负责', 0.3296), ('机构', 0.2972), ('cftc', 0.2921), ('众议院', 0.27), ('参议院', 0.2629)]
Mentioned Currencies:  
Keywords:  [('通胀', 0.7095), ('利率', 0.5271), ('物价指数', 0.5263), ('美联储', 0.4962), ('物价', 0.4621), ('经济学家', 0.4322), ('批发价格', 0.4267), ('月份', 0.4003), ('一个多月', 0.3878), ('近几个月', 0.3858)]
Mentioned Currencies:  
Keywords:  [('诈骗', 0.5797), ('欺骗', 0.4637), ('有期徒刑', 0.4499), ('洗钱', 0.4121), ('加密', 0.3942), ('判处', 0.3916), ('犯罪', 0.3887), ('货币', 0.3859), ('盗用', 0.3819), ('被判', 0.3694)]
Mentioned Currencies:  Bitcoin,Hyperliquid
Keywords:  [('鲸鱼', 0.5613), ('onchain', 0.3242), ('onchainlens', 0.2954), ('hyperliquid', 0.2843), ('btc', 0.282), ('usdc', 0.2505), ('杠杆', 0.214), ('监测', 0.1746), ('仓位', 0.1715), ('存入', 0.1611)]
Mentioned Currencies:  Stellar
Keywords:  [('银行', 0.5208), ('加密', 0.4534), ('bancorp', 0.4117), ('资金', 0.3747), ('测试', 0.364), ('资产', 0.3006), ('稳定', 0.2876), ('支付', 0.2662), ('公共', 0.2594), ('客户', 0.2471)]2025-11-28 20:30:34,842 - INFO - Channel: -1001735732363
2025-11-28 20:30:34,842 - INFO - Time: 2025-11-25T13:30:58+00:00
2025-11-28 20:30:34,842 - INFO - Content: **美国9月零售销售月率 0.2%，预期0.4%**

深潮 TechFlow 消息，11 月 25 日，据金十数据报道，美国9月零售销售月率 0.2%，预期0.4%，前值0.60%。
 
 https://www.techflowpost.com/newsletter/detail_106516.html
2025-11-28 20:30:34,842 - INFO - --------------------------------------------------
2025-11-28 20:30:34,910 - INFO - Channel: -1001735732363
2025-11-28 20:30:34,910 - INFO - Time: 2025-11-25T13:18:42+00:00
2025-11-28 20:30:34,911 - INFO - Content: **ADP周度就业报告：私人部门雇主平均每周减少13500个就业岗位**

深潮 TechFlow 消息，11 月 25 日，ADP周度就业报告：截至2025年11月8日的四周里，私人部门雇主平均每周减少13500个就业岗位。(金十)
 
 https://www.techflowpost.com/newsletter/detail_106515.html
2025-11-28 20:30:34,911 - INFO - --------------------------------------------------
2025-11-28 20:30:35,031 - INFO - Channel: -1001735732363
2025-11-28 20:30:35,031 - INFO - Time: 2025-11-25T13:08:18+00:00
2025-11-28 20:30:35,031 - INFO - Content: **贝森特：关于美联储新任主席人选，将于今天进行第二轮的最后一次面试**

深潮 TechFlow 消息，11 月 25 日，美国财长贝森特：关于美联储新任主席人选，将于今天进行第二轮的最后一次面试，目前有五位强有力的候选人。总统特朗普在圣诞节（12月25日）前宣布美联储新任主席人选的可能性非常大。（金十）
 
 https://www.techflowpost.com/newsletter/detail_106514.html
2025-11-28 20:30:35,031 - INFO - --------------------------------------------------
2025-11-28 20:30:35,125 - INFO - Channel: -1001735732363
2025-11-28 20:30:35,126 - INFO - Time: 2025-11-25T13:07:03+00:00
2025-11-28 20:30:35,126 - INFO - Content: **支付巨头Klarna明年将在Tempo区块链上推出其稳定币**

深潮 TechFlow 消息，11 月 25 日，据 FT，瑞典“先买后付”巨头 Klarna 今日宣布推出稳定币 KlarnaUSD，用于降低跨境支付成本，成为最新押注稳定币重塑全球支付的金融科技公司。该稳定币部署在 Stripe 自研区块链 上，Klarna 表示其能“显著降低消费者与商户的支付成本”。知情人士透露，KlarnaUSD 可在全球大额资金流动时绕过 Swift 等传统中介，大幅降低内部结算成本，并将逐步开放给商户和普通用户使用。 
 
 https://www.techflowpost.com/newsletter/detail_106513.html
2025-11-28 20:30:35,126 - INFO - --------------------------------------------------
2025-11-28 20:30:35,322 - INFO - Channel: -1001735732363
2025-11-28 20:30:35,322 - INFO - Time: 2025-11-25T13:03:57+00:00
2025-11-28 20:30:35,322 - INFO - Content: **Arthur Hayes：MON将涨到10美元**

深潮 TechFlow 消息，11 月 25 日，BitMEX联合创始人Arthur Hayes在社交媒体发文表示，尽管认为$MON是"低流通量、高FDV、毫无用处的L1"，但仍然参与了投资，并预测其价格将涨至10美元。Hayes直言"这是牛市"，引发市场热议。
 
 https://www.techflowpost.com/newsletter/detail_106512.html
2025-11-28 20:30:35,322 - INFO - --------------------------------------------------
2025-11-28 20:30:35,465 - INFO - Channel: -1001735732363
2025-11-28 20:30:35,465 - INFO - Time: 2025-11-25T12:46:06+00:00
2025-11-28 20:30:35,465 - INFO - Content: **美国官员称：乌克兰同意和平协议条款**

深潮 TechFlow 消息，11 月 25 日，据ABC新闻：美国官员称，乌克兰同意和平协议条款。和平协议的一些次要细节仍未敲定。(金十)
 
 https://www.techflowpost.com/newsletter/detail_106511.html
2025-11-28 20:30:35,465 - INFO - --------------------------------------------------
2025-11-28 20:30:35,512 - INFO - Channel: -1001735732363
2025-11-28 20:30:35,512 - INFO - Time: 2025-11-25T12:43:55+00:00
2025-11-28 20:30:35,512 - INFO - Content: **MON突破0.04美元，24小时涨幅30%**

深潮 TechFlow 消息，11 月 25 日，HTX行情显示，MON突破0.04美元，现报0.0396美元，24小时涨幅30%。
 
 https://www.techflowpost.com/newsletter/detail_106510.html
2025-11-28 20:30:35,512 - INFO - --------------------------------------------------
2025-11-28 20:30:35,557 - INFO - Channel: -1001735732363
2025-11-28 20:30:35,557 - INFO - Time: 2025-11-25T12:32:45+00:00
2025-11-28 20:30:35,557 - INFO - Content: **日本上市公司 Value Creation 增持 7.057 枚比特币**

深潮 TechFlow 消息，11 月 25 日，日本上市公司 Value Creation Co. Ltd.（东证代码：9238.T）宣布使用盈余资金购入 7.057 枚比特币，总价值约 1 亿日元（约 67 万美元），平均购买价格为每枚比特币 1417 万日元。
 
 https://www.techflowpost.com/newsletter/detail_106509.html
2025-11-28 20:30:35,557 - INFO - --------------------------------------------------
2025-11-28 20:30:35,609 - INFO - Channel: -1001735732363
2025-11-28 20:30:35,609 - INFO - Time: 2025-11-25T12:29:25+00:00
2025-11-28 20:30:35,609 - INFO - Content: **机构：金价继续在地缘政治不确定性中寻找潜在支撑**

深潮 TechFlow 消息，11 月 25 日，Kudotrade的分析师Konstantinos Chrysikos表示，尽管美联储的下一步政策行动存在更广泛的不确定性，但地缘政治紧张局势仍在支撑金价。他表示：“主导地缘政治背景的仍是中东的不稳定和东欧重新出现的紧张局势。虽然外交渠道仍在探索俄乌潜在协议的轮廓，但仍难以取得有意义的进展。”与此同时，Chrysikos表示，投资需求也显现出韧性，亚洲强劲需求推动黄金ETF资金持续流入。随着美联储临近年内最后一次政策会议，投资者正密切关注延迟发布的美国经济数据，这些数据有望更清晰地揭示劳动力市场趋势和通胀压力。(金十)
 
 https://www.techflowpost.com/newsletter/detail_106508.html
2025-11-28 20:30:35,609 - INFO - --------------------------------------------------
2025-11-28 20:30:35,792 - INFO - Channel: -1001735732363
2025-11-28 20:30:35,792 - INFO - Time: 2025-11-25T12:15:12+00:00
2025-11-28 20:30:35,792 - INFO - Content: **贝莱德向Coinbase Prime存入4471枚BTC**

深潮 TechFlow 消息，11 月 25 日，据链上分析平台 Lookonchain（@lookonchain）监测，贝莱德向 Coinbase Prime 存入 4471 枚 BTC，价值 3.908 亿美元。
 
 https://www.techflowpost.com/newsletter/detail_106507.html
2025-11-28 20:30:35,792 - INFO - --------------------------------------------------
2025-11-28 20:30:35,967 - INFO - Channel: -1001735732363
2025-11-28 20:30:35,967 - INFO - Time: 2025-11-25T11:52:59+00:00
2025-11-28 20:30:35,967 - INFO - Content: **美参议员：银行针对加密行业的“扼喉行动2.0”仍在继续**

深潮 TechFlow 消息，11 月 25 日，美国参议员Cynthia Lummis在X平台发文评论银行业巨头摩根大通在未作任何解释的情况下关闭了比特币金融公司Strike首席执行官Jack Mallers的个人账户，她表示：“银行针对加密行业的扼喉行动2.0（Operation Chokepoint 2.0）仍在继续，像摩根大通这样的行为削弱了人们对传统银行业的信心，同时将数字资产行业推向海外。”
 
 https://www.techflowpost.com/newsletter/detail_106506.html
2025-11-28 20:30:35,967 - INFO - --------------------------------------------------
2025-11-28 20:30:36,053 - INFO - Channel: -1001735732363
2025-11-28 20:30:36,053 - INFO - Time: 2025-11-25T11:14:29+00:00
2025-11-28 20:30:36,053 - INFO - Content: **麻吉大哥在约2900美元价位挂出ETH限价卖单，同时加仓HYPE多单**

深潮 TechFlow 消息，11 月 25 日，据链上数据监测，大约15分钟前，“麻吉大哥”黄立成在2900.8美元价位挂出ETH限价卖单，同时将其10倍杠杆HYPE多单加仓至88,888.88枚，此外其25倍杠杆以太坊多单仓位触及4650枚ETH，清算价2753.1美元，当前仓位均处于浮盈状态。
 
 https://www.techflowpost.com/newsletter/detail_106505.html
2025-11-28 20:30:36,053 - INFO - --------------------------------------------------
2025-11-28 20:30:36,133 - INFO - Channel: -1001735732363
2025-11-28 20:30:36,133 - INFO - Time: 2025-11-25T11:01:36+00:00
2025-11-28 20:30:36,133 - INFO - Content: **Websea「逐浪共赢计划」全球公测重磅开启，邀请好友最高享45%返佣收益**

深潮 TechFlow 消息，11 月 25 日，全球领先的数字资产交易平台Websea正式宣布，「逐浪共赢计划」即日起开启全球公测，全面升级用户邀请奖励体系，使每一笔真实交易都能转化为长期可持续收益，助力用户从普通交易者迈向平台共创者与受益者的跃迁。
在全新的激励机制中，用户可通过邀请好友并交易（含个人交易量）获取最高45%返佣，大幅降低交易成本；同时，持有平台生态代币 WBS 还将获得额外收益加成，充分共享Websea长期发展的成长红利。
秉持“用户为先、价值共创”的核心理念，Websea同步启动「逐浪推荐官」全球招募——零门槛参与，无论是否拥有社区，只要你热爱加密、愿与Websea一同逐浪前行，即可申请加入，并获得平台资源扶持、活动赋能、市场支持及官方周边等多重权益。
这不仅仅是一次邀请奖励的升级，更是Websea与全球用户携手构建价值生态的起点，成为逐浪推荐官，与全球用户一起逐浪向前，共享收益。
 
 https://www.techflowpost.com/newsletter/detail_106504.html
2025-11-28 20:30:36,133 - INFO - --------------------------------------------------
2025-11-28 20:30:36,288 - INFO - Channel: -1001735732363
2025-11-28 20:30:36,288 - INFO - Time: 2025-11-25T10:51:19+00:00
2025-11-28 20:30:36,288 - INFO - Content: **Naver Financial将推出釜山地方稳定币钱包，同时准备与Upbit合并**

深潮 TechFlow 消息，11 月 25 日，据The Block报道，韩国科技巨头Naver的金融部门Naver Financial已完成一款稳定币钱包的开发，目前处于最终验证阶段，计划于下月推出。该钱包项目与风投公司Hashed和釜山数字资产交易所(BDAN)合作开发，将支持釜山市的地方货币"Dongbaek-jeon"稳定币化，允许居民和游客将各种法定货币兑换为稳定币形式的地方货币。该服务将与Naver Pay Wallet整合，但完整功能需等待韩国建立本地货币稳定币监管框架后才能启用。同时，Naver正通过股权交换方式与韩国最大加密交易所Upbit的母公司Dunamu进行合并，合并后Dunamu计划作为Naver全资子公司在纳斯达克上市。
 
 https://www.techflowpost.com/newsletter/detail_106503.html
2025-11-28 20:30:36,288 - INFO - --------------------------------------------------
2025-11-28 20:30:36,419 - INFO - Channel: -1001735732363
2025-11-28 20:30:36,419 - INFO - Time: 2025-11-25T10:47:48+00:00
2025-11-28 20:30:36,419 - INFO - Content: **英伟达(NVDA.O)盘前跌超4%**

深潮 TechFlow 消息，11 月 25 日，英伟达(NVDA.O)盘前跌超4%，消息面上，谷歌拟向Meta直接销售TPU。(金十)
 
 https://www.techflowpost.com/newsletter/detail_106502.html
2025-11-28 20:30:36,419 - INFO - --------------------------------------------------
2025-11-28 20:30:36,493 - INFO - Channel: -1001735732363
2025-11-28 20:30:36,493 - INFO - Time: 2025-11-25T10:46:14+00:00
2025-11-28 20:30:36,493 - INFO - Content: **阿联酋新金融法将DeFi纳入监管范围，违规最高罚款2.72亿美元**

深潮 TechFlow 消息，11 月 25 日，据Cointelegraph报道，阿联酋最新实施的《联邦法令第6号》将去中心化金融(DeFi)和Web3项目纳入监管范围，要求提供支付、交易、借贷、托管或投资服务的平台必须获得阿联酋中央银行许可。该法律于2025年9月16日生效，终结了"仅是代码"的监管豁免辩护，违规者将面临高达10亿迪拉姆(约2.72亿美元)的罚款及可能的刑事制裁。法律专家澄清，该法规并未禁止个人使用自托管钱包，但扩大了对企业的监管范围。项目方需在2026年9月过渡期截止前完成合规调整。
 
 https://www.techflowpost.com/newsletter/detail_106501.html
2025-11-28 20:30:36,493 - INFO - --------------------------------------------------
2025-11-28 20:30:36,580 - INFO - Channel: -1001735732363
2025-11-28 20:30:36,580 - INFO - Time: 2025-11-25T10:11:07+00:00
2025-11-28 20:30:36,580 - INFO - Content: **分析：美股若震荡加剧，或迫使美联储降息**

深潮 TechFlow 消息，11 月 25 日，路透专栏作家指出，如果对人工智能过度乐观的担忧持续发酵，使近期市场波动演变为更剧烈震荡，那么资产价格暴跌引发的金融稳定风险可能会迫使美联储降息。当然，这并非基准情景。传统上，除非流动性枯竭、市场功能受损，否则美联储不会出手安抚市场。尽管市场情绪和表现已明显恶化，但目前距离危机仍很远，尤其是在上周五反弹之后。但这一次，美联储或许无需等到情况恶化到那一步才采取行动。原因在于，按照许多经济学家的测算，甚至部分决策者也承认，当前“实体经济”的健康程度比以往任何时候都更依赖华尔街的财富。(金十)
 
 https://www.techflowpost.com/newsletter/detail_106500.html
2025-11-28 20:30:36,581 - INFO - --------------------------------------------------
2025-11-28 20:30:36,762 - INFO - Channel: -1001735732363
2025-11-28 20:30:36,762 - INFO - Time: 2025-11-25T10:00:07+00:00
2025-11-28 20:30:36,762 - INFO - Content: **Bitget Wallet 推出加密资产 「银行转账」 功能，已覆盖尼日利亚和墨西哥**

深潮 TechFlow 消息，11 月 25 日，Bitget Wallet 宣布已在尼日利亚和墨西哥推出加密资产「银行转账」功能，用户可将 USDT / USDC快速安全地以法币形式即时转账到当地银行账户。

该功能支持用户在 BNB Chain、Ethereum、Solana、Tron 和 Base 网络上使用 USDT 与 USDC，资金预计在数秒内到账。据官方信息，目前服务已接入尼日利亚超过 45 家银行及墨西哥超过 35 家银行。

Bitget Wallet CEO Karry Cheung 表示，此次推出的银行转账功能，是 Bitget Wallet 将其 PayFi 支付方案拓展至新兴市场的一次关键实践。在尼日利亚等地区，银行转账是日常生活中最为普及的支付方式，从小额购物，到日常消费均被广泛使用。该功能通过将稳定币与当地主流的银行转账体系对接，旨在拓展稳定币支付场景的边界，为当地用户提供一种基于加密货币的支付方案。
 
 https://www.techflowpost.com/newsletter/detail_106433.html
2025-11-28 20:30:36,762 - INFO - --------------------------------------------------
2025-11-28 20:30:36,981 - INFO - Channel: -1001735732363
2025-11-28 20:30:36,982 - INFO - Time: 2025-11-25T09:58:51+00:00
2025-11-28 20:30:36,982 - INFO - Content: 🌟 推荐阅读

Aethir 以企业级增长确立 DePIN 计算领导地位：真实收入驱动的新一代算力基础设施模式
https://www.techflowpost.com/article/detail_29285.html

📖 相关推荐

从 AI 企业需求及规模算力纬度，Aethir 宣布已成为 DePIN 计算赛道的头号平台
https://www.techflowpost.com/newsletter/detail_106493.html

Aethir Q3 收入创纪录达 3980 万美元，ARR 飙升至 1.66 亿美元
https://www.techflowpost.com/newsletter/detail_101427.html

Aethir 启动 4500 万美元 DAT 回购计划
https://www.techflowpost.com/newsletter/detail_101394.html
2025-11-28 20:30:36,982 - INFO - --------------------------------------------------
2025-11-28 20:30:37,081 - INFO - Channel: -1001735732363
2025-11-28 20:30:37,081 - INFO - Time: 2025-11-25T09:49:56+00:00
2025-11-28 20:30:37,081 - INFO - Content: 🌟 推荐阅读

连大空头也开了付费群
https://www.techflowpost.com/article/detail_29284.html

📖 相关推荐

加密货币付费社群常见法律风险与防范建议
https://www.techflowpost.com/article/detail_24011.html

搞懂加密行业上下游，发掘下游前端应用的价值
https://www.techflowpost.com/article/detail_19363.html

a16z 合伙人：别让企业跑偏，用运营计划锁定成功
https://www.techflowpost.com/article/detail_27329.html
2025-11-28 20:30:37,081 - INFO - --------------------------------------------------
2025-11-28 20:30:37,163 - INFO - Channel: -1001735732363
2025-11-28 20:30:37,163 - INFO - Time: 2025-11-25T09:42:56+00:00
2025-11-28 20:30:37,163 - INFO - Content: **MetaPlanet 获 1.3 亿美元比特币抵押贷款，累计使用额度达 2.3 亿美元**

深潮 TechFlow 消息，11 月 25 日，日本上市公司 MetaPlanet 公告称已根据信贷额度合同执行 1.3 亿美元新借款，并以所持比特币作为担保。该额度上限为 5 亿美元，累计使用已达 2.3 亿美元。公司目前持有 30,823 BTC，足以覆盖担保需求。筹集资金将用于追加购入比特币、推进比特币收入业务，以及在市场状况允许时回购股票。公司预计本次借款对 2025 年度业绩影响轻微。
 
 https://www.techflowpost.com/newsletter/detail_106499.html
2025-11-28 20:30:37,164 - INFO - --------------------------------------------------
2025-11-28 20:30:37,265 - INFO - Channel: -1001735732363
2025-11-28 20:30:37,265 - INFO - Time: 2025-11-25T09:05:54+00:00
2025-11-28 20:30:37,265 - INFO - Content: **币安Alpha下架$CELB和$AIBOT代币**

深潮 TechFlow 消息，11 月 25 日，据官方公告，币安官方今日宣布，将于2025年11月25日17:00(东八区时间)从Alpha平台下架$CELB和$AIBOT两种代币。据币安方面解释，此举是因为链上数据显示这些项目流通中的代币数量已超过项目方原定的解锁计划，为保障用户利益而采取的措施。

截至下架时间，持有这些代币的用户资产将按以下汇率自动转换为USDC：


 1 CELB = 0.00007042 USDC
 1 AIBOT = 0.00042472 USDC


转换比例基于2025年11月24日收盘价计算，等值的USDC将在3天内划入用户的现货账户。
 
 https://www.techflowpost.com/newsletter/detail_106498.html
2025-11-28 20:30:37,265 - INFO - --------------------------------------------------
2025-11-28 20:30:37,440 - INFO - Channel: -1001735732363
2025-11-28 20:30:37,440 - INFO - Time: 2025-11-25T09:05:53+00:00
2025-11-28 20:30:37,440 - INFO - Content: **火币 HTX 已上线 MONAD 永续合约，并启动合约交易派对**

深潮 TechFlow 消息，11 月 25 日，据官方公告，火币HTX已于11月25日上线MONAD/USDT永续合约，最高杠杆20倍。同时，火币HTX于11月25日17:00至12月2日17:00（UTC+8）启动MONAD合约交易派对，总奖池高达10,000美元。

活动期间，用户完成报名，并参与MONAD/USDT合约交易，累计有效交易额≥10,000 USDT，即可根据交易额排名瓜分奖池；合约新用户完成MONAD/USDT合约交易还将获得专属福利。
 
 https://www.techflowpost.com/newsletter/detail_106497.html
2025-11-28 20:30:37,440 - INFO - --------------------------------------------------
2025-11-28 20:30:37,610 - INFO - Channel: -1001735732363
2025-11-28 20:30:37,610 - INFO - Time: 2025-11-25T09:03:14+00:00
2025-11-28 20:30:37,610 - INFO - Content: **疑似Ethena团队在过去三周内从Bybit和Coinbase两大交易所共提现2.8551亿枚ENA代币**

深潮 TechFlow 消息，11 月 25 日，据链上分析师 The Data Nerd（@OnchainDataNerd）监测，一个疑似Ethena团队或超级鲸鱼的地址在过去三周内从Bybit和Coinbase两大交易所共提现2.8551亿枚ENA代币，价值约8536万美元，其中仅在过去4小时就从Bybit提现了2500万枚ENA（约670万美元）。
 
 https://www.techflowpost.com/newsletter/detail_106496.html
2025-11-28 20:30:37,610 - INFO - --------------------------------------------------
2025-11-28 20:30:37,692 - INFO - Channel: -1001735732363
2025-11-28 20:30:37,692 - INFO - Time: 2025-11-25T09:01:35+00:00
2025-11-28 20:30:37,692 - INFO - Content: **欧易将于11月26日上线Dash(DASH)现货交易**

深潮 TechFlow 消息，11 月 25 日，据官方公告，欧易交易所宣布将于2025年11月26日20:00(UTC+8)正式开启DASH/USDT现货交易对。用户可于11月25日17:00起开始充币，26日19:00至20:00期间进行提前挂单，22:00后开放提币功能。
 
 https://www.techflowpost.com/newsletter/detail_106495.html
2025-11-28 20:30:37,692 - INFO - --------------------------------------------------
2025-11-28 20:30:37,787 - INFO - Channel: -1001735732363
2025-11-28 20:30:37,787 - INFO - Time: 2025-11-25T08:58:41+00:00
2025-11-28 20:30:37,787 - INFO - Content: **某新创建的钱包花费 3000 万枚 USD1 购买了 1.9753 亿枚 WLFi**

深潮 TechFlow 消息，11 月 25 日，据链上分析师 Onchain Lens（@OnchainLens）监测，一个新创建的钱包花费 3000 万枚 USD1 以 0.152 美元的价格购买了 1.9753 亿枚 WLFi ，获利 150 万美元。
 
 https://www.techflowpost.com/newsletter/detail_106494.html
2025-11-28 20:30:37,787 - INFO - --------------------------------------------------
2025-11-28 20:30:37,839 - INFO - Channel: -1001735732363
2025-11-28 20:30:37,839 - INFO - Time: 2025-11-25T08:56:54+00:00
2025-11-28 20:30:37,839 - INFO - Content: **Aethir 宣布完成 3.44 亿美元数字资产金库（DAT）计划，将算力服务收入用于代币回购**

深潮 TechFlow 消息，11 月 25 日，去中心化 GPU 云基础设施 Aethir 披露数据，其 2025 年第三季度营收达 3980 万美元，年经常性收入（ARR）突破 1.47 亿美元。

目前，Aethir 网络已部署超 43.5 万个企业级 GPU 容器（涵盖 H100、B200 等），累计交付超 14 亿小时计算服务，客户包括 Kluster.ai、Attentions.ai 等。

此外，Aethir 于 10 月完成 3.44 亿美元 ATH 代币定向投资并启动数字资产金库（DAT），目前持有 57 亿枚 ATH，计划将算力服务收入用于代币回购，构建正向经济闭环。
 
 https://www.techflowpost.com/newsletter/detail_106493.html
2025-11-28 20:30:37,839 - INFO - --------------------------------------------------
2025-11-28 20:30:37,928 - INFO - Channel: -1001735732363
2025-11-28 20:30:37,928 - INFO - Time: 2025-11-25T08:56:15+00:00
2025-11-28 20:30:37,928 - INFO - Content: **现货金银走低**

深潮 TechFlow 消息，11 月 25 日，现货黄金短线跌幅扩大，向下触及4110美元/盎司，日内跌0.59%。现货白银日内下跌1%，现报50.80美元/盎司。(金十)
 
 https://www.techflowpost.com/newsletter/detail_106492.html
2025-11-28 20:30:37,928 - INFO - --------------------------------------------------
2025-11-28 20:30:37,995 - INFO - Channel: -1001735732363
2025-11-28 20:30:37,995 - INFO - Time: 2025-11-25T08:56:13+00:00
2025-11-28 20:30:37,995 - INFO - Content: **Bitget 推出第 15 期 VIP 定期空投计划，本期奖池 85万枚 MON**

深潮 TechFlow 消息，11 月 25 日，Bitget 推出“尊享VIP空投盛典”第 15 期活动，面向 VIP3 及以上用户开放。本期空投项目为 MON，奖池总量 857,143 枚，活动时间为 11 月 25 日 20:00 至 11 月 28 日 20:00 (UTC+8)。用户仅需完成报名，无需额外任务。 活动截止前，报名用户需保持 VIP3 及以上等级，即可成功解锁本期空投奖励。
 
 https://www.techflowpost.com/newsletter/detail_106491.html
2025-11-28 20:30:37,995 - INFO - --------------------------------------------------
2025-11-28 20:30:38,103 - INFO - Channel: -1001735732363
2025-11-28 20:30:38,104 - INFO - Time: 2025-11-25T08:48:48+00:00
2025-11-28 20:30:38,104 - INFO - Content: 🌟 推荐阅读

加密诈骗地理版图：从硅谷到孟买，诈骗不分国界
https://www.techflowpost.com/article/detail_29282.html

📖 相关推荐

加密 ATM 机成诈骗新工具：2.8 万网点遍布全美，半年骗走 2.4 亿美元
https://www.techflowpost.com/article/detail_29203.html

新加坡卷入柬埔寨杀猪盘诈骗案，「避税天堂」再遭质疑
https://www.techflowpost.com/article/detail_28603.html

假客服、假钞、假爱情，盘点近期香港加密诈骗案
https://www.techflowpost.com/article/detail_27272.html
2025-11-28 20:30:38,104 - INFO - --------------------------------------------------
2025-11-28 20:30:38,193 - INFO - Channel: -1001735732363
2025-11-28 20:30:38,193 - INFO - Time: 2025-11-25T08:41:20+00:00
2025-11-28 20:30:38,193 - INFO - Content: **分析：鲍威尔立场未知，但可以假设他会支持12月降息**

深潮 TechFlow 消息，11 月 25 日，Pepperstone研究主管Chris Weston表示，“市场高度关注每位美联储票委的立场及其对12月降息的看法。鉴于市场（和美联储）尚未拿到通常会影响其政策决定的数据，这是合理的。也许最大的未知数是鲍威尔本人的观点，但总的来说，人们可以假设他会投票支持12月降息。”到目前为止，降息押注的突然转变对美元的影响有限。美联储官员对下一步可能采取的行动仍存在分歧，因为该行仍没拿到全套数据。Weston说："在劳动力市场脆弱、美国短期和长期通胀预期都在下降的情况下，12月维持利率不变将是一种脱节，市场可能反应不佳。"(金十)
 
 https://www.techflowpost.com/newsletter/detail_106490.html
2025-11-28 20:30:38,193 - INFO - --------------------------------------------------
2025-11-28 20:30:38,348 - INFO - Channel: -1001735732363
2025-11-28 20:30:38,348 - INFO - Time: 2025-11-25T08:29:50+00:00
2025-11-28 20:30:38,348 - INFO - Content: **某巨鲸从币安提取99.6万枚ASTER，总持仓达441万美元**

深潮 TechFlow 消息，11 月 25 日，据链上分析师 The Data Nerd（@OnchainDataNerd）监测，5 小时前，某巨鲸 (0x1f6...8e7d) 从币安再次提取了 99.6 万枚 ASTER，价值约 117 万美元。目前，该巨鲸共持有 383.8 万枚 ASTER，价值约 441 万美元。
 
 https://www.techflowpost.com/newsletter/detail_106489.html
2025-11-28 20:30:38,348 - INFO - --------------------------------------------------
2025-11-28 20:30:38,532 - INFO - Channel: -1001735732363
2025-11-28 20:30:38,532 - INFO - Time: 2025-11-25T08:29:04+00:00
2025-11-28 20:30:38,532 - INFO - Content: **Bitget 推出刮刮乐活动，合约交易 100% 得体验金及 USDT 空投**

深潮 TechFlow 消息，11 月 25 日，Bitget 推出好运刮刮乐活动，新老用户均可参与。活动期间完成指定合约交易量任务，即可获得 1 次刮刮乐机会，最多可刮奖 7 次。每增加 1 次刮奖，即可增加赢取大奖的可能性，中奖率为 100%。奖池涵盖 USDT 空投与合约体验金。

详细规则已在 Bitget 官方平台发布，符合条件的用户点击「立即加入」按钮完成报名，方可参与活动。活动时间截止 12 月 3 日 23:59（UTC+8）。
 
 https://www.techflowpost.com/newsletter/detail_106488.html
2025-11-28 20:30:38,532 - INFO - --------------------------------------------------
2025-11-28 20:30:38,627 - INFO - Channel: -1001735732363
2025-11-28 20:30:38,627 - INFO - Time: 2025-11-25T08:21:25+00:00
2025-11-28 20:30:38,627 - INFO - Content: **币安钱包调整交易手续费政策，11月26日起部分代币恢复标准费率**

深潮 TechFlow 消息，11 月 25 日，据官方公告，币安官方宣布，自2025年11月26日16:00(UTC+8)起，币安App交易手续费将根据代币类别进行调整。指定稳定币、主流区块链原生代币及Alpha代币交易对将继续享受0%手续费，而其他代币交易对将恢复至标准费率0.5%。根据币安最新返佣政策，受邀用户可享高达30%返现，使手续费最低降至0.35%。
 
 https://www.techflowpost.com/newsletter/detail_106487.html
2025-11-28 20:30:38,627 - INFO - --------------------------------------------------
2025-11-28 20:30:38,771 - INFO - Channel: -1001735732363
2025-11-28 20:30:38,772 - INFO - Time: 2025-11-25T08:16:39+00:00
2025-11-28 20:30:38,772 - INFO - Content: **Matrixport：比特币出现修复性反弹，不代表牛市开启**

深潮 TechFlow 消息，11 月 25 日，Matrixport发布每日分析表示，比特币近期快速反弹，独立分析师Markus Thielen指出，这是情绪指标跌至极端水平后的阶段性修复，而非新一轮牛市信号。一个月前比特币由强转弱后出现大幅回调，部分投资者归因于早期持有者抛售，但忽视了夏季以来持仓结构、杠杆水平和资金流向的实质变化。分析认为，当前市场仍处于结构复杂、风险偏好偏弱环境，此类反弹通常节奏快、幅度大，应视为短线交易机会而非趋势转折点。
 
 https://www.techflowpost.com/newsletter/detail_106486.html
2025-11-28 20:30:38,772 - INFO - --------------------------------------------------

Mentioned Currencies:  
Keywords:  [('2026', 0.5595), ('2025', 0.5465), ('通胀', 0.5102), ('预测', 0.4975), ('股市', 0.4738), ('明年', 0.4541), ('上涨', 0.4234), ('未来', 0.3975), ('指数', 0.3888), ('乐观', 0.3667)]
Mentioned Currencies:  Aave
Keywords:  [('价格', 0.4923), ('成本', 0.4816), ('美元', 0.428), ('投资', 0.4034), ('capital4', 0.3557), ('galaxy', 0.3299), ('万美元', 0.306), ('multicoin', 0.3033), ('购买', 0.2933), ('价值', 0.2816)]
Mentioned Currencies:  
Keywords:  [('金融风险', 0.5715), ('加密', 0.5114), ('央行', 0.4628), ('风险', 0.4481), ('外汇管制', 0.4421), ('金融部门', 0.4093), ('威胁', 0.4076), ('金融', 0.3924), ('银行', 0.3875), ('货币', 0.371)]
Mentioned Currencies:  Bitcoin
Keywords:  [('bitcoin', 0.4708), ('德克萨斯州', 0.438), ('blackrock', 0.3299), ('基金', 0.3054), ('拨款', 0.2371), ('交易所', 0.2018), ('财政部', 0.1945), ('储备', 0.1936), ('该州', 0.1871), ('ibit', 0.1774)]
Mentioned Currencies:  Dai,Ethereum
Keywords:  [('巨鲸', 0.5999), ('平均价格', 0.4939), ('价格', 0.4838), ('美元', 0.3974), ('资金', 0.3702), ('万美元', 0.3403), ('斥资', 0.3201), ('购买', 0.3077), ('收益', 0.2875), ('出售', 0.2739)]
Mentioned Currencies:  
Keywords:  [('亿美元', 0.5012), ('资金', 0.4341), ('存款', 0.3865), ('上限', 0.3424), ('用户', 0.3151), ('计划', 0.3075), ('megaeth', 0.285), ('官方', 0.2691), ('撤回', 0.2601), ('宣布', 0.2563)]
Mentioned Currencies:  USDC
Keywords:  [('购买', 0.3172), ('资产', 0.317), ('购入', 0.3077), ('代币', 0.2699), ('价值', 0.229), ('arthur', 0.2061), ('万美元', 0.1853), ('flowdesk', 0.182), ('做市商', 0.167), ('创始人', 0.1656)]
Mentioned Currencies:  
Keywords:  [('恐慌', 0.5084), ('市场', 0.4083), ('贪婪', 0.3705), ('货币', 0.3023), ('指数', 0.2908), ('加密', 0.2277), ('降至', 0.221), ('数据', 0.2136), ('昨日', 0.1738), ('状态', 0.1578)]
Mentioned Currencies:  
Keywords:  [('利率', 0.4907), ('美联储', 0.4505), ('概率', 0.4322), ('明年', 0.3033), ('cme', 0.2811), ('基点', 0.236), ('降息', 0.228), ('数据', 0.2077), ('不变', 0.189), ('报道', 0.1798)]
Mentioned Currencies:  
Keywords:  [('总统', 0.5677), ('主席', 0.5423), ('特朗普', 0.5234), ('白宫', 0.4414), ('美联储', 0.4379), ('主任', 0.3981), ('人选', 0.366), ('首选', 0.3617), ('下任', 0.3341), ('盟友', 0.294)]
Mentioned Currencies:  
Keywords:  [('irys', 0.4109), ('coinbase', 0.2971), ('登录', 0.2559), ('app', 0.2508), ('现货交易', 0.2467), ('资产', 0.2354), ('兑换', 0.2266), ('用户', 0.2183), ('发布公告', 0.2094), ('发送', 0.2057)]
Mentioned Currencies:  
Keywords:  [('市值', 0.5312), ('百万', 0.4883), ('成交额', 0.426), ('万美元', 0.4228), ('meme', 0.4179), ('meme24', 0.4164), ('交易', 0.4003), ('排名', 0.2968), ('上涨', 0.2842), ('小时', 0.2718)]
Mentioned Currencies:  
Keywords:  [('批准', 0.4821), ('polymarket', 0.4176), ('cftc', 0.398), ('市场', 0.3714), ('期货交易', 0.3692), ('中介', 0.3464), ('允许', 0.3287), ('委员会', 0.3099), ('designation', 0.3009), ('修订', 0.2802)]
Mentioned Currencies:  Zcash,Bitcoin
Keywords:  [('现价', 0.5395), ('市值', 0.4497), ('美元', 0.3898), ('货币', 0.386), ('代币', 0.3793), ('涨幅', 0.3673), ('zec', 0.3649), ('跌幅', 0.3542), ('cash', 0.3036), ('quant', 0.3001)]
Mentioned Currencies:  Zcash,Hyperliquid
Keywords:  [('巨鲸', 0.5112), ('亿枚', 0.4268), ('万美元', 0.3986), ('lookonchain', 0.3762), ('获利', 0.3397), ('平仓', 0.307), ('仓位', 0.3044), ('据链', 0.2436), ('mon', 0.2334), ('增持', 0.2294)]
Mentioned Currencies:  Ethereum
Keywords:  [('奖励', 0.4362), ('总额', 0.3202), ('平台', 0.2511), ('sharplink', 0.2471), ('2025', 0.2448), ('上周', 0.2247), ('eth', 0.218), ('获得', 0.2166), ('质押', 0.2127), ('财库', 0.2087)]
Mentioned Currencies:  Ethereum,Hyperliquid
Keywords:  [('美元', 0.4585), ('市场', 0.4332), ('价值', 0.4207), ('万美元', 0.3758), ('短时', 0.266), ('杠杆', 0.2507), ('增至', 0.2498), ('数据', 0.234), ('浮亏', 0.2212), ('据链', 0.2111)]
Mentioned Currencies:  Aster
Keywords:  [('期货交易', 0.4769), ('coinbase', 0.4358), ('markets', 0.4185), ('2025', 0.405), ('交易', 0.3174), ('交易者', 0.3149), ('exchange', 0.2966), ('时间', 0.281), ('投资者', 0.2784), ('aster', 0.2642)]
Mentioned Currencies:  Hyperliquid
Keywords:  [('亿美元', 0.5796), ('主爆', 0.4156), ('金额', 0.3843), ('全网', 0.3764), ('加密', 0.3577), ('货币', 0.33), ('万美元', 0.3299), ('最大', 0.3092), ('全球', 0.2968), ('市场', 0.2767)]
Mentioned Currencies:  
Keywords:  [('跌幅', 0.5475), ('大跌', 0.4082), ('七个', 0.3603), ('nvda', 0.3176), ('数据', 0.2923), ('多月', 0.2794), ('最大', 0.262), ('盘中', 0.2574), ('报道', 0.2526), ('单日', 0.2422)]
Mentioned Currencies:  XRP
Keywords:  [('加密', 0.4654), ('moonpay', 0.427), ('纽约州', 0.3719), ('许可', 0.3289), ('trust', 0.3032), ('批准', 0.3027), ('nydfs', 0.2893), ('paypal', 0.272), ('charter', 0.2601), ('监管', 0.2355)]
Mentioned Currencies:  
Keywords:  [('亿美元', 0.552), ('公募', 0.3644), ('额度', 0.2652), ('完成', 0.2421), ('megaeth', 0.2378), ('官方', 0.2289), ('网站', 0.2242), ('信息', 0.1682), ('显示', 0.095)]
Mentioned Currencies:  
Keywords:  [('罚款', 0.4428), ('加密', 0.3544), ('交易所', 0.3265), ('违规行为', 0.3197), ('韩国', 0.3006), ('金融', 0.2995), ('upbit', 0.2923), ('万美元', 0.2775), ('投资者', 0.2648), ('交易', 0.2624)]
Mentioned Currencies:  Aptos
Keywords:  [('融资', 0.5163), ('资金', 0.415), ('借贷', 0.4034), ('收款', 0.3776), ('基金会', 0.3191), ('平台', 0.258), ('战略', 0.2469), ('协议', 0.2333), ('usdc', 0.2106), ('creatorfi', 0.2097)]
Mentioned Currencies:  Bitcoin
Keywords:  [('万元', 0.4374), ('代价', 0.423), ('买入价', 0.3766), ('总金额', 0.3654), ('美元', 0.3431), ('新火', 0.294), ('万美元', 0.2762), ('购买', 0.2731), ('购入', 0.2678), ('收购', 0.2664)]
Mentioned Currencies:  TRON
Keywords:  [('股普跌', 0.4649), ('gaming', 0.3845), ('coinbase', 0.3804), ('下跌', 0.3757), ('美元', 0.3699), ('coin', 0.3095), ('markets', 0.3034), ('bmnr', 0.2854), ('btcs', 0.2849), ('holdings', 0.2659)]
Mentioned Currencies:  
Keywords:  [('谷歌', 0.4926), ('指数', 0.4163), ('数十亿美元', 0.392), ('价值', 0.3542), ('阿里巴巴', 0.3343), ('金十', 0.3266), ('2027', 0.3182), ('数据中心', 0.3118), ('协议', 0.2285), ('母公司', 0.2279)]
Mentioned Currencies:  
Keywords:  [('费用', 0.4806), ('dydx', 0.4726), ('2025', 0.4095), ('代币', 0.3212), ('分配', 0.3185), ('计划', 0.3114), ('返还', 0.3076), ('基金会', 0.2957), ('价值', 0.2842), ('治理', 0.2716)]
Mentioned Currencies:  Bitcoin
Keywords:  [('cryptoquant', 0.4894), ('价格', 0.4783), ('折扣', 0.4123), ('市场', 0.3854), ('财务', 0.3319), ('底部', 0.3232), ('风险', 0.3228), ('美元', 0.3216), ('2025', 0.3034), ('低于', 0.3013)]
Mentioned Currencies:  
Keywords:  [('俄罗斯', 0.5569), ('圣彼得堡', 0.3849), ('被捕', 0.3514), ('加密', 0.3505), ('嫌犯', 0.338), ('袭击', 0.3378), ('手榴弹', 0.3275), ('decrypt', 0.3138), ('抢劫', 0.2849), ('钱包', 0.2398)]
Mentioned Currencies:  
Keywords:  [('委员会', 0.4843), ('会议', 0.4543), ('证券交易', 0.4238), ('投资者', 0.3934), ('2025', 0.3847), ('sec', 0.3802), ('证券', 0.3425), ('股权', 0.3111), ('监管', 0.2938), ('治理', 0.2806)]
Mentioned Currencies:  
Keywords:  [('乌克兰', 0.5296), ('和平', 0.4181), ('协议', 0.3462), ('总统', 0.3185), ('特朗普', 0.2838), ('支持', 0.2799), ('框架', 0.2783), ('日内瓦', 0.2611), ('核心内容', 0.2558), ('会谈', 0.2551)]
Mentioned Currencies:  
Keywords:  [('不太可能', 0.4392), ('三年', 0.4294), ('未来', 0.4198), ('人工智能', 0.3928), ('泡沫', 0.3283), ('阿里巴巴', 0.3235), ('供不应求', 0.2555), ('状态', 0.1392), ('出现', 0.133), ('处于', 0.1241)]
Mentioned Currencies:  
Keywords:  [('fordefi', 0.3336), ('亿美元', 0.3077), ('金融', 0.2745), ('钱包', 0.2684), ('finance', 0.2679), ('加密', 0.2665), ('货币', 0.2222), ('支付', 0.2004), ('paxos', 0.2003), ('收购', 0.1995)]2025-11-28 20:30:38,946 - INFO - Channel: -1001735732363
2025-11-28 20:30:38,947 - INFO - Time: 2025-11-25T08:10:20+00:00
2025-11-28 20:30:38,947 - INFO - Content: **Hotcoin 即将上线 IRYS**

深潮 TechFlow 消息，11 月 25 日，据官方消息，Hotcoin将于2025年11月25日上线 IRYS 热门项目，精准捕捉市场新叙事，助力用户抢占新一轮赛道先机！

【现货交易】

📍 11月25日 21:20（UTC+8）上线 IRYS/USDT

Hotcoin 重磅推出限时零手续费交易活动，让用户以更低成本把握新兴资产的早期增长机遇。

凭借美国 MSB 与澳洲 AUSTRAC 双牌照合规运营、八年零安全事故记录及高效稳定的交易系统，Hotcoin 持续为全球用户提供安全、专业、便捷的数字资产服务。
 
 https://www.techflowpost.com/newsletter/detail_106485.html
2025-11-28 20:30:38,947 - INFO - --------------------------------------------------
2025-11-28 20:30:39,125 - INFO - Channel: -1001735732363
2025-11-28 20:30:39,125 - INFO - Time: 2025-11-25T08:05:27+00:00
2025-11-28 20:30:39,125 - INFO - Content: **ETH 跌破 2,900 美元，24 小时涨幅缩小至 2.71 %**

深潮 TechFlow 消息，11 月 25 日，据 HTX 行情数据显示，ETH 跌破 2,900 美元，现报 2,899.44 美元，24 小时涨幅缩小至 2.71 %。
 
 https://www.techflowpost.com/newsletter/detail_106484.html
2025-11-28 20:30:39,125 - INFO - --------------------------------------------------
2025-11-28 20:30:39,206 - INFO - Channel: -1001735732363
2025-11-28 20:30:39,206 - INFO - Time: 2025-11-25T07:55:18+00:00
2025-11-28 20:30:39,206 - INFO - Content: **VanEck 向美 SEC 提交 BNB ETF S-1 修正文件，计划以“VBNB”代码上市交易**

深潮 TechFlow 消息，11 月 25 日，据美 SEC 网站信息，VanEck 已向美国证券交易委员会提交 VanEck BNB ETF 的 S-1 注册声明第二次修正文件。该 ETF 计划在纳斯达克交易所以代码"VBNB"上市交易。
 
 https://www.techflowpost.com/newsletter/detail_106483.html
2025-11-28 20:30:39,206 - INFO - --------------------------------------------------
2025-11-28 20:30:39,375 - INFO - Channel: -1001735732363
2025-11-28 20:30:39,375 - INFO - Time: 2025-11-25T07:36:21+00:00
2025-11-28 20:30:39,375 - INFO - Content: **上海区块链创新基金揭牌**

深潮 TechFlow 消息，11 月 25 日，据《科创板日报》报道，在2025全球数商大会上，沪新合作在数字身份和电子认证文件互认的合作成果发布、矿产数据出海标准创新联合体上线、上海区块链创新基金揭牌、区块链信用证应用场景上线。同时，上海数据集团与国家数据发展研究院，联合编制发布《基于统一数据基础设施的行业可信数据空间建设运营白皮书》
 
 https://www.techflowpost.com/newsletter/detail_106482.html
2025-11-28 20:30:39,375 - INFO - --------------------------------------------------
2025-11-28 20:30:39,525 - INFO - Channel: -1001735732363
2025-11-28 20:30:39,525 - INFO - Time: 2025-11-25T07:36:17+00:00
2025-11-28 20:30:39,525 - INFO - Content: 🌟 推荐阅读

量子计算的威胁：比特币的大麻烦，对以太坊影响不大
https://www.techflowpost.com/article/detail_29276.html

📖 相关推荐

2030 年比特币会被量子计算机攻破吗？
https://www.techflowpost.com/article/detail_29122.html

埃隆・马斯克提出严峻问题：量子计算机能否破解比特币？
https://www.techflowpost.com/article/detail_27397.html

后量子时代前夜：比特币如何构建下一代安全防线？
https://www.techflowpost.com/article/detail_26080.html
2025-11-28 20:30:39,525 - INFO - --------------------------------------------------
2025-11-28 20:30:39,659 - INFO - Channel: -1001735732363
2025-11-28 20:30:39,659 - INFO - Time: 2025-11-25T07:32:59+00:00
2025-11-28 20:30:39,659 - INFO - Content: **币安：Irys（IRYS）空投的参与门槛为 241 Alpha 积分**

深潮 TechFlow 消息，11 月 25 日，据官方公告，Irys（IRYS）空投的参与门槛现已公布。用户需达到 241 分 Alpha 积分方可参与。申领空投将消耗 15 个币安 Alpha 积分。交易将于今日 19:00 开启。
 
 https://www.techflowpost.com/newsletter/detail_106481.html
2025-11-28 20:30:39,659 - INFO - --------------------------------------------------
2025-11-28 20:30:39,725 - INFO - Channel: -1001735732363
2025-11-28 20:30:39,725 - INFO - Time: 2025-11-25T07:29:28+00:00
2025-11-28 20:30:39,725 - INFO - Content: **交易员 James Wynn 预测 BTC 或于本周末触及 67,000 美元**

深潮 TechFlow 消息，11 月 25 日，交易员 James Wynn（@JamesWynnReal）在社交媒体发文表示，BTC 正在接近 67,000 美元价位，预计该价位可能在本周末前到来。
 
 https://www.techflowpost.com/newsletter/detail_106480.html
2025-11-28 20:30:39,725 - INFO - --------------------------------------------------
2025-11-28 20:30:39,771 - INFO - Channel: -1001735732363
2025-11-28 20:30:39,771 - INFO - Time: 2025-11-25T07:15:01+00:00
2025-11-28 20:30:39,771 - INFO - Content: 🌟 推荐阅读

Grass 持币者会议结束，哪些信息藏着财富密码？
https://www.techflowpost.com/article/detail_29275.html

📖 相关推荐

Grass 新进展：从挂机挖矿到 AI 开发平台，打造 AI 淘金热中的基础工具
https://www.techflowpost.com/article/detail_23026.html

Grass 网络：如何通过共享互联网资源获取收益？
https://www.techflowpost.com/article/detail_21886.html

再探 $GRASS：低流通量与稳定解锁机制或支撑短期强势
https://www.techflowpost.com/article/detail_21507.html
2025-11-28 20:30:39,771 - INFO - --------------------------------------------------
2025-11-28 20:30:39,835 - INFO - Channel: -1001735732363
2025-11-28 20:30:39,835 - INFO - Time: 2025-11-25T07:12:46+00:00
2025-11-28 20:30:39,835 - INFO - Content: **法国上市公司 Capital B 宣布增持 5 枚 BTC ，持有总量达 2,823 枚 BTC
**
深潮 TechFlow 消息，11 月 25 日，据法国上市公司 Capital B 披露，该公司确认以 40 万欧元增持 5 枚 BTC ，目前持有 BTC 总量达到 2,823 枚。
 
 https://www.techflowpost.com/newsletter/detail_106479.html
2025-11-28 20:30:39,835 - INFO - --------------------------------------------------
2025-11-28 20:30:39,887 - INFO - Channel: -1001735732363
2025-11-28 20:30:39,887 - INFO - Time: 2025-11-25T07:07:12+00:00
2025-11-28 20:30:39,888 - INFO - Content: **Bitget Launchpool 项目 MON 收益区间暂报 48.7%-282.12% APR**

深潮 TechFlow 消息，11 月 25 日，Bitget Launchpool 项目 MON 现已开放投入。截止发稿前，其 BGB 锁仓池收益率为 48.7% APR，MON 锁仓池收益率为 282.12% APR。
 
 https://www.techflowpost.com/newsletter/detail_106478.html
2025-11-28 20:30:39,888 - INFO - --------------------------------------------------
2025-11-28 20:30:39,944 - INFO - Channel: -1001735732363
2025-11-28 20:30:39,944 - INFO - Time: 2025-11-25T07:06:32+00:00
2025-11-28 20:30:39,944 - INFO - Content: **Treehouse 启动代币回购计划，首周回购约 35 万枚 ****$TREE**

深潮 TechFlow 消息，11 月 25 日，据官方消息，固定收益基础设施协议 Treehouse 宣布其代币回购提案已于11月15日获得99.59%的压倒性支持，标志着DAO成立后最重要的决策之一。此次回购旨在增强市场信心，支持$TREE的长期价值。

自今年完成TGE以来，Treehouse于9月正式成立DAO，开启由社群共同主导的治理新阶段。团队已在首次大规模公开市场回购中，回购近35万颗$TREE，并同步公布完整链上数据，确保透明性和可验证性。

代币回购类似于股票回购，旨在通过减少市场流通量来提升价格，传递对$TREE价值的信心。Treehouse认为，$TREE的价值远超市场预期，因此采用定期回购策略以降低流通量，惠及长期持有者。

回购机制亮点

收入来源：回购由tETH为主的Market Efficiency Yield（MEY）产生的真实收入支持。

执行透明：回购通过Ethereum上的CowSwap进行，确保去中心化执行。

灵活频率：回购采取不定期、每周至少一次的方式，降低抢先交易风险。

代币存入DAO财库：所有回购的$TREE将存入DAO多签金库，后续用途需经社群治理决定。
 
 https://www.techflowpost.com/newsletter/detail_106477.html
2025-11-28 20:30:39,944 - INFO - --------------------------------------------------
2025-11-28 20:30:40,116 - INFO - Channel: -1001735732363
2025-11-28 20:30:40,116 - INFO - Time: 2025-11-25T06:44:59+00:00
2025-11-28 20:30:40,116 - INFO - Content: **MegaETH 宣布 USDm 预存通道将于今日 22:00 开放**

深潮 TechFlow 消息，11 月 25 日，MegaETH 在社交媒体平台宣布，USDm预存通道将于今日22:00(UTC+8)开放，网站将在开放前约1小时上线供Sonar验证使用，限额为2.5亿美元。存款用户将在12月于MeqaETH主网获得USDm代币。
 
 https://www.techflowpost.com/newsletter/detail_106475.html
2025-11-28 20:30:40,116 - INFO - --------------------------------------------------
2025-11-28 20:30:40,281 - INFO - Channel: -1001735732363
2025-11-28 20:30:40,281 - INFO - Time: 2025-11-25T06:33:25+00:00
2025-11-28 20:30:40,281 - INFO - Content: **Ethena Labs 关联钱包从 Bybit 购入 2500 万枚 ENA 代币，价值约 670 万美元**

深潮 TechFlow 消息，11 月 25 日，据 Onchain Lens 监测，一个与 Ethena Labs 关联的钱包从 Bybit 交易所购入 2500 万枚 ENA 代币，价值约 670 万美元。该钱包目前持有 2.8515 亿枚 ENA 代币，总价值约 7646 万美元。
 
 https://www.techflowpost.com/newsletter/detail_106474.html
2025-11-28 20:30:40,281 - INFO - --------------------------------------------------
2025-11-28 20:30:40,382 - INFO - Channel: -1001735732363
2025-11-28 20:30:40,382 - INFO - Time: 2025-11-25T06:03:04+00:00
2025-11-28 20:30:40,382 - INFO - Content: **币安 Alpha 将在 11 月 27 日上线 SUPERFORTUNE (GUA) ，符合条件的用户可申领空投**

深潮 TechFlow 消息，11 月 25 日，据官方公告，Binance Alpha 将于 11 月 27 日率先上线 SUPERFORTUNE (GUA) 代币。

符合资格的用户可在交易开放后，前往 Alpha Events 页面使用币安 Alpha 积分领取空投。更多详情即将公布。

 https://www.techflowpost.com/newsletter/detail_106473.html
2025-11-28 20:30:40,382 - INFO - --------------------------------------------------
2025-11-28 20:30:40,450 - INFO - Channel: -1001735732363
2025-11-28 20:30:40,450 - INFO - Time: 2025-11-25T05:57:13+00:00
2025-11-28 20:30:40,450 - INFO - Content: **SanDisk 将于周五加入标普 500 指数，Strategy 落选**

深潮 TechFlow 消息，11 月 25 日，据 Morningstar 报道，计算机存储设备制造商 SanDisk Corp. 将于周五加入标普 500 指数，其击败了 Strategy Inc. (MSTR) 获得这一席位，取代广告营销公司 Interpublic Group of Companies Inc.。
 
 https://www.techflowpost.com/newsletter/detail_106472.html
2025-11-28 20:30:40,450 - INFO - --------------------------------------------------
2025-11-28 20:30:40,513 - INFO - Channel: -1001735732363
2025-11-28 20:30:40,513 - INFO - Time: 2025-11-25T05:36:05+00:00
2025-11-28 20:30:40,513 - INFO - Content: **某交易者在币安 Alpha 上线恶俗企鹅代币后 30 分钟内获利超 10 万美元**

深潮 TechFlow 消息，11 月 25 日，据 Lookonchain 监测，某交易者在恶俗企鹅（$恶俗企鹅）代币于币安 Alpha 上线时，立即花费 53.8 BNB（约 4.63 万美元）购买 2820 万枚恶俗企鹅代币。

随后该交易者出售 2720 万枚恶俗企鹅代币，获得 14.8 万 USDT，剩余 100 万枚恶俗企鹅代币（价值约 7500 美元）。

整个交易过程在 30 分钟内完成，获利超过 10 万美元。
 
 https://www.techflowpost.com/newsletter/detail_106471.html
2025-11-28 20:30:40,513 - INFO - --------------------------------------------------
2025-11-28 20:30:40,576 - INFO - Channel: -1001735732363
2025-11-28 20:30:40,576 - INFO - Time: 2025-11-25T05:29:53+00:00
2025-11-28 20:30:40,576 - INFO - Content: **华夏基金（香港）将推二级市场交易代币化基金并探索股票策略等产品代币化**

深潮TechFlow消息，11月25日，据香港文汇报报道，华夏基金（香港）预告将推更多传统资产上链，目前正在研究将长久期债券、股票策略及其他多元策略产品代币化，同时将推出可在二级市场交易的代币化基金，让基金份额能像加密资产一样近乎全天候交易。此外，华夏基金（香港）还披露港币、美元、人民币三大币种计价的代币化货币市场基金总规模已升至53亿港元。
 
 https://www.techflowpost.com/newsletter/detail_106470.html
2025-11-28 20:30:40,576 - INFO - --------------------------------------------------
2025-11-28 20:30:40,665 - INFO - Channel: -1001735732363
2025-11-28 20:30:40,666 - INFO - Time: 2025-11-25T05:09:24+00:00
2025-11-28 20:30:40,666 - INFO - Content: **某巨鲸 12 小时内做多 1.716 亿枚 MON 代币，价值 560 万美元**

深潮 TechFlow 消息，11 月 25 日，据 Lookonchain 监测，巨鲸地址 0xccB5 在过去 12 小时内开启了 1.716 亿枚 MON 代币的 3 倍做多头寸，价值 560 万美元，目前持有 65.4 万美元的未实现收益。该头寸的清算价格为 0.02298 美元。
 
 https://www.techflowpost.com/newsletter/detail_106469.html
2025-11-28 20:30:40,666 - INFO - --------------------------------------------------
2025-11-28 20:30:40,726 - INFO - Channel: -1001735732363
2025-11-28 20:30:40,727 - INFO - Time: 2025-11-25T05:07:27+00:00
2025-11-28 20:30:40,727 - INFO - Content: **Binance alpha 已上线 BNBHOLDER、恶俗企鹅**

深潮 TechFlow 消息，11 月 25 日，据官方页面显示，Binance alpha 已上线 BNBHOLDER、恶俗企鹅。
 
 https://www.techflowpost.com/newsletter/detail_106468.html
2025-11-28 20:30:40,727 - INFO - --------------------------------------------------
2025-11-28 20:30:40,773 - INFO - Channel: -1001735732363
2025-11-28 20:30:40,773 - INFO - Time: 2025-11-25T05:02:36+00:00
2025-11-28 20:30:40,773 - INFO - Content: **Galaxy Digital 正探索与预测市场平台 Polymarket 和 Kalshi 建立流动性提供商合作关系**

深潮 TechFlow 消息，11 月 25 日，据 Theblock 报道，Mike Novogratz 领导的 Galaxy Digital 正在探讨为预测市场平台 Polymarket 和 Kalshi 提供流动性的合作方案。

Novogratz 在接受采访时表示，Galaxy Digital 目前正在预测市场进行"小规模实验性"做市活动，并计划未来在这些平台上提供"更广泛的流动性"。
 
 https://www.techflowpost.com/newsletter/detail_106467.html
2025-11-28 20:30:40,773 - INFO - --------------------------------------------------
2025-11-28 20:30:40,870 - INFO - Channel: -1001735732363
2025-11-28 20:30:40,870 - INFO - Time: 2025-11-25T04:19:46+00:00
2025-11-28 20:30:40,870 - INFO - Content: **Bitget Launchpool 项目 MON 现已开放投入，锁仓 BGB 或 MON 解锁 2,500 万枚 MON**

深潮 TechFlow 消息，11 月 25 日，Bitget 本期 Launchpool 项目 Monad（MON）现已开放投入，锁仓 BGB 或 MON 解锁 25,000,000 枚 MON，锁仓通道时间截止 11 月 30 日 12:00（UTC+8）。

本轮 Launchpool 共开放两个锁仓池，其中：

BGB 锁仓池

空投总量：24,142,000 MON

VIP 用户锁仓上限：50,000 BGB

普通用户锁仓上限：5,000 BGB

MON 锁仓池

空投总量：858,000 MON

个人锁仓上限：1,500,000 MON
 
 https://www.techflowpost.com/newsletter/detail_106465.html
2025-11-28 20:30:40,870 - INFO - --------------------------------------------------
2025-11-28 20:30:40,945 - INFO - Channel: -1001735732363
2025-11-28 20:30:40,945 - INFO - Time: 2025-11-25T04:15:43+00:00
2025-11-28 20:30:40,945 - INFO - Content: **Bitwise：DOGE ETF 即将推出，交易代码为 BWOW**

深潮 TechFlow 消息，11 月 25 日，据官方公告，Bitwise旗下狗狗币（DOGE） ETF 即将推出，交易代码为 BWOW。
 
 https://www.techflowpost.com/newsletter/detail_106464.html
2025-11-28 20:30:40,945 - INFO - --------------------------------------------------
2025-11-28 20:30:41,007 - INFO - Channel: -1001735732363
2025-11-28 20:30:41,007 - INFO - Time: 2025-11-25T04:13:04+00:00
2025-11-28 20:30:41,007 - INFO - Content: **某鲸鱼休眠 1 年时间后苏醒，从币安提取 10,026 枚以太坊，价值 2,916 万美元**

深潮 TechFlow 消息，11 月 25 日，据链上分析师 Onchain Lens（@OnchainLens）监测，某鲸鱼从币安提取 10,026 枚 ETH，价值 2,916 万美元。该鲸鱼此前已休眠 1 年时间。
 
 https://www.techflowpost.com/newsletter/detail_106463.html
2025-11-28 20:30:41,007 - INFO - --------------------------------------------------
2025-11-28 20:30:41,063 - INFO - Channel: -1001735732363
2025-11-28 20:30:41,063 - INFO - Time: 2025-11-25T04:07:07+00:00
2025-11-28 20:30:41,063 - INFO - Content: **Pump.fun**** 联创否认“公司套现 4 亿美元”，称资金转移为公司资金管理操作**

深潮 TechFlow 消息，11 月 25 日，针对 Lookonchain 发布的“Pump.fun 项目方一周内疑似出金超 4 亿美元”消息，Pump.fun 联合创始人兼首席技术官 Dylan Kerler 在社交媒体发文回应称，公司并未套现任何资金，也未参与所谓的 Kraken、Circle 的交易。

Dylan Kerler 表示，相关资金转移属于 Pump.fun 的资金管理操作，将 PUMP ICO 获得的 USDC 转移至不同钱包，以便公司将运营资金重新投资于业务发展。
 
 https://www.techflowpost.com/newsletter/detail_106462.html
2025-11-28 20:30:41,063 - INFO - --------------------------------------------------
2025-11-28 20:30:41,200 - INFO - Channel: -1001735732363
2025-11-28 20:30:41,200 - INFO - Time: 2025-11-25T03:57:01+00:00
2025-11-28 20:30:41,200 - INFO - Content: **方程式创始人昨晚宣布卖出均价 8.4 万美元买入的比特币**

深潮 TechFlow 消息，11 月 25 日，方程式创始人 Vida 昨晚在其个人频道表示，其已以 8.6 万美元均价卖出此前买入的比特币（均价 8.4 万美元）。“还是对美股有些恐高，纸手就纸吧。”
 
 https://www.techflowpost.com/newsletter/detail_106461.html
2025-11-28 20:30:41,200 - INFO - --------------------------------------------------
2025-11-28 20:30:41,316 - INFO - Channel: -1001735732363
2025-11-28 20:30:41,316 - INFO - Time: 2025-11-25T03:51:31+00:00
2025-11-28 20:30:41,316 - INFO - Content: **大摩：若美联储降息，日元未来数月或升值近10%**

深潮 TechFlow 消息，11 月 25 日，据金十数据报道，摩根士丹利的策略师表示，如果美联储在美国经济放缓迹象增多的情况下连续降息，日元兑美元在未来数月内有望升值近10%。包括马修•霍恩巴赫在内的策略师写道，美元/日元目前已脱离公允价值，如果这种关系回归，美日汇率将在2026年第一季度下跌，因为美国国债收益率下跌可能压低公允价值。他们指出，“与此同时，日本的财政政策并不特别扩张性”，并预计随着美国经济在明年下半年复苏、利差交易需求回升，日元将再次面临下行压力。摩根士丹利预计美元/日元将在2026年第一季度下跌至约140，随后在年底回升至约147。
 
 https://www.techflowpost.com/newsletter/detail_106460.html
2025-11-28 20:30:41,316 - INFO - --------------------------------------------------
2025-11-28 20:30:41,467 - INFO - Channel: -1001735732363
2025-11-28 20:30:41,467 - INFO - Time: 2025-11-25T03:44:08+00:00
2025-11-28 20:30:41,467 - INFO - Content: **ROCK 涨超 5%，现报 0.0019 USDT，累计涨超 17 倍**

深潮 TechFlow 消息，11 月 25 日，火币HTX 数据监测显示，ROCK 近日快速上涨，最高触及 0.002 USDT，现报 0.0019 USDT，24H 最高涨幅约 6%。从阶段表现来看，ROCK 相较 11 月低点 0.0012 USDT 已反弹约 66.7%，年内涨超 166.7%。两年内最大涨幅高达 1718.2%，累计涨超 17 倍。
 
 https://www.techflowpost.com/newsletter/detail_106459.html
2025-11-28 20:30:41,467 - INFO - --------------------------------------------------
2025-11-28 20:30:41,611 - INFO - Channel: -1001735732363
2025-11-28 20:30:41,611 - INFO - Time: 2025-11-25T03:35:53+00:00
2025-11-28 20:30:41,611 - INFO - Content: **昨日美国以太坊现货 ETF 净流入 9228 万美元**

深潮 TechFlow 消息，11 月 25 日，据加密分析师 Trader T 监测，昨日美国以太坊现货 ETF 净流入 9228 万美元。

ETHA（BlackRock）：净流入 8822 万美元；

FETH（Fidelity）：净流出 223 万美元；

ETHW（Bitwise）：净流出 426 万美元；

CETH（21Shares）：净流入 74 万美元；

ETH（Grayscale mini）：净流入 981 万美元。
 
 https://www.techflowpost.com/newsletter/detail_106458.html
2025-11-28 20:30:41,611 - INFO - --------------------------------------------------
2025-11-28 20:30:41,719 - INFO - Channel: -1001735732363
2025-11-28 20:30:41,719 - INFO - Time: 2025-11-25T03:33:48+00:00
2025-11-28 20:30:41,719 - INFO - Content: **昨日美国比特币现货 ETF 净流出 1.4543 亿美元**

深潮 TechFlow 消息，11 月 25 日，据加密分析师 Trader T 监测，昨日美国比特币现货 ETF 净流出 1.4543 亿美元。

IBIT（BlackRock）：净流出 1.4348 亿美元；

FBTC（Fidelity）：净流入 1549 万美元；

BITB（Bitwise）：净流出 579 万美元；

ARKB（Ark Invest）：净流出 1165 万美元。
 
 https://www.techflowpost.com/newsletter/detail_106457.html
2025-11-28 20:30:41,719 - INFO - --------------------------------------------------
2025-11-28 20:30:41,787 - INFO - Channel: -1001735732363
2025-11-28 20:30:41,787 - INFO - Time: 2025-11-25T03:27:03+00:00
2025-11-28 20:30:41,787 - INFO - Content: **超 300 个美国家庭起诉币安，指控其为哈马斯提供交易服务**

深潮 TechFlow 消息，11 月 25 日，据 Decrypt 报道，币安面临新的诉讼，指控该交易所系统在 2017 年至 2023 年期间，允许与哈马斯相关的加密货币交易。

该诉讼由超过 300 个在哈马斯袭击中遇难或受伤的美国人家庭在北达科他州联邦法院提起。原告指控币安的企业结构和合规实践允许与恐怖组织相关的用户通过该中心化加密货币交易所转移资金。

诉讼声称，币安缺乏充分的控制措施，存在客户验证薄弱、混合资产的综合钱包以及限制监督的内部沟通做法等问题。原告律师表示，币安不仅故意向哈马斯提供金融服务，还积极试图保护其哈马斯客户及其资金免受美国监管机构或执法部门的审查。
 
 https://www.techflowpost.com/newsletter/detail_106456.html
2025-11-28 20:30:41,787 - INFO - --------------------------------------------------
2025-11-28 20:30:41,881 - INFO - Channel: -1001735732363
2025-11-28 20:30:41,881 - INFO - Time: 2025-11-25T03:20:20+00:00
2025-11-28 20:30:41,881 - INFO - Content: **Bitget 将上线 IRYS 现货交易**

深潮 TechFlow 消息，11 月 25 日，Bitget 将在创新区和公链区上线 Irys（IRYS）。充值通道现已开放，交易通道将于 11 月 25 日 21:00（UTC+8）开放。
 
 https://www.techflowpost.com/newsletter/detail_106455.html
2025-11-28 20:30:41,881 - INFO - --------------------------------------------------
2025-11-28 20:30:41,957 - INFO - Channel: -1001735732363
2025-11-28 20:30:41,957 - INFO - Time: 2025-11-25T03:19:27+00:00
2025-11-28 20:30:41,957 - INFO - Content: **孙悟空第一期交易挖矿今日20时重磅升级，奖励全面提升**

深潮 TechFlow 消息，11 月 25 日，据官方最新公告，孙悟空第一期交易挖矿活动已于24日20:00（UTC+8）升级。届时，Maker与Taker手续费返还比例将分别提升至110%和107%。单用户每小时奖励上限上调至500 USDT，预计最高奖励可达18万 USDT。

据悉，本期交易挖矿活动于11月21日20:00至12月6日20:00期间进行，总奖池高达135万 USDT。活动期间，用户参与 BTC/USDT、ETH/USDT、SUN/USDT永续合约交易，即可在返还全部手续费的基础上，获得额外$SUN代币奖励。
 
 https://www.techflowpost.com/newsletter/detail_106454.html
2025-11-28 20:30:41,957 - INFO - --------------------------------------------------
2025-11-28 20:30:42,175 - INFO - Channel: -1001735732363
2025-11-28 20:30:42,176 - INFO - Time: 2025-11-25T03:15:06+00:00
2025-11-28 20:30:42,176 - INFO - Content: **特朗普称将于明年4月访华**

深潮 TechFlow 消息，11 月 25 日，据金十数据报道，特朗普在社交平台发文表示，他将于明年四月访华。“情况只会越来越好，我们与中国的关系非常牢固！”他写道，这次通话是双方在韩国举行的“非常成功”的会晤之后的进一步沟通。自那次会面以来，中美双方在确保双边协议的相关性和准确性方面取得了“显著进展”。
 
 https://www.techflowpost.com/newsletter/detail_106453.html
2025-11-28 20:30:42,176 - INFO - --------------------------------------------------

Mentioned Currencies:  
Keywords:  [('零售', 0.3928), ('销售', 0.3884), ('预期', 0.2414), ('美国', 0.203), ('报道', 0.1708), ('前值', 0.1617), ('数据', 0.1533)]
Mentioned Currencies:  
Keywords:  [('就业', 0.4295), ('雇主', 0.384), ('岗位', 0.3641), ('每周', 0.3414), ('减少', 0.2947), ('adp', 0.2914), ('部门', 0.2404), ('平均', 0.2358), ('周度', 0.2248), ('报告', 0.1192)]
Mentioned Currencies:  
Keywords:  [('候选人', 0.4855), ('主席', 0.4826), ('总统', 0.4617), ('美联储', 0.4235), ('面试', 0.4061), ('财长', 0.4012), ('最后', 0.3931), ('人选', 0.3894), ('特朗普', 0.3814), ('第二轮', 0.3381)]
Mentioned Currencies:  
Keywords:  [('资金', 0.395), ('支付', 0.3569), ('金融', 0.3165), ('结算', 0.3131), ('成本', 0.2737), ('最新', 0.2716), ('瑞典', 0.2579), ('消费者', 0.2563), ('先买', 0.2513), ('后付', 0.2426)]
Mentioned Currencies:  
Keywords:  [('美元', 0.5718), ('价格', 0.5536), ('投资', 0.3217), ('市场', 0.3118), ('预测', 0.2759), ('流通量', 0.2729), ('mon', 0.2684), ('bitmex', 0.2035), ('牛市', 0.2026), ('fdv', 0.1991)]
Mentioned Currencies:  
Keywords:  [('乌克兰', 0.5077), ('协议', 0.4395), ('和平', 0.43), ('同意', 0.3247), ('美国', 0.302), ('新闻', 0.2362), ('敲定', 0.2179), ('条款', 0.1831), ('次要', 0.1644), ('官员', 0.1475)]
Mentioned Currencies:  
Keywords:  [('美元', 0.5384), ('涨幅', 0.3842), ('行情', 0.3813), ('mon', 0.2936), ('htx', 0.2811), ('小时', 0.2746), ('现报', 0.1886), ('突破', 0.1506), ('显示', 0.1224)]
Mentioned Currencies:  Bitcoin
Keywords:  [('亿日元', 0.4888), ('价格', 0.4557), ('万日元', 0.4511), ('资金', 0.344), ('总价值', 0.3231), ('盈余', 0.2944), ('万美元', 0.2781), ('平均', 0.2751), ('日本', 0.2492), ('购买', 0.2413)]
Mentioned Currencies:  
Keywords:  [('不确定性', 0.4758), ('紧张局势', 0.4655), ('市场趋势', 0.4438), ('通胀', 0.4299), ('东欧', 0.4147), ('中东', 0.4032), ('资金', 0.3716), ('美联储', 0.3685), ('外交', 0.3547), ('投资者', 0.3508)]
Mentioned Currencies:  Bitcoin
Keywords:  [('lookonchain', 0.4633), ('coinbase', 0.3401), ('亿美元', 0.3189), ('btc', 0.3042), ('prime', 0.2763), ('价值', 0.2011), ('平台', 0.1635), ('据链', 0.1557), ('存入', 0.1346), ('监测', 0.1125)]
Mentioned Currencies:  Bitcoin
Keywords:  [('加密', 0.4938), ('银行业', 0.3658), ('银行', 0.3617), ('关闭', 0.3594), ('金融公司', 0.3462), ('参议员', 0.3022), ('摩根', 0.2923), ('削弱', 0.262), ('cynthia', 0.2605), ('mallers', 0.2477)]
Mentioned Currencies:  Ethereum,Hyperliquid
Keywords:  [('价位', 0.7304), ('美元', 0.6024), ('卖单', 0.5531), ('限价', 0.5144), ('杠杆', 0.3467), ('据链', 0.3138), ('清算', 0.2969), ('单加', 0.2917), ('大约', 0.266), ('多单', 0.2656)]
Mentioned Currencies:  
Keywords:  [('websea', 0.5636), ('交易平台', 0.5502), ('受益者', 0.5107), ('交易量', 0.507), ('奖励', 0.4981), ('收益', 0.4853), ('交易成本', 0.4666), ('交易', 0.4365), ('价值', 0.4291), ('代币', 0.4079)]
Mentioned Currencies:  
Keywords:  [('wallet', 0.5955), ('币化', 0.5822), ('钱包', 0.5631), ('货币', 0.563), ('金融部门', 0.5385), ('financial', 0.5263), ('交易所', 0.4135), ('资产', 0.3933), ('交换', 0.3777), ('兑换', 0.3731)]
Mentioned Currencies:  
Keywords:  [('谷歌', 0.483), ('销售', 0.4548), ('tpu', 0.4135), ('跌超', 0.3678), ('金十', 0.3265), ('消息', 0.3143), ('伟达', 0.2733), ('nvda', 0.2542), ('盘前', 0.2397), ('面上', 0.2164)]
Mentioned Currencies:  
Keywords:  [('金融法', 0.5336), ('阿联酋', 0.4491), ('罚款', 0.4059), ('金融', 0.4008), ('借贷', 0.3944), ('中央银行', 0.3775), ('监管', 0.374), ('2026', 0.3556), ('法规', 0.3553), ('制裁', 0.3445)]
Mentioned Currencies:  
Keywords:  [('波动', 0.4994), ('风险', 0.464), ('危机', 0.4147), ('市场', 0.403), ('经济学家', 0.3922), ('金融', 0.3905), ('担忧', 0.3816), ('恶化', 0.3618), ('乐观', 0.3581), ('美联储', 0.3454)]
Mentioned Currencies:  TRON,Ethereum
Keywords:  [('wallet', 0.504), ('加密', 0.4986), ('银行', 0.4916), ('账户', 0.4517), ('货币', 0.4227), ('资金', 0.3555), ('bnb', 0.3481), ('资产', 0.3253), ('尼日利亚', 0.3111), ('usdc', 0.3017)]
Mentioned Currencies:  
Keywords:  [('aethir', 0.5601), ('arr', 0.3981), ('企业级', 0.3722), ('基础设施', 0.3267), ('收入', 0.3261), ('领导', 0.3175), ('企业', 0.3161), ('计算', 0.316), ('增长', 0.313), ('q3', 0.3041)]
Mentioned Currencies:  
Keywords:  [('加密', 0.5646), ('风险', 0.4302), ('防范', 0.4127), ('推荐', 0.3366), ('应用', 0.3011), ('建议', 0.278), ('锁定', 0.2762), ('企业', 0.2688), ('货币', 0.2509), ('付费', 0.2427)]
Mentioned Currencies:  Bitcoin
Keywords:  [('贷款', 0.4744), ('借款', 0.4526), ('亿美元', 0.4345), ('信贷', 0.4214), ('抵押', 0.386), ('筹集资金', 0.2725), ('合同', 0.263), ('823btc', 0.2575), ('metaplanet', 0.2509), ('担保', 0.2498)]
Mentioned Currencies:  
Keywords:  [('汇率', 0.499), ('代币', 0.4961), ('2025', 0.4584), ('收盘价', 0.4121), ('币安', 0.3976), ('据币安', 0.3842), ('账户', 0.3477), ('计算', 0.3465), ('流通', 0.3364), ('celb', 0.3278)]
Mentioned Currencies:  
Keywords:  [('美元', 0.4351), ('htx', 0.4321), ('交易额', 0.4219), ('合约', 0.3888), ('000usdt', 0.3682), ('交易', 0.3618), ('usdt', 0.3607), ('期间', 0.3017), ('火币', 0.2926), ('官方', 0.2907)]
Mentioned Currencies:  Ethena
Keywords:  [('ethena', 0.4348), ('亿枚', 0.4117), ('ena', 0.3989), ('万美元', 0.342), ('交易所', 0.3375), ('代币', 0.3166), ('coinbase', 0.2953), ('bybit', 0.2871), ('鲸鱼', 0.2682), ('万枚', 0.2676)]
Mentioned Currencies:  
Keywords:  [('现货交易', 0.4469), ('交易所', 0.4105), ('2025', 0.3613), ('充币', 0.3293), ('期间', 0.318), ('提币', 0.3157), ('提前', 0.3051), ('usdt', 0.3023), ('开放', 0.292), ('上线', 0.2857)]
Mentioned Currencies:  World Liberty Financial
Keywords:  [('钱包', 0.5813), ('美元', 0.4641), ('价格', 0.4609), ('花费', 0.4504), ('亿枚', 0.3151), ('购买', 0.3098), ('万美元', 0.2836), ('onchain', 0.2585), ('onchainlens', 0.2044), ('获利', 0.1954)]
Mentioned Currencies:  
Keywords:  [('aethir', 0.513), ('服务收入', 0.4), ('基础设施', 0.3768), ('亿美元', 0.3623), ('数据', 0.355), ('arr', 0.3476), ('资产', 0.3464), ('亿枚', 0.3287), ('收入', 0.3246), ('2025', 0.3161)]
Mentioned Currencies:  
Keywords:  [('跌幅', 0.5228), ('黄金', 0.4791), ('美元', 0.4635), ('下跌', 0.4603), ('金银', 0.4398), ('白银', 0.4303), ('走低', 0.3677), ('向下', 0.3572), ('金十', 0.3528), ('盎司', 0.3384)]
Mentioned Currencies:  
Keywords:  [('vip', 0.4845), ('vip3', 0.4713), ('奖池', 0.3543), ('报名', 0.3231), ('奖励', 0.2928), ('用户', 0.2839), ('时间', 0.2544), ('解锁', 0.2305), ('等级', 0.2093), ('盛典', 0.2009)]
Mentioned Currencies:  
Keywords:  [('加密', 0.5427), ('诈骗', 0.4395), ('诈骗案', 0.4266), ('硅谷', 0.4171), ('新加坡', 0.4043), ('香港', 0.3905), ('假钞', 0.3597), ('柬埔寨', 0.286), ('孟买', 0.2473), ('地理', 0.2385)]
Mentioned Currencies:  
Keywords:  [('通胀', 0.4509), ('美联储', 0.4269), ('票委', 0.4245), ('投票', 0.4221), ('利率', 0.3976), ('决定', 0.3758), ('假设', 0.333), ('市场', 0.328), ('政策', 0.3268), ('下降', 0.3141)]
Mentioned Currencies:  Aster
Keywords:  [('巨鲸', 0.6605), ('万美元', 0.4006), ('价值', 0.3551), ('从币安', 0.3167), ('万枚', 0.2927), ('8e7d', 0.2199), ('data', 0.1994), ('aster', 0.1923), ('提取', 0.192), ('0x1f6', 0.157)]
Mentioned Currencies:  
Keywords:  [('中奖率', 0.5217), ('奖池', 0.5026), ('刮奖', 0.4337), ('报名', 0.4299), ('机会', 0.3927), ('赢取', 0.3888), ('合约', 0.3877), ('参与', 0.3705), ('按钮', 0.3412), ('好运', 0.3401)]
Mentioned Currencies:  
Keywords:  [('费率', 0.5933), ('手续费', 0.5874), ('代币', 0.5456), ('币安', 0.441), ('钱包', 0.4204), ('交易', 0.4014), ('2025', 0.387), ('恢复', 0.304), ('官方', 0.2877), ('最新', 0.2845)]
Mentioned Currencies:  Bitcoin2025-11-28 20:30:42,306 - INFO - Channel: -1001735732363
2025-11-28 20:30:42,306 - INFO - Time: 2025-11-25T03:09:42+00:00
2025-11-28 20:30:42,306 - INFO - Content: **"麻吉老哥"黄立成新开的 ETH 和 HYPE 多单累计浮盈 26 万美元**

深潮 TechFlow 消息，11 月 25 日，据链上分析师 Ai 姨（@ai_9684xtpa）监测，"麻吉老哥"黄立成的 ETH 和 HYPE 多单已累计浮盈 26 万美元。

其中，ETH 持仓 4574 枚（价值 1339 万美元），开仓价为 2884.02 美元；HYPE 持仓 45000 枚（价值 148 万美元），开仓价为 32.25 美元。
 
 https://www.techflowpost.com/newsletter/detail_106452.html
2025-11-28 20:30:42,306 - INFO - --------------------------------------------------
2025-11-28 20:30:42,372 - INFO - Channel: -1001735732363
2025-11-28 20:30:42,372 - INFO - Time: 2025-11-25T03:07:18+00:00
2025-11-28 20:30:42,372 - INFO - Content: 🌟 推荐阅读

美国 AI 的 B 面：给中国比特币矿主「打工」
https://www.techflowpost.com/article/detail_29269.html

📖 相关推荐

英伟达内部会，黄仁勋坦言：太难了，“做得好是AI泡沫”，“一点点不及预期，整个世界就会崩溃”
https://www.techflowpost.com/article/detail_29233.html

AI 杀死矿工：「能源挤兑」撕开新周期，矿企站在怎样的命运交叉点？
https://www.techflowpost.com/article/detail_29165.html

比特小鹿：从比特币矿工到「AI 二房东」
https://www.techflowpost.com/article/detail_29077.html
2025-11-28 20:30:42,372 - INFO - --------------------------------------------------
2025-11-28 20:30:42,443 - INFO - Channel: -1001735732363
2025-11-28 20:30:42,443 - INFO - Time: 2025-11-25T03:02:19+00:00
2025-11-28 20:30:42,443 - INFO - Content: **瑞银：美股回调已到位，年底反弹可期**

深潮 TechFlow 消息，11 月 25 日，据金十数据报道，瑞银证券交易部门表示，美国股市的抛售可能已告一段落，为年底反弹奠定了基础。上周，由于投资者对美联储进一步宽松政策的前景存疑，并从拥挤的 AI 交易中撤出，股市大幅下挫。标普 500 指数和纳斯达克 100 指数较 10 月底的历史高点分别下跌约 4% 和 7%，双双跌至 100 日均线附近。

但瑞银认为，随着基准指数在这一关键技术位获得支撑、系统性基金的抛售基本平息，且下月美联储降息预期看似重回正轨，未来股市有望走强。

「我们的观点是，当前的去风险阶段目前已告一段落，」瑞银股票衍生品对冲基金销售主管迈克尔·罗马诺（Michael Romano）在上周日发布的报告中写道。

罗马诺预计，标普 500 指数将在年底前升至 7000 点附近，他认为 11 月的市场洗盘已充分重置仓位，为后续上涨创造了条件。这位策略师预计，近期的回调可能已使市场步入一个特殊的 12 月——动量股有望迎来强势表现（这类股票通常会出现快速且大幅的价格波动）。
 
 https://www.techflowpost.com/newsletter/detail_106451.html
2025-11-28 20:30:42,443 - INFO - --------------------------------------------------
2025-11-28 20:30:42,628 - INFO - Channel: -1001735732363
2025-11-28 20:30:42,628 - INFO - Time: 2025-11-25T02:54:38+00:00
2025-11-28 20:30:42,628 - INFO - Content: 🌟 推荐阅读

对话 HTX DAO 大使：$HTX「通缩艺术」如何驱动更民主的 DAO 治理典范？
https://www.techflowpost.com/article/detail_29272.html

📖 相关推荐

HTX DAO“信心之旅”广州站圆满收官，社区共识在湾区之夜再次升温
https://www.techflowpost.com/article/detail_29193.html

秩序的重生：HTX DAO 2025 年报，从通缩到 Web3 金融自治样本
https://www.techflowpost.com/article/detail_29082.html

HTX DAO 以行动诠释公益初心，携手红丹丹共筑“盲健同行”融合之路
https://www.techflowpost.com/article/detail_28640.html
2025-11-28 20:30:42,628 - INFO - --------------------------------------------------
2025-11-28 20:30:42,739 - INFO - Channel: -1001735732363
2025-11-28 20:30:42,739 - INFO - Time: 2025-11-25T02:50:26+00:00
2025-11-28 20:30:42,739 - INFO - Content: **西班牙银行 Renta 4 Banco 获得西班牙国家证券市场委员会颁发的 MiCA 许可证**

深潮 TechFlow 消息，11 月 25 日，据 CriptoNoticias 报道，西班牙 Renta 4 Banco 获得西班牙国家证券市场委员会（CNMV）颁发的 MiCA 许可证，成为该国第四家可合法买卖、托管和转移加密资产的银行。

该授权允许 Renta 4 提供机构托管、接收和传输订单服务，并可为所有客户提供 Bitcoin（BTC）、Ethereum（ETH）等数字资产的转移服务。此前，BBVA 于 2025 年 3 月率先获得许可证并推出 Bitcoin 和 Ethereum 交易服务；Cecabank 和桑坦德数字银行 Openbank 均于 7 月获得授权。

此外，西班牙还通过 MiCA 欧洲通行证授权德国商业银行、法国 CACEIS 和法国兴业银行等欧盟银行在当地运营加密货币服务。
 
 https://www.techflowpost.com/newsletter/detail_106450.html
2025-11-28 20:30:42,739 - INFO - --------------------------------------------------
2025-11-28 20:30:42,937 - INFO - Channel: -1001735732363
2025-11-28 20:30:42,938 - INFO - Time: 2025-11-25T02:45:27+00:00
2025-11-28 20:30:42,938 - INFO - Content: **现货黄金站上4150美元/盎司，为11月14日以来首次，日内涨0.39%**

深潮 TechFlow 消息，11 月 25 日，据金十数据报道，现货黄金站上4150美元/盎司，为11月14日以来首次，日内涨0.39%。
 
 https://www.techflowpost.com/newsletter/detail_106449.html
2025-11-28 20:30:42,938 - INFO - --------------------------------------------------
2025-11-28 20:30:43,005 - INFO - Channel: -1001735732363
2025-11-28 20:30:43,005 - INFO - Time: 2025-11-25T02:43:00+00:00
2025-11-28 20:30:43,005 - INFO - Content: **德祥地产折让逾16%配股集资7056万元，约30%用于支持融入Web3生态以进行策略性转型及升级**

深潮 TechFlow 消息，11 月 25 日，据港媒东网报道，德祥地产(00199)宣布，向The Reynold Lemkins Group (Asia) Limited(认购方)发行1.008亿股股份，占扩大后已发行股份总数10%，每股认购价0.7元，较停牌前最后交易日收市价0.84元折让16.67%，集资7,056万元，净额6,876万元。

所得净额中，(i)约30%用于支持集团透过融入Web3生态系统，对集团传统地产业务的进行策略性转型及升级；(ii)约25%用于选择性收购或投资与集团策略性转型高度协同之企业及项目，以提升集团在人工智能、数码化、区块链及其他受益领域之能力；(iii)约25%用作扩大策略伙伴及地域市场覆盖；及(iv)约20%用作一般营运资金。

德祥地产今早(25日)复牌。认购方之最终实益拥有人为企业家刘浩然。
 
 https://www.techflowpost.com/newsletter/detail_106448.html
2025-11-28 20:30:43,005 - INFO - --------------------------------------------------
2025-11-28 20:30:43,185 - INFO - Channel: -1001735732363
2025-11-28 20:30:43,185 - INFO - Time: 2025-11-25T02:38:59+00:00
2025-11-28 20:30:43,185 - INFO - Content: **Wintermute CEO：贝莱德链上大额转账为滞后指标，ETF 抛售早已发生**

深潮 TechFlow 消息，11 月 25 日，针对“贝莱德向 Coinbase 转入大额 BTC 及 ETH”相关消息，做市商 Wintermute 创始人兼首席执行官 Evgeny Gaevoy 发布推文提醒称，“这其实是一个滞后性很强的指标。抛售早已在 ETF 中发生。做市商的链上转账往往也是一样的情况。”
 
 https://www.techflowpost.com/newsletter/detail_106447.html
2025-11-28 20:30:43,185 - INFO - --------------------------------------------------
2025-11-28 20:30:43,342 - INFO - Channel: -1001735732363
2025-11-28 20:30:43,342 - INFO - Time: 2025-11-25T02:33:37+00:00
2025-11-28 20:30:43,342 - INFO - Content: **俄罗斯一男子引爆仿真手雷与烟雾弹以抢劫加密货币交易所，被当场拘留**

深潮 TechFlow 消息，11 月 25 日，据 Dlnews 报道，俄罗斯圣彼得堡警方逮捕了一名试图通过引爆仿真手雷抢劫加密货币交易所的男子。

11 月 22 日，这名 21 岁的无业男子进入位于圣彼得堡市中心 Khersonskaya 街的交易所办公室，引爆了两枚仿真手雷并点燃烟雾弹，随后要求工作人员将交易所的所有加密货币资产转移到他的钱包中。

俄罗斯内政部圣彼得堡和列宁格勒州总局表示，该嫌疑人被当场拘留，身上还携带两枚未引爆的仿真手雷。警方已根据俄罗斯刑法第 162 条（抢劫罪）对其提起诉讼。
 
 https://www.techflowpost.com/newsletter/detail_106446.html
2025-11-28 20:30:43,342 - INFO - --------------------------------------------------
2025-11-28 20:30:43,483 - INFO - Channel: -1001735732363
2025-11-28 20:30:43,483 - INFO - Time: 2025-11-25T02:32:06+00:00
2025-11-28 20:30:43,483 - INFO - Content: **WEEX 宣布已支持 Monad 主网**

深潮 TechFlow 消息，11 月 25 日，WEEX 唯客交易所宣布，WEEX 已正式支持 Monad 主网。Monad 是一个高性能 Layer 1 区块链，旨在解决现有网络（尤其是以太坊）的可扩展性限制，同时与 EVM 完全兼容。

WEEX已于 11 月 24 日23:00 (UTC+8) 上线 Monad (MON)，充值已于 11 月 24 日21:00 (UTC+8) 开启，提现将于 11 月 25 日 23:00 (UTC+8) 开启。
 
 https://www.techflowpost.com/newsletter/detail_106445.html
2025-11-28 20:30:43,483 - INFO - --------------------------------------------------
2025-11-28 20:30:43,585 - INFO - Channel: -1001735732363
2025-11-28 20:30:43,586 - INFO - Time: 2025-11-25T02:29:43+00:00
2025-11-28 20:30:43,586 - INFO - Content: **波段巨鲸 nemorino.eth 再次入场，花费 600 万 USDC 买入 2014.87 枚 ETH**

深潮 TechFlow 消息，11 月 25 日，据链上分析师 Ai 姨（@ai_9684xtpa）监测，波段大户 nemorino.eth 在上轮以太坊波段交易亏损 180.4 万美元后重新入场。该地址在 5 小时前花费 600 万枚 USDC 在链上买入 2014.87 枚 ETH，平均成本为 2977.85 美元。
 
 https://www.techflowpost.com/newsletter/detail_106444.html
2025-11-28 20:30:43,586 - INFO - --------------------------------------------------
2025-11-28 20:30:43,661 - INFO - Channel: -1001735732363
2025-11-28 20:30:43,661 - INFO - Time: 2025-11-25T02:18:42+00:00
2025-11-28 20:30:43,661 - INFO - Content: **Bitget 已上线 U 本位 MON 永续合约，杠杆区间 1-25 倍**

深潮 TechFlow 消息，11 月 25 日，据官方公告显示，Bitget 宣布已上线 U 本位 MON 永续合约，杠杆区间 1-25 倍。合约交易 BOT 将同步开放。

此外，还可参与 CandyBomb，完成特定合约交易量任务解锁空投奖励，单人最高可得 2,850 枚 MON，总奖池为 570,000 枚 MON，活动时间截止 12 月 1 日 23:00 （UTC+8）。
 
 https://www.techflowpost.com/newsletter/detail_106443.html
2025-11-28 20:30:43,661 - INFO - --------------------------------------------------
2025-11-28 20:30:43,752 - INFO - Channel: -1001735732363
2025-11-28 20:30:43,752 - INFO - Time: 2025-11-25T02:16:17+00:00
2025-11-28 20:30:43,752 - INFO - Content: **“美联储传声筒”：盟友已铺平降息道路，鲍威尔可能决定降息但暗示未来不再降息**

深潮 TechFlow 消息，11 月 25 日，据金十数据报道，“美联储传声筒”Nick Timiraos表示：下一次美联储会议很可能可以用“WWJD”（What Will Jerome Decide，杰罗姆会做出什么决定？）来概括，最终决定权比以往任何时候都更加掌握在鲍威尔手中。 盟友们已经为鲍威尔铺平了道路，如果他愿意，就可以推动降息——然后发出信号，在目前情况下不太可能进一步降息。
 
 https://www.techflowpost.com/newsletter/detail_106442.html
2025-11-28 20:30:43,752 - INFO - --------------------------------------------------
2025-11-28 20:30:43,834 - INFO - Channel: -1001735732363
2025-11-28 20:30:43,834 - INFO - Time: 2025-11-25T02:12:36+00:00
2025-11-28 20:30:43,834 - INFO - Content: **Berachain 联创回应“ Nova Digital拥有退款权”：消息不完整且不准确，Nova 仍是代币最大持有者之一且正持续增持**

深潮 TechFlow 消息，11 月 25 日，Berachain 联合创始人 Smokey the Bera 在社交媒体发布文回应“Berachain 被曝在 B 轮融资中向 Nova Digital 提供 2,500 万美元退款权”相关消息，称该消息"不完整且不准确"。

Smokey the Bera 澄清了 Brevan Howard 的投资协议细节：Brevan Howard 通过其阿布扎比办公室的 Nova 基金共同领投了 Berachain 一年前的 B 轮融资，投资条款与其他投资者相同。Nova 的合规团队要求增加条款以防范TGE 失败和未能上市的风险，因此双方签署了附加商业协议，包括在网络启动后提供流动性的承诺。

Smokey the Bera 强调，Nova 仍是 Berachain 最大的代币持有者之一，持有 B 轮融资中获得的锁定 BERA 代币和从公开市场购买的流动 BERA 代币，并在市场波动中持续增持。
 
 https://www.techflowpost.com/newsletter/detail_106441.html
2025-11-28 20:30:43,835 - INFO - --------------------------------------------------
2025-11-28 20:30:43,954 - INFO - Channel: -1001735732363
2025-11-28 20:30:43,954 - INFO - Time: 2025-11-25T02:09:30+00:00
2025-11-28 20:30:43,954 - INFO - Content: **第二届“MEET48 Best7”大型投票活动初报，MEET48的活动dApp升至DappBay和DappRadar社交赛道UAW排行第一**

深潮 TechFlow 消息，11 月 25 日，据全球首个专注娱乐领域的 AIUGC 及粉丝经济生态社区 MEET48 官方消息，第二届 “MEET48 Best7：光之舞台” 大型投票活动于昨日结束第一阶段并进行初报。

截至当日中午12点，根据 DappBay 的数据显示，MEET48 的活动 dApp 在过去 30 天内的 TXN 达到了 797.39k 次，活跃用户地址数 UAW 达到 776.11k，并成为 BSC 生态社交赛道 dApp 24h 和 7 天内 UAW 排名第一。而在 DappRadar 的统计中，MEET48 的活动 dApp 同样表现优异，在过去 30 天内的 TXN 达到 509.11k 次，活跃用户地址数 UAW 达到 501.13k，并成为全链社交赛道 dApp 30天内 UAW 排名第一。

“MEET48 Best7：光之舞台” 投票活动还在继续，最终结果将在 12 月 25 日 4:00 UTC 公布。粉丝可以登录 MEET48 官网并下载 MEET48 APP，通过每日任务获取限量投票券或消耗 $IDOL 兑换投票券，在活动页（此处需要添加超链接：https://gipr.meet48.com/#/b50?noLogin=1）为参与活动的偶像（仅 SNH48 Group 偶像）投票，并为最终投票 Top7 的偶像获得官方提供的活动奖励，为最终投票 Top3 的偶像获得录音室歌曲、海外旅行 Vlog、主题写真等奖励，打造 Web3 世界的光之舞台。
 
 https://www.techflowpost.com/newsletter/detail_106440.html
2025-11-28 20:30:43,954 - INFO - --------------------------------------------------
2025-11-28 20:30:44,102 - INFO - Channel: -1001735732363
2025-11-28 20:30:44,102 - INFO - Time: 2025-11-25T02:07:22+00:00
2025-11-28 20:30:44,102 - INFO - Content: **机构级 RWA 协议 R25 在 Sui 上推出 rcUSD 和 rcUSDp**

深潮 TechFlow 消息，11 月 25 日，根据 Sui 官方消息，机构级 RWA 协议 R25 将 rcUSD 和 rcUSDp 引入 Sui，拓展了用户获取受监管现实世界资产和链上收益机会的渠道。

rcUSD 是一种 RWA 支持的稳定币，rcUSDp 是持有者质押 rcUSD 后的收益代币，收益来源包括底层 RWA 投资组合（包括代币化货币市场基金）和公链激励。

通过这种模式，用户能够参与以前难以企及的机构级投资机会，而 rcUSDp 则为合规且能产生收益的加密资产树立了新的标杆。

此次合作标志着通过代币化将合规的链下资产上链迈出了重要一步，对于 Sui 而言，这是推动生态加密原生经济之外的促进 TVL 和流动性增长的关键里程碑，rcUSD 和 rcUSDp 将与 Sui 上的 DeFi 协议集成，为 RWA 支持的资产解锁收益机会、借贷功能和流动性。
 
 https://www.techflowpost.com/newsletter/detail_106439.html
2025-11-28 20:30:44,102 - INFO - --------------------------------------------------
2025-11-28 20:30:44,234 - INFO - Channel: -1001735732363
2025-11-28 20:30:44,234 - INFO - Time: 2025-11-25T01:53:02+00:00
2025-11-28 20:30:44,234 - INFO - Content: **WLFI 过去 10 小时将 4071 万枚 TRX 充值至 HTX 交易所，价值 1123 万美元**

深潮 TechFlow 消息，11 月 25 日，据链上分析师 Ai 姨（@ai_9684xtpa）监测，WLFI 过去 10 小时将此前购入的 4071 万枚 TRX 充值至 HTX 交易所。

数据显示，10 个月前 WLFI 以均价 0.2415 美元买入 4017 万美元 TRX，价值 985 万美元。昨日 WLFI Strategic Reserve 向地址 0x6A2...C99c9 进行 147 TRX 小额转账测试后，于 10 小时前将 4068 万枚 TRX 全部转移并分批充值至 HTX，价值 1123 万美元。

此前 WLFI 购入的 LINK、AAVE、ENA、MOVE、ONDO 等代币曾充值至 Coinbase，官方称"并非卖出，而是为了日常业务目的重新分配资产"。
 
 https://www.techflowpost.com/newsletter/detail_106438.html
2025-11-28 20:30:44,234 - INFO - --------------------------------------------------
2025-11-28 20:30:44,339 - INFO - Channel: -1001735732363
2025-11-28 20:30:44,339 - INFO - Time: 2025-11-25T01:43:51+00:00
2025-11-28 20:30:44,339 - INFO - Content: **MONAD 价格现报 0.031 美元，日内涨幅达 24.77% ** 

深潮 TechFlow 消息，11 月 25 日，HTX 行情数据显示，MONAD 现报 0.031 美元，日内涨幅达 24.77%。

其流通市值今日凌晨一度涨至 3.9 亿美元，现报约 3.31亿美元。
 
 https://www.techflowpost.com/newsletter/detail_106437.html
2025-11-28 20:30:44,339 - INFO - --------------------------------------------------
2025-11-28 20:30:44,405 - INFO - Channel: -1001735732363
2025-11-28 20:30:44,406 - INFO - Time: 2025-11-25T01:34:52+00:00
2025-11-28 20:30:44,406 - INFO - Content: **分析：美联储12月降息预期升温，金价重获反弹驱动 ** 

深潮 TechFlow 消息，11 月 25 日，据金十数据报道，光大期货点评称：11月24日，COMEX黄金尾盘明显冲高，报收4133.8美元/盎司，涨幅1.33%。国内SHFE金夜盘高开震荡，报收934.74元/克，涨幅0.541%。随着美国金融市场不稳定性问题凸显，美联储就12月降息表态上凸显鸽派论调，昨晚旧金山联储主席Daly表示支持美联储在下月会议上降息，理由是就业市场突然恶化的可能性更大，且比通胀飙升更难管理，结合此前纽约联储主席也表态支持降息，这使得市场对12月降息概率陡升，短暂缓解了市场对流动性问题的担忧，美股回稳，美元偏弱，黄金短线表现偏强。地缘政治方面，美俄提出就俄乌问题的28条“和平协议”，各方分歧明显，乌克兰随后表示美乌敲定新版和平草案，俄方称欧洲所提方案不具建设性，美国提案原则上可作为和平协议基础。短线受降息预期提振黄金表现偏强，不过随着俄乌地缘出现缓解迹象以及美联储被动式降息不具持续性，黄金后市或维系高位震荡行情。操作上，金价后市走势仍不明朗下投资者应观望为上，或从资产配置的角度逢低买入持有。
 
 https://www.techflowpost.com/newsletter/detail_106436.html
2025-11-28 20:30:44,406 - INFO - --------------------------------------------------
2025-11-28 20:30:44,587 - INFO - Channel: -1001735732363
2025-11-28 20:30:44,587 - INFO - Time: 2025-11-25T01:34:02+00:00
2025-11-28 20:30:44,587 - INFO - Content: **某钱包向 Hyperliquid 存入 535 万 USDC 开设 20 倍比特币空单**

深潮 TechFlow 消息，11 月 25 日，据 Lookonchain 监测，某钱包地址（0xccEF）在 5 小时前创建新钱包，并向 Hyperliquid 存入 535 万 USDC，开设 495 BTC 的 20 倍空头头寸，价值约 4356 万美元。该头寸的清算价格为 98360 美元。
 
 https://www.techflowpost.com/newsletter/detail_106435.html
2025-11-28 20:30:44,587 - INFO - --------------------------------------------------
2025-11-28 20:30:44,653 - INFO - Channel: -1001735732363
2025-11-28 20:30:44,653 - INFO - Time: 2025-11-25T01:33:49+00:00
2025-11-28 20:30:44,653 - INFO - Content: **Vitalik 评价“摩根大通等银行数据或泄露”：隐私是基本要求，而非可选功能**

深潮 TechFlow 消息，11 月 25 日，据 Decrypt 报道，美国多家主要银行包括摩根大通、花旗银行和摩根士丹利的客户数据在抵押贷款技术供应商 SitusAMC 遭受网络攻击后可能被泄露。以太坊联合创始人 Vitalik Buterin 对此事件发表评论称"隐私不是功能，隐私是基本要求"。
 
 https://www.techflowpost.com/newsletter/detail_106434.html
2025-11-28 20:30:44,653 - INFO - --------------------------------------------------
2025-11-28 20:30:44,744 - INFO - Channel: -1001735732363
2025-11-28 20:30:44,744 - INFO - Time: 2025-11-25T01:21:52+00:00
2025-11-28 20:30:44,744 - INFO - Content: **某鲸鱼从 FalconX 购入 2,700 枚 ETH，当前持有价值约 2,490 万美元加密资产**

深潮 TechFlow 消息，11 月 25 日，据 Onchain Lens 监测，某鲸鱼从 FalconX 购入 2,700 枚 ETH，价值 800 万美元 USDC。

目前该鲸鱼持有 5,920 枚 ETH（价值 1,700 万美元）、1,500 枚 WEETH（价值 477 万美元）、1,000 枚 LSETH（价值 313 万美元）。
 
 https://www.techflowpost.com/newsletter/detail_106432.html
2025-11-28 20:30:44,744 - INFO - --------------------------------------------------
2025-11-28 20:30:44,806 - INFO - Channel: -1001735732363
2025-11-28 20:30:44,806 - INFO - Time: 2025-11-25T01:21:22+00:00
2025-11-28 20:30:44,806 - INFO - Content: **欧洲央行称稳定币威胁金融稳定性，或引发美债市场动荡**

深潮 TechFlow 消息，11 月 25 日，据 Thedefiant 报道，欧洲央行（ECB）发布文章称稳定币对金融稳定性构成"风险"，认为其存在脱锚漏洞并可能对美欧传统金融市场产生不利影响。

ECB 批评稳定币"可能通过其固有漏洞和与传统金融的相互关联性对金融稳定构成风险"，指出如投资者对其赎回能力失去信心，稳定币可能脱锚。

报告称，由于 Tether 和 Circle 的大量持仓，稳定币挤兑可能"引发储备资产抛售"，进而动摇价值 25 万亿美元的美债市场。
 
 https://www.techflowpost.com/newsletter/detail_106431.html
2025-11-28 20:30:44,806 - INFO - --------------------------------------------------
2025-11-28 20:30:44,896 - INFO - Channel: -1001735732363
2025-11-28 20:30:44,896 - INFO - Time: 2025-11-25T01:13:25+00:00
2025-11-28 20:30:44,896 - INFO - Content: 📰 11月25日 加密早报

美联储戴利：就业市场可能突然恶化，支持在12月降息

美联储即将进入静默期，中信证券维持其12月降息预期

灰度：Grayscale Dogecoin Trust ETF 将纽约证券交易所 Arca 上市交易

富兰克林邓普顿 XRP ETF 获得纽交所 Arca 上市批准，交易代码为 XRPZ

币安将下线PONKE、SWELL和QUICK U本位永续合约

Berachain 被曝在 B 轮融资中向 Nova Digital 提供 2,500 万美元退款权，或违反 SEC 的反欺诈要求

Brevis 与 Kaito 合作，为 Polymarket 提供可验证的市场情绪数据

Web3 审计公司 SEAL 创始人：朝鲜特工已渗透 15-20% 加密公司

数字银行Revolut完成新一轮融资，估值达到750亿美元

韩国最大交易所 Upbit 拟在合并后寻求在纳斯达克 IPO

Ondo Finance 宣布向 Figure 的收益型稳定币 YLDS 投资 2500 万美元

推荐阅读

Monad 今晚主网上线，这些信息你必须了解
https://www.techflowpost.com/article/detail_29263.html

加密市场周观察（11.17-11.24）：市场持续下跌，伴随降息预期提升或走出修复行情
https://www.techflowpost.com/article/detail_29267.html

Bitwise CIO：说说我对 DAT 公司现状的看法
https://www.techflowpost.com/article/detail_29262.html

全球十大链上巨富，其中四位资产已名存实亡
https://www.techflowpost.com/article/detail_29251.html

特朗普与摩根大通争权，为何比特币和 MSTR 背锅？
https://www.techflowpost.com/article/detail_29254.html
2025-11-28 20:30:44,896 - INFO - --------------------------------------------------
2025-11-28 20:30:45,091 - INFO - Channel: -1001735732363
2025-11-28 20:30:45,091 - INFO - Time: 2025-11-25T01:10:10+00:00
2025-11-28 20:30:45,091 - INFO - Content: **今日恐慌与贪婪指数升至 20，仍处于「极度恐慌状态」**

深潮 TechFlow 消息，11 月 25 日，据 Alternative.me 数据，今日加密货币恐慌与贪婪指数升至 20（昨日该指数为 19），表明市场仍处于「极度恐慌状态」。
 
 https://www.techflowpost.com/newsletter/detail_106430.html
2025-11-28 20:30:45,091 - INFO - --------------------------------------------------
2025-11-28 20:30:45,156 - INFO - Channel: -1001735732363
2025-11-28 20:30:45,156 - INFO - Time: 2025-11-25T01:05:20+00:00
2025-11-28 20:30:45,156 - INFO - Content: **Multicoin Capital 继续增持 1094 万美元 AAVE，一个半月累计购入 27.8 万枚**  

深潮 TechFlow 消息，11 月 25 日，据链上分析师余烬（@EmberCN）监测，投资机构 Multicoin Capital 通过 Galaxy Digital 继续购买 AAVE 代币。数据显示，该机构在一个半月时间内累计购进 27.8 万枚 AAVE，总价值 4952 万美元，平均成本价 228 美元，目前浮亏 1390 万美元。

具体交易记录显示，10 月 11 日市场大跌后，Multicoin Capital 购买了 21 万枚 AAVE，价格为 244 美元，总价值 5132 万美元；11 月 25 日再次购入 61,637 枚 AAVE，价格为 177 美元，总价值 1094 万美元。
 
 https://www.techflowpost.com/newsletter/detail_106429.html
2025-11-28 20:30:45,156 - INFO - --------------------------------------------------
2025-11-28 20:30:45,248 - INFO - Channel: -1001735732363
2025-11-28 20:30:45,248 - INFO - Time: 2025-11-25T01:02:24+00:00
2025-11-28 20:30:45,248 - INFO - Content: **“政府效率部”存续状态陷疑问，万亿美元削减目标仅达成约21%**

深潮 TechFlow 消息，11 月 25 日，据财新网报道，在距离行政令规定期限仍有8个月之际，原由亿万富翁马斯克领导的政府效率部（DOGE）目前的存续状态及工作方式均陷入疑问。

当地时间11月23日，路透社独家报道称，美国人事管理局（OPM）局长库普尔（Scott Kupor）在11月初接受采访时表示，政府效率部已经“不存在”，并补充说其不再是一个“中心化实体”。该机构的大部分职能将转移至人事管理局。

然而，美国政府效率部（DOGE）今日早晨在 X 平台发文表示，路透社发布的有关其已解散的报道是假新闻。该部门将在几天后恢复周五的例行更新。

 https://www.techflowpost.com/newsletter/detail_106428.html
2025-11-28 20:30:45,248 - INFO - --------------------------------------------------
2025-11-28 20:30:45,382 - INFO - Channel: -1001735732363
2025-11-28 20:30:45,382 - INFO - Time: 2025-11-25T00:58:17+00:00
2025-11-28 20:30:45,382 - INFO - Content: **慢雾余弦：若未收到 Monad 空投，建议检查空投领取地址，疑似存在会话劫持漏洞攻击**

深潮 TechFlow 消息，11 月 25 日，据慢雾余弦披露，部分用户可能未收到 Monad 空投，建议检查此前在空投领取页面绑定的钱包地址是否为预期地址。

余弦表示，如果绑定地址并非用户预期，可能遭遇了与用户 Onefly（@Onefly）类似的问题——钱包地址被黑客绑定为黑客地址，导致官方将空投发放给了黑客。

据余弦透露，此前有白帽黑客曾向其同步过一个相关漏洞，该漏洞存在前置条件：如果有人劫持了用户在 Monad 空投领取页面的会话，可以在无需进一步确认的情况下更改领取钱包地址。
 
 https://www.techflowpost.com/newsletter/detail_106427.html
2025-11-28 20:30:45,382 - INFO - --------------------------------------------------
2025-11-28 20:30:45,503 - INFO - Channel: -1001735732363
2025-11-28 20:30:45,503 - INFO - Time: 2025-11-25T00:51:15+00:00
2025-11-28 20:30:45,503 - INFO - Content: **比特币 OG 在 HyperLiquid 开设 4415 万美元以太坊多头头寸**

深潮 TechFlow 消息，11 月 25 日，据 Lookonchain 监测，一名比特币早期投资者重新活跃。

该投资者在 6 小时前向 HyperLiquid 存入 1000 万 USDC，并开设 5 倍杠杆做多 15000 枚 ETH 的头寸，价值约 4415 万美元。
 
 https://www.techflowpost.com/newsletter/detail_106426.html
2025-11-28 20:30:45,503 - INFO - --------------------------------------------------
2025-11-28 20:30:45,583 - INFO - Channel: -1001735732363
2025-11-28 20:30:45,583 - INFO - Time: 2025-11-25T00:50:35+00:00
2025-11-28 20:30:45,583 - INFO - Content: **美联储卡什卡利：人工智能确实有实际应用场景，但加密货币领域却没有**

深潮 TechFlow 消息，11 月 25 日，据金十数据报道，美联储卡什卡利表示：人工智能确实有实际应用场景，但加密货币领域却没有。
 
 https://www.techflowpost.com/newsletter/detail_106425.html
2025-11-28 20:30:45,583 - INFO - --------------------------------------------------
2025-11-28 20:30:45,647 - INFO - Channel: -1001735732363
2025-11-28 20:30:45,647 - INFO - Time: 2025-11-25T00:47:48+00:00
2025-11-28 20:30:45,647 - INFO - Content: **某巨鲸花费 135 万美元购买 3700 万枚 MON 代币，均价 0.036 美元**

深潮 TechFlow 消息，11 月 25 日，据 Onchain Lens 监测，某巨鲸花费 135 万 USDC 购买了 3700 万枚 MON 代币，购买价格为 0.036 美元。
 
 https://www.techflowpost.com/newsletter/detail_106424.html
2025-11-28 20:30:45,647 - INFO - --------------------------------------------------
2025-11-28 20:30:45,736 - INFO - Channel: -1001735732363
2025-11-28 20:30:45,736 - INFO - Time: 2025-11-25T00:45:34+00:00
2025-11-28 20:30:45,736 - INFO - Content: **CZ 辟谣：“成龙将在传记纪录片《加密教父》中饰演赵长鹏”系假消息**

深潮 TechFlow 消息，11 月 25 日，币安创始人 CZ（赵长鹏）在 X 平台澄清了一则关于成龙将在 Netflix 传记纪录片《加密教父》中饰演赵长鹏的假消息。CZ 表示，“这是假的。我喜欢成龙，但他都71岁了。放过他吧。”
 
 https://www.techflowpost.com/newsletter/detail_106423.html
2025-11-28 20:30:45,736 - INFO - --------------------------------------------------
2025-11-28 20:30:45,783 - INFO - Channel: -1001735732363
2025-11-28 20:30:45,783 - INFO - Time: 2025-11-25T00:39:27+00:00
2025-11-28 20:30:45,783 - INFO - Content: **日本金融厅计划要求加密货币交易所强制设立责任准备金**

深潮 TechFlow 消息，11 月 25 日，据日经新闻报道，日本金融厅计划要求加密资产（虚拟货币）交易所强制设立责任准备金，以应对不正访问等造成的资产流出，并在事故发生时迅速补偿用户。金融审议会工作组将在近期发布的报告中写入这一制度安排，金融厅将据此推进具体规则制定。
 
 https://www.techflowpost.com/newsletter/detail_106422.html
2025-11-28 20:30:45,783 - INFO - --------------------------------------------------

Keywords:  [('转弱', 0.3315), ('近期', 0.3257), ('修复', 0.294), ('币由强', 0.2862), ('归因于', 0.2796), ('趋势', 0.2754), ('阶段性', 0.2748), ('回调', 0.2732), ('偏弱', 0.2726), ('当前', 0.2722)]
Mentioned Currencies:  
Keywords:  [('hotcoin', 0.6747), ('安全', 0.3812), ('推出', 0.3539), ('即将', 0.3444), ('先机', 0.3407), ('热门', 0.3353), ('上线', 0.3342), ('低成本', 0.3295), ('usdt', 0.3287), ('便捷', 0.3274)]
Mentioned Currencies:  
Keywords:  [('缩小', 0.3212), ('美元', 0.3043), ('跌破', 0.2833), ('小时', 0.2565), ('涨幅', 0.2532), ('行情', 0.2506), ('eth', 0.2335), ('htx', 0.1726), ('数据', 0.1292), ('现报', 0.0848)]
Mentioned Currencies:  
Keywords:  [('bnb', 0.4745), ('纳斯达克交易所', 0.4027), ('证券交易', 0.368), ('vbnb', 0.3486), ('etf', 0.2974), ('交易', 0.2833), ('提交', 0.267), ('委员会', 0.2388), ('注册', 0.2317), ('上市', 0.2285)]
Mentioned Currencies:  
Keywords:  [('上海', 0.442), ('基础设施', 0.3738), ('信用证', 0.3611), ('创新', 0.3009), ('2025', 0.2995), ('基金', 0.2777), ('全球', 0.257), ('发布', 0.2471), ('大会', 0.2335), ('数据', 0.2329)]
Mentioned Currencies:  Ethereum,Bitcoin
Keywords:  [('量子', 0.4509), ('下一代', 0.3638), ('威胁', 0.3577), ('2030', 0.2619), ('安全', 0.2554), ('能否', 0.2349), ('麻烦', 0.1899), ('时代', 0.177), ('防线', 0.1733), ('比特', 0.161)]
Mentioned Currencies:  
Keywords:  [('irys', 0.4448), ('门槛', 0.4182), ('241alpha', 0.3956), ('alpha', 0.3444), ('参与', 0.3018), ('积分', 0.283), ('申领', 0.2448), ('空投', 0.2435), ('官方', 0.2298), ('公布', 0.212)]
Mentioned Currencies:  Bitcoin
Keywords:  [('价位', 0.5294), ('美元', 0.3696), ('预测', 0.3143), ('交易员', 0.2997), ('btc', 0.2373), ('预计', 0.2328), ('可能', 0.2021), ('于本周', 0.1703), ('jameswynnreal', 0.1542), ('接近', 0.1264)]
Mentioned Currencies:  
Keywords:  [('资源', 0.4805), ('信息', 0.4077), ('挖矿', 0.3939), ('互联网', 0.3911), ('基础', 0.3656), ('平台', 0.3518), ('持币者', 0.3476), ('网络', 0.3409), ('获取', 0.3399), ('grass', 0.3311)]
Mentioned Currencies:  Bitcoin
Keywords:  [('btc', 0.4777), ('欧元', 0.2844), ('总量', 0.2822), ('上市公司', 0.2641), ('法国', 0.259), ('capital', 0.2462), ('公司', 0.2199), ('增持', 0.1659), ('宣布', 0.1097), ('确认', 0.0976)]
Mentioned Currencies:  MemeCore
Keywords:  [('launchpool', 0.5244), ('bgb', 0.3319), ('收益率', 0.309), ('锁仓池', 0.2081), ('开放', 0.201), ('收益', 0.1953), ('apr', 0.1198), ('项目', 0.1016), ('投入', 0.0988), ('mon', 0.095)]
Mentioned Currencies:  Ethereum
Keywords:  [('treehouse', 0.494), ('回购', 0.3828), ('tree', 0.3794), ('价格', 0.365), ('代币', 0.3532), ('收益', 0.3265), ('dao', 0.3254), ('交易', 0.3053), ('官方消息', 0.3035), ('财库', 0.2953)]
Mentioned Currencies:  
Keywords:  [('usdm', 0.3912), ('亿美元', 0.3515), ('主网', 0.3475), ('开放', 0.3031), ('小时', 0.3013), ('平台', 0.2815), ('代币', 0.2743), ('网站', 0.2321), ('宣布', 0.228), ('预存', 0.2193)]
Mentioned Currencies:  Ethena
Keywords:  [('钱包', 0.3728), ('ethena', 0.3651), ('ena', 0.3595), ('bybit', 0.3003), ('亿枚', 0.2917), ('代币', 0.2587), ('交易所', 0.2556), ('总价值', 0.2528), ('购入', 0.2521), ('万美元', 0.227)]
Mentioned Currencies:  
Keywords:  [('alpha', 0.4675), ('上线', 0.2979), ('官方', 0.2853), ('公布', 0.2848), ('申领', 0.2819), ('代币', 0.2734), ('开放', 0.2645), ('币安', 0.2622), ('公告', 0.2527), ('资格', 0.2523)]
Mentioned Currencies:  
Keywords:  [('存储设备', 0.3467), ('companies', 0.2816), ('morningstar', 0.2514), ('公司', 0.2374), ('strategy', 0.2373), ('计算机', 0.2193), ('mstr', 0.2095), ('制造商', 0.1901), ('指数', 0.1637), ('加入', 0.1588)]
Mentioned Currencies:  
Keywords:  [('企鹅', 0.564), ('美元', 0.488), ('代币', 0.478), ('花费', 0.4681), ('购买', 0.3795), ('于币安', 0.3778), ('在币安', 0.3775), ('价值', 0.3699), ('万美元', 0.3623), ('交易者', 0.3613)]
Mentioned Currencies:  
Keywords:  [('香港', 0.5157), ('债券', 0.4019), ('基金', 0.3935), ('资产', 0.3803), ('股票', 0.3631), ('货币', 0.357), ('市场', 0.3505), ('币种', 0.2876), ('人民币', 0.2752), ('代币', 0.2617)]
Mentioned Currencies:  
Keywords:  [('巨鲸', 0.6046), ('亿枚', 0.5241), ('价格', 0.512), ('美元', 0.4772), ('代币', 0.4505), ('万美元', 0.4445), ('价值', 0.3827), ('收益', 0.3384), ('小时', 0.2753), ('lookonchain', 0.2719)]
Mentioned Currencies:  
Keywords:  [('企鹅', 0.5419), ('alpha', 0.4933), ('恶俗', 0.2863), ('上线', 0.28), ('bnbholder', 0.2467), ('官方', 0.2408), ('显示', 0.1965), ('页面', 0.1735), ('binance', 0.0745)]
Mentioned Currencies:  
Keywords:  [('galaxy', 0.4594), ('digital', 0.4143), ('未来', 0.3268), ('市场', 0.324), ('平台', 0.2987), ('polymarket', 0.2739), ('流动性', 0.2726), ('预测', 0.2685), ('计划', 0.259), ('提供商', 0.2585)]
Mentioned Currencies:  MemeCore
Keywords:  [('launchpool', 0.4626), ('解锁', 0.4325), ('000bgb', 0.3813), ('bgb', 0.3644), ('000mon', 0.3486), ('锁仓池', 0.348), ('用户', 0.3342), ('普通用户', 0.3163), ('开放', 0.3009), ('锁仓', 0.2586)]
Mentioned Currencies:  Dogecoin
Keywords:  [('doge', 0.5286), ('狗狗', 0.4297), ('etf', 0.3641), ('bwow', 0.338), ('代码', 0.2741), ('bitwise', 0.2494), ('交易', 0.2449), ('官方', 0.2371), ('公告', 0.2129), ('推出', 0.2018)]
Mentioned Currencies:  Ethereum
Keywords:  [('鲸鱼', 0.634), ('万美元', 0.3677), ('价值', 0.364), ('从币安', 0.3204), ('onchain', 0.2456), ('onchainlens', 0.1576), ('提取', 0.1558), ('据链', 0.1486), ('eth', 0.1422), ('此前', 0.1237)]
Mentioned Currencies:  Pump.fun
Keywords:  [('资金', 0.4408), ('出金超', 0.3759), ('亿美元', 0.3464), ('交易', 0.3257), ('发布', 0.3181), ('钱包', 0.3168), ('公司', 0.3121), ('lookonchain', 0.2667), ('消息', 0.2607), ('投资', 0.2589)]
Mentioned Currencies:  Bitcoin
Keywords:  [('卖出', 0.4673), ('均价', 0.3449), ('万美元', 0.3023), ('买入', 0.2575), ('对美股', 0.2381), ('昨晚', 0.2315), ('创始人', 0.226), ('方程式', 0.2222), ('此前', 0.1918), ('比特', 0.1649)]
Mentioned Currencies:  
Keywords:  [('国债', 0.4452), ('汇率', 0.4428), ('美联储', 0.4287), ('财政政策', 0.4102), ('2026', 0.3906), ('日元', 0.388), ('明年', 0.3717), ('美元', 0.3587), ('下半年', 0.3434), ('收益率', 0.3388)]
Mentioned Currencies:  
Keywords:  [('涨幅', 0.5953), ('上涨', 0.5811), ('涨超', 0.4155), ('最大', 0.3506), ('最高', 0.3346), ('高达', 0.3299), ('年内', 0.3098), ('火币', 0.2962), ('数据', 0.2792), ('usdt', 0.2703)]
Mentioned Currencies:  Ethereum
Keywords:  [('万美元', 0.3527), ('etf', 0.3523), ('fidelity', 0.2697), ('ceth', 0.2654), ('trader', 0.2641), ('分析师', 0.2384), ('加密', 0.2359), ('blackrock', 0.2249), ('ethw', 0.2048), ('etha', 0.1957)]
Mentioned Currencies:  Bitcoin
Keywords:  [('亿美元', 0.4855), ('fbtc', 0.304), ('加密', 0.2851), ('blackrock', 0.2801), ('万美元', 0.2583), ('invest', 0.2461), ('ibit', 0.2327), ('bitb', 0.2137), ('bitwise', 0.2088), ('arkb', 0.2085)]
Mentioned Currencies:  
Keywords:  [('恐怖组织', 0.4574), ('指控', 0.3783), ('交易所', 0.3647), ('诉讼', 0.3637), ('起诉', 0.363), ('货币', 0.3555), ('加密', 0.3463), ('decrypt', 0.3452), ('原告', 0.329), ('法院', 0.3269)]
Mentioned Currencies:  
Keywords:  [('irys', 0.3188), ('开放', 0.3184), ('现货交易', 0.2796), ('上线', 0.2174), ('交易', 0.1927), ('现已', 0.1859), ('utc', 0.1849), ('通道', 0.1848), ('充值', 0.1276), ('公链', 0.1037)]
Mentioned Currencies:  
Keywords:  [('挖矿', 0.4898), ('手续费', 0.4712), ('代币', 0.462), ('奖励', 0.4545), ('交易', 0.41), ('总奖', 0.3995), ('升级', 0.3941), ('提升', 0.3886), ('500usdt', 0.3769), ('比例', 0.3565)]
Mentioned Currencies:  
Keywords:  [('特朗普', 0.3963), ('中国', 0.3895), ('韩国', 0.3733), ('访华', 0.346), ('双边协议', 0.3274), ('四月', 0.2979), ('会晤', 0.2524), ('会面', 0.2155), ('明年', 0.2062), ('进展', 0.1915)]2025-11-28 20:30:45,834 - INFO - Channel: -1001735732363
2025-11-28 20:30:45,834 - INFO - Time: 2025-11-25T00:35:18+00:00
2025-11-28 20:30:45,834 - INFO - Content: **Circle 今日凌晨在 Solana 链上新增铸造 5 亿枚 USDC**

深潮 TechFlow 消息，11 月 25 日，据 OnchainLens（@OnchainLens）监测，Circle 今日凌晨在 Solana 网络铸造了 5 亿枚 USDC。

自 10 月 11 日以来，Circle 已在 Solana 网络累计铸造 100 亿枚 USDC。
 
 https://www.techflowpost.com/newsletter/detail_106421.html
2025-11-28 20:30:45,834 - INFO - --------------------------------------------------
2025-11-28 20:30:45,875 - INFO - Channel: -1001735732363
2025-11-28 20:30:45,875 - INFO - Time: 2025-11-25T00:31:55+00:00
2025-11-28 20:30:45,875 - INFO - Content: **分析：谷歌有望步入4万亿美元俱乐部**

深潮 TechFlow 消息，11 月 25 日，据金十数据报道，谷歌(GOOG.O)周一市值逼近4万亿美元，在人工智能热潮推动下，有望成为第四家跻身4万亿美元俱乐部的企业。谷歌股价周一上涨超过6%，并创下319.48美元的历史新高，市值达到3.84万亿美元。今年迄今为止，该公司股价已攀升近70%，远超竞争对手微软和亚马逊。英伟达、微软和苹果市值此前都曾达到4万亿美元。Interactive Brokers 公司的首席市场分析师Steve Sosnick说，伯克希尔买入谷歌股票是吸引投资者的关键因素。“虽然几乎可以说巴菲特本人并未参与交易，但市场仍认为伯克希尔的任何举动都值得效仿，这种心态长期以来确实奏效。”Sosnick表示。
 
 https://www.techflowpost.com/newsletter/detail_106420.html
2025-11-28 20:30:45,875 - INFO - --------------------------------------------------
2025-11-28 20:30:46,042 - INFO - Channel: -1001735732363
2025-11-28 20:30:46,042 - INFO - Time: 2025-11-25T00:30:56+00:00
2025-11-28 20:30:46,042 - INFO - Content: **TD Cowen：Strategy 的比特币溢价跌至"加密寒冬"低点，仍维持 535 美元目标价**

深潮 TechFlow 消息，11 月 25 日，据 The Block 报道，TD Cowen 研究显示，Strategy 的比特币溢价持续下滑，正回落至 2021-2022 年"加密寒冬"期间的低点水平。

TD Cowen 董事总经理 Lance Vitanza 表示，Strategy昨日未通过市场发行（ATM）计划增发股票或购入新比特币。公司发布的两张比特币溢价图表显示，该指标正稳步压缩至 2021 年末和 2022 年初的水平。尽管溢价持续下降，TD Cowen 仍维持买入评级和 535 美元目标价，较当前约 180 美元的股价高出约 200%。
 
 https://www.techflowpost.com/newsletter/detail_106419.html
2025-11-28 20:30:46,042 - INFO - --------------------------------------------------
2025-11-28 20:30:46,212 - INFO - Channel: -1001735732363
2025-11-28 20:30:46,212 - INFO - Time: 2025-11-25T00:25:49+00:00
2025-11-28 20:30:46,212 - INFO - Content: **美 SEC 对 Fuse Crypto Limited 的 FUSE 代币出具了不采取行动函**

深潮 TechFlow 消息，11 月 25 日，据 The Block 报道，美国证券交易委员会（SEC）今日就Energy Dollar（ENERGY）代币向Fuse Energy出具了不采取行动函（No-Action Letter）。

该代币用于奖励客户参与电力可持续发展项目。上周，这家能源技术初创公司要求 SEC 确认 FUSE 代币不属于证券。Fuse 在美国经营电力业务，安装电动汽车充电器、屋顶太阳能和其他绿色技术设备。该公司使用区块链技术帮助"缓解电网拥堵"，客户可通过安装屋顶设备赚取 FUSE 代币。Fuse 认为其代币不应被视为证券，因为它不是投资合约，消费者赚取代币是为了自己消费，而非基于对利润的合理预期。
 
 https://www.techflowpost.com/newsletter/detail_106418.html
2025-11-28 20:30:46,212 - INFO - --------------------------------------------------
2025-11-28 20:30:46,325 - INFO - Channel: -1001735732363
2025-11-28 20:30:46,325 - INFO - Time: 2025-11-25T00:18:45+00:00
2025-11-28 20:30:46,325 - INFO - Content: **加密钱包公司 Exodus 以 1.75 亿美元收购 Baanx 和 Monavate 的母公司 W3C Corp**

深潮 TechFlow 消息，11 月 25 日，据 CoinDesk 报道，美国上市加密货币钱包公司 Exodus Movement（NYSE American: EXOD）宣布以 1.75 亿美元收购 W3C Corp，该公司是加密卡片和支付公司 Baanx 和 Monavate 的母公司。

此次收购资金来源于现金储备和 Galaxy Digital 提供的融资，融资以 Exodus 持有的比特币作为担保。收购完成后，Exodus 将拥有底层卡片和支付基础设施，能够通过 Visa、Mastercard 和 Discover 等网络发行支付卡，并将业务范围扩展至美国、英国和欧盟。

Exodus 首席执行官 JP Richardson 表示，此举是实现自托管和加密支付日常化使命的重要一步，将缩小持有和消费之间的差距。该交易预计将在 2026 年完成，需通过常规调整和审批程序。
 
 https://www.techflowpost.com/newsletter/detail_106417.html
2025-11-28 20:30:46,326 - INFO - --------------------------------------------------
2025-11-28 20:30:46,504 - INFO - Channel: -1001735732363
2025-11-28 20:30:46,505 - INFO - Time: 2025-11-25T00:17:28+00:00
2025-11-28 20:30:46,505 - INFO - Content: **BTC 跌破 88,000 美元，24 小时涨幅缩小至 2.02 %**

深潮 TechFlow 消息，11 月 25 日，据 HTX 行情数据显示，BTC 跌破 88,000 美元，现报 87,989.00 美元，24 小时涨幅缩小至 2.02 %。
 
 https://www.techflowpost.com/newsletter/detail_106416.html
2025-11-28 20:30:46,505 - INFO - --------------------------------------------------
2025-11-28 20:30:46,743 - INFO - Channel: -1001735732363
2025-11-28 20:30:46,743 - INFO - Time: 2025-11-25T00:15:38+00:00
2025-11-28 20:30:46,743 - INFO - Content: **Berachain 被曝在 B 轮融资中向 Nova Digital 提供 2,500 万美元退款权，或违反 SEC 的反欺诈要求**

深潮 TechFlow 消息，11 月 25 日，据 Unchained 报道，文件显示区块链项目 Berachain 在 B 轮融资中向 Brevan Howard 旗下 Nova Digital 基金授予了特殊的退款权条款，使其对Berachain的风险投资竟近乎“零风险”。

根据获得的文件，Nova Digital 在 2024 年 3 月投资 2500 万美元购买 BERA 代币，价格为每枚 3 美元。该基金获得了在 TGE 后一年内要求全额退款的权利，截止日期为 2026 年 2 月 6 日。

四名专注加密货币的律师表示，为加密项目投资者提供 TGE 后退款权极为罕见。目前 BERA 代币价格约为 1.02 美元，较投资价格下跌约 66%。如果 Nova Digital 行使退款权，Berachain 将需要向其支付 2500 万美元现金。

两名 B 轮投资者匿名表示，Berachain 未向他们披露其他投资者拥有退款条款。律师指出，这可能违反了最惠国条款和 SEC 的反欺诈要求。Berachain 联合创始人 Smokey the Bera 回应称报道"不准确且不完整"。
 
 https://www.techflowpost.com/newsletter/detail_106415.html
2025-11-28 20:30:46,743 - INFO - --------------------------------------------------
2025-11-28 20:30:46,866 - INFO - Channel: -1001735732363
2025-11-28 20:30:46,866 - INFO - Time: 2025-11-25T00:04:24+00:00
2025-11-28 20:30:46,866 - INFO - Content: **谷歌拟向Meta直接销售TPU，英伟达市场或遭进一步蚕食**

深潮 TechFlow 消息，11 月 25 日，据金十数据报道，谷歌母公司Alphabet(GOOG.O)正与Meta(META.O)等公司洽谈，拟向其开放自研Tensor AI芯片使用权，进一步拓展与英伟达(NVDA.O)的竞争格局。受此消息影响，谷歌及其AI芯片合作伙伴博通盘后上涨，英伟达与AMD股价则应声下跌。谷歌传统上仅将自研的TPU部署于自有数据中心并向客户出租算力。但美国科技媒体The Information在当地时间周一晚间报道称，谷歌现计划直接向客户销售TPU芯片供其部署于自有数据中心。Meta正考虑自2027年起采购价值数十亿美元的谷歌TPU芯片用于其数据中心，同时拟最早于2026年开始向谷歌云租用TPU算力。而目前Meta的AI业务主要依赖英伟达GPU。这对共同设计Tensor芯片的谷歌与博通而言，意味着一个潜力巨大的新兴市场。同时或将形成对英伟达和AMD的重大竞争压力，可能冲击后者的销售额与定价权。
 
 https://www.techflowpost.com/newsletter/detail_106414.html
2025-11-28 20:30:46,866 - INFO - --------------------------------------------------
2025-11-28 20:30:47,035 - INFO - Channel: -1001735732363
2025-11-28 20:30:47,035 - INFO - Time: 2025-11-25T00:02:35+00:00
2025-11-28 20:30:47,035 - INFO - Content: **Coinbase 今日凌晨宣布将上线 FLUID 和 WMTX**

深潮 TechFlow 消息，11 月 25 日，据官方公告，Coinbase 今日凌晨宣布，Coinbase 上的 Fluid (FLUID) 和 World Mobile Token (WMTX) 现货交易将于 2025 年 11 月 25 日上线。如果流动性条件满足，在支持交易的地区，其 FLUID-USD 和 WMTX-USD 交易对将于太平洋时间上午 9 点或之后开始开放。
 
 https://www.techflowpost.com/newsletter/detail_106413.html
2025-11-28 20:30:47,035 - INFO - --------------------------------------------------
2025-11-28 20:30:47,115 - INFO - Channel: -1001735732363
2025-11-28 20:30:47,116 - INFO - Time: 2025-11-24T23:59:24+00:00
2025-11-28 20:30:47,116 - INFO - Content: **今日CME“美联储观察”数据：12月降息25个基点的概率升至81%**

深潮 TechFlow 消息，11 月 25 日，据金十数据报道，今日CME“美联储观察”数据显示：美联储12月降息25个基点的概率为81%（昨日为69.4%），维持利率不变的概率为19%。美联储到明年1月累计降息25个基点的概率为65.2%，维持利率不变的概率为14.1%，累计降息50个基点的概率为20.6%。
 
 https://www.techflowpost.com/newsletter/detail_106412.html
2025-11-28 20:30:47,116 - INFO - --------------------------------------------------
2025-11-28 20:30:47,280 - INFO - Channel: -1001735732363
2025-11-28 20:30:47,280 - INFO - Time: 2025-11-24T23:58:32+00:00
2025-11-28 20:30:47,281 - INFO - Content: **美联储戴利：就业市场可能突然恶化，支持在12月降息**

深潮 TechFlow 消息，11 月 25 日，据金十数据援引华尔街日报报道，美国旧金山联储主席、2027 年 FOMC 票委戴利表示，她支持在下个月降息，因为她认为就业市场突然恶化的可能性比通胀骤然上升更大，也更难以控制。她在周一的采访中说：“在劳动力市场上，我没有信心我们能走在前面。现在劳动力市场已足够脆弱，风险在于发生非线性变化。”

她表示，相比之下，通胀爆发的风险较低，因为关税推动的成本增长比今年早些时候的预期要温和得多。戴利的观点值得关注，尽管她今年对货币政策没有投票权，但她很少在公开场合与美联储主席鲍威尔持不同意见。在 12 月 9 日至 10 日的会议上，戴利可能会在解决利率制定委员会内部关于是降息还是暂停加息的分歧上发挥关键作用。
 
 https://www.techflowpost.com/newsletter/detail_106411.html
2025-11-28 20:30:47,281 - INFO - --------------------------------------------------
2025-11-28 20:30:47,420 - INFO - Channel: -1001735732363
2025-11-28 20:30:47,420 - INFO - Time: 2025-11-24T23:57:23+00:00
2025-11-28 20:30:47,420 - INFO - Content: **特朗普下令启动“创世使命”计划，大力推动AI科研革命**

深潮 TechFlow 消息，11 月 25 日，据金十数据报道，美国白宫正试图通过应用人工智能来加速提升美国的科研实力。美国总统特朗普周一签署行政令启动「创世使命（Genesis Mission）」计划，要求能源部及其他科研机构积极推进人工智能部署。白宫科技政策办公室主任迈克尔·克拉茨奥斯将其称为「自阿波罗计划以来对联邦科研资源的最大规模整合」。

他表示，该计划有望推动医药、能源生产和工程等领域的科研突破速度。能源部长赖特强调，将利用人工智能分析其下属 17 个国家实验室掌握的庞大数据集，并承诺将「显著提升科学发现与创新的速度」。根据该行政令规定，各机构需使数据集更适配神经网络等 AI 工具读取，政府持有的科研数据与联邦计算基础设施将向大学研究者、私营企业及国家安全领域从业人员开放。
 
 https://www.techflowpost.com/newsletter/detail_106410.html
2025-11-28 20:30:47,420 - INFO - --------------------------------------------------
2025-11-28 20:30:47,604 - INFO - Channel: -1001735732363
2025-11-28 20:30:47,604 - INFO - Time: 2025-11-24T23:56:48+00:00
2025-11-28 20:30:47,604 - INFO - Content: **亚马逊将投资高达500亿美元，为美国政府机构扩展AI和超级计算基础设施**

深潮 TechFlow 消息，11 月 25 日，据彭博社报道，亚马逊将投资高达 500 亿美元，为美国政府机构扩展人工智能和超级计算基础设施。
 
 https://www.techflowpost.com/newsletter/detail_106409.html
2025-11-28 20:30:47,604 - INFO - --------------------------------------------------
2025-11-28 20:30:47,685 - INFO - Channel: -1001735732363
2025-11-28 20:30:47,685 - INFO - Time: 2025-11-24T23:55:03+00:00
2025-11-28 20:30:47,685 - INFO - Content: **美国三季度GDP初值报告将改期至12月23日公布**

深潮 TechFlow 消息，11 月 25 日，据金十数据报道，美国经济分析局（BEA）官网最新经济数据发布安排显示，该国2025年第三季度GDP初值及企业利润初值将于12月23日上午8:30（北京时间21:30）发布。该报告将取代原定11月26日发布的第三季度GDP修正值及企业利润初值。另外，原定12月19日发布的第三季度GDP终值、分行业GDP及企业利润修正值将调整发布时间，具体日期该机构暂未更新。
 
 https://www.techflowpost.com/newsletter/detail_106408.html
2025-11-28 20:30:47,685 - INFO - --------------------------------------------------
2025-11-28 20:30:47,830 - INFO - Channel: -1001735732363
2025-11-28 20:30:47,830 - INFO - Time: 2025-11-24T15:50:51+00:00
2025-11-28 20:30:47,830 - INFO - Content: **今日加密货币市值前100代币涨跌：CC 涨 7.84%，STRK 跌 8.04%**

深潮 TechFlow 消息，11 月 24 日，据 Coinmarketcap 数据，今日加密货币市值前 100 代币表现如下，

涨幅前五：

Canton CC (CC) 涨 7.84%，现价 0.08451 美元；

SPX6900 (SPX) 涨 7.34%，现价 0.5268 美元；

Pump.fun (PUMP) 涨 5.34%，现价 0.002685 美元；

Aave (AAVE) 涨 3.88%，现价 170.55 美元；

Kaspa (KAS) 涨 3.35%，现价 0.04108 美元。

跌幅前五：

Starknet (STRK) 跌 8.04%，现价 0.14 美元；

Aerodrome Finance (AERO) 跌 5.89%，现价 0.6641 美元；

MYX Finance (MYX) 跌 4.77%，现价 2.74 美元；

Cosmos (ATOM) 跌 4.32%，现价 2.42 美元；

Artificial Superintelligence Alliance (FET) 跌 4.22%，现价 0.2776 美元。
 
 https://www.techflowpost.com/newsletter/detail_106407.html
2025-11-28 20:30:47,830 - INFO - --------------------------------------------------
2025-11-28 20:30:47,996 - INFO - Channel: -1001735732363
2025-11-28 20:30:47,996 - INFO - Time: 2025-11-24T15:25:41+00:00
2025-11-28 20:30:47,996 - INFO - Content: **过去 24 小时全网爆仓 2.35 亿美元，主爆多单**

深潮 TechFlow 消息，11 月 24 日，据 Coinglass 数据，过去 24 小时内加密货币市场总爆仓金额达 2.35 亿美元，其中，多单爆仓 1.36 亿美元，空单爆仓 9941.8 万美元。全球共有 110,371 人被爆仓，最大单笔爆仓单发生在 Bybit - BTCUSDT 价值 175.48万美元。
 
 https://www.techflowpost.com/newsletter/detail_106406.html
2025-11-28 20:30:47,996 - INFO - --------------------------------------------------
2025-11-28 20:30:48,072 - INFO - Channel: -1001735732363
2025-11-28 20:30:48,072 - INFO - Time: 2025-11-24T15:22:04+00:00
2025-11-28 20:30:48,072 - INFO - Content: **Coinbase将上线Monad(MON)永续合约交易**

深潮 TechFlow 消息，11 月 24 日，据官方消息，Coinbase 将于 2025 年 11 月 24 日正式上线 Monad (MON) 永续合约交易。

如果流动性条件满足，MON-PERP 交易市场将在支持交易的地区于 UTC 时间 17:00 或之后开始开放。
 
 https://www.techflowpost.com/newsletter/detail_106405.html
2025-11-28 20:30:48,072 - INFO - --------------------------------------------------
2025-11-28 20:30:48,128 - INFO - Channel: -1001735732363
2025-11-28 20:30:48,128 - INFO - Time: 2025-11-24T15:19:47+00:00
2025-11-28 20:30:48,128 - INFO - Content: **麻吉大哥再次向 HyperLiquid 存入约 50 万 USDC，并加仓做多 ETH**

深潮 TechFlow 消息，11 月 24 日，据链上分析师 Onchain Lens（@OnchainLens）监测，麻吉大哥再次向 HyperLiquid 存入了 499,680 枚 USDC，并增加了 ETH（25 倍杠杆）的做多仓位，同时开设了 HYPE（10 倍杠杆）的做多仓位。总体而言，麻吉大哥已亏损约 2034 万美元。
 
 https://www.techflowpost.com/newsletter/detail_106404.html
2025-11-28 20:30:48,128 - INFO - --------------------------------------------------
2025-11-28 20:30:48,201 - INFO - Channel: -1001735732363
2025-11-28 20:30:48,201 - INFO - Time: 2025-11-24T15:17:39+00:00
2025-11-28 20:30:48,201 - INFO - Content: **谷歌母公司Alphabet盘中涨超6%**

深潮 TechFlow 消息，11 月 24 日，行情显示，谷歌母公司Alphabet盘中涨超6%，现报316.3美元，市值升至3.82万亿美元。
 
 https://www.techflowpost.com/newsletter/detail_106403.html
2025-11-28 20:30:48,201 - INFO - --------------------------------------------------
2025-11-28 20:30:48,257 - INFO - Channel: -1001735732363
2025-11-28 20:30:48,257 - INFO - Time: 2025-11-24T15:11:29+00:00
2025-11-28 20:30:48,257 - INFO - Content: **Sky Protocol上周斥资190万枚USDS回购4050万枚SKY代币**

深潮 TechFlow 消息，11 月 24 日，据官方消息，Sky Protocol 上周斥资 190 万枚 USDS 回购 4050 万枚 SKY 代币，自回购计划启动以来，截至目前回购总金额已超过 8600 万枚 USDS。
 
 https://www.techflowpost.com/newsletter/detail_106402.html
2025-11-28 20:30:48,257 - INFO - --------------------------------------------------
2025-11-28 20:30:48,313 - INFO - Channel: -1001735732363
2025-11-28 20:30:48,313 - INFO - Time: 2025-11-24T15:08:50+00:00
2025-11-28 20:30:48,313 - INFO - Content: **某用户在钓鱼交易中损失约 83.8 万美元的 PT - LP tUSDe**

深潮 TechFlow 消息，11 月 24 日，据 Scam Sniffer 监测，某用户因签署了钓鱼「批准」交易而损失约 83.8 万美元的 PT - LP tUSDe。
 
 https://www.techflowpost.com/newsletter/detail_106401.html
2025-11-28 20:30:48,313 - INFO - --------------------------------------------------
2025-11-28 20:30:48,353 - INFO - Channel: -1001735732363
2025-11-28 20:30:48,353 - INFO - Time: 2025-11-24T15:04:48+00:00
2025-11-28 20:30:48,353 - INFO - Content: **AI 基础设施网络 Talus 宣布空投注册正式上线**

深潮 TechFlow 消息，11 月 24 日，Talus Foundation 官方宣布其空投注册已正式上线。该项目采用创新的社区奖励模式，强调长期价值而非传统的流动代币分发。用户可通过官方门户网站进行注册确认资格。
 
 https://www.techflowpost.com/newsletter/detail_106400.html
2025-11-28 20:30:48,353 - INFO - --------------------------------------------------
2025-11-28 20:30:48,400 - INFO - Channel: -1001735732363
2025-11-28 20:30:48,400 - INFO - Time: 2025-11-24T15:00:10+00:00
2025-11-28 20:30:48,400 - INFO - Content: **Monad（MON）全面上线Bybit Alpha及现货市场**

深潮 TechFlow 消息，11 月 24 日，据悉，Monad (MON)已上线Bybit Alpha，同时Bybit也已在11月24日东八区23点开放现货交易。
用户只需登入Bybit Alpha即可快速交易、无需另设钱包，有机会参与活动获取丰厚奖金，并实时追踪热门代币行情。同时，Bybit现货用户现可交易MON/USDT交易对。
 
 https://www.techflowpost.com/newsletter/detail_106381.html
2025-11-28 20:30:48,400 - INFO - --------------------------------------------------
2025-11-28 20:30:48,472 - INFO - Channel: -1001735732363
2025-11-28 20:30:48,472 - INFO - Time: 2025-11-24T14:53:24+00:00
2025-11-28 20:30:48,472 - INFO - Content: **币安将转换 MONUSDT 永续合约盘前交易为标准 U 本位永续合约**

深潮 TechFlow 消息，11 月 24 日，币安合约将于 2025 年 11 月 24 日 23:00 将 MONUSDT 永续合约盘前交易转换为标准版 MONUSDT U 本位永续合约，过渡期可能长达 3 小时。在过渡期间，交易功能不受影响，未成交委托及仓位不会被取消。
 
 https://www.techflowpost.com/newsletter/detail_106399.html
2025-11-28 20:30:48,472 - INFO - --------------------------------------------------
2025-11-28 20:30:48,537 - INFO - Channel: -1001735732363
2025-11-28 20:30:48,537 - INFO - Time: 2025-11-24T14:51:18+00:00
2025-11-28 20:30:48,537 - INFO - Content: **国家主席习近平同美国总统特朗普通电话**

深潮 TechFlow 消息，11 月 24 日，据金十数据报道，国家主席习近平同美国总统特朗普通电话。习近平指出，上个月我们在韩国釜山成功举行会晤，达成很多重要共识，为中美关系这艘巨轮稳健前行校准航向、注入动力，也向世界传递积极信号。釜山会晤以来，中美关系总体稳定向好，受到两国和国际社会普遍欢迎，事实再次说明，中美“合则两利、斗则俱伤”是经过实践反复验证的常识，中美“相互成就、共同繁荣”是看得见、摸得着的实景。双方要保持住这个势头，坚持正确方向，秉持平等、尊重、互惠态度，拉长合作清单、压缩问题清单，争取更多积极进展，为中美关系打开新的合作空间，更好造福两国人民和世界人民。习近平阐明了中方在台湾问题上的原则立场，强调台湾回归中国是战后国际秩序重要组成部分。中美曾并肩抗击法西斯和军国主义，当前更应该共同维护好二战胜利成果。特朗普表示，习近平主席是伟大的领导人。我同习近平主席在釜山的会晤非常愉快，完全赞同您对两国关系的看法。双方正在全面落实釜山会晤达成的重要共识。中国当年为二战胜利发挥了重要作用，美方理解台湾问题对于中国的重要性。两国元首还谈及乌克兰危机。习近平强调，中方支持一切致力于和平的努力，希望各方不断缩小分歧，早日达成一个公平、持久、有约束力的和平协议，从根源上解决这场危机。（央视新闻）
 
 https://www.techflowpost.com/newsletter/detail_106398.html
2025-11-28 20:30:48,537 - INFO - --------------------------------------------------
2025-11-28 20:30:48,740 - INFO - Channel: -1001735732363
2025-11-28 20:30:48,740 - INFO - Time: 2025-11-24T14:49:24+00:00
2025-11-28 20:30:48,740 - INFO - Content: **Galaxy Research：纽约时报加密犯罪报道夸大问题规模，传统金融洗钱规模远超加密货币**

深潮 TechFlow 消息，11 月 24 日，纽约时报与国际调查记者联盟(ICIJ)近日发布"洗币行动"系列报道，声称过去两年有280亿美元非法资金流经主要加密交易所。然而，Galaxy Research分析指出该数据仅占交易总流入量的0.52%，远低于联合国估计的传统金融系统每年2-5%的洗钱比例。分析认为，区块链的透明性实际上有助于追踪可疑交易，而非阻碍执法。报告同时指出，新的监管框架如GENIUS法案和欧洲MiCA已使稳定币成为全球监管最严格的数字货币形式，行业正在努力平衡去中心化与合规监管之间的关系。
 
 https://www.techflowpost.com/newsletter/detail_106397.html
2025-11-28 20:30:48,741 - INFO - --------------------------------------------------
2025-11-28 20:30:48,859 - INFO - Channel: -1001735732363
2025-11-28 20:30:48,859 - INFO - Time: 2025-11-24T14:34:35+00:00
2025-11-28 20:30:48,859 - INFO - Content: **美股开盘，加密股普涨**

深潮 TechFlow 消息，11 月 24 日，美股开盘，道指开涨0.23%，标普500指数涨0.51%，纳指涨0.92%。


 SharpLink Gaming (SBET): 上涨1.37%，报9.650美元
 Strategy (MSTR): 上涨0.67%，报171.640美元
 Coinbase Global (COIN): 上涨2.63%，报246.725美元
 Circle (CRCL): 上涨0.84%，报71.930美元
 KULR Technology (KULR): 上涨2.62%，报2.350美元
 BTCS (BTCS): 上涨3.42%，报2.875美元
 BitMine Immersion (BMNR): 上涨6.19%，报27.610美元
 Robinhood Markets (HOOD): 上涨2.98%，报110.500美元
 Tron (TRON): 上涨0.05%，报1.891美元
 MARA Holdings (MARA): 上涨4.77%，报10.550美元
 Riot Platforms (RIOT): 上涨2.60%，报13.040美元
 Hut 8 (HUT): 上涨2.62%，报35.240美元


 
 
 https://www.techflowpost.com/newsletter/detail_106396.html
2025-11-28 20:30:48,859 - INFO - --------------------------------------------------
2025-11-28 20:30:49,045 - INFO - Channel: -1001735732363
2025-11-28 20:30:49,045 - INFO - Time: 2025-11-24T14:15:18+00:00
2025-11-28 20:30:49,045 - INFO - Content: **Ondo Finance 宣布向 Figure 的收益型稳定币 YLDS 投资 2500 万美元**

深潮 TechFlow 消息，11 月 24 日，Ondo Finance 宣布向 Figure 的收益型稳定币 YLDS 投资 2500 万美元，用于增强其旗舰代币化基金 OUSG 的收益来源并提升多元化配置。OUSG 目前 TVL 超 7.8 亿美元，底层已配置 BlackRock、Fidelity、Franklin Templeton、WisdomTree、FundBridge Capital 等机构产品。

 
 
 https://www.techflowpost.com/newsletter/detail_106395.html
2025-11-28 20:30:49,045 - INFO - --------------------------------------------------
2025-11-28 20:30:49,139 - INFO - Channel: -1001735732363
2025-11-28 20:30:49,139 - INFO - Time: 2025-11-24T14:13:37+00:00
2025-11-28 20:30:49,139 - INFO - Content: **灰度披露狗狗币ETF详情：当前Dogecoin持仓量约1113.6万枚**

深潮 TechFlow 消息，11 月 24 日，数字资产管理公司灰度官方披露其狗狗币ETF详情，目前Grayscale Dogecoin Trust ETF（GDOG）持有的Dogecoin代币总量为11,136,681.421枚，资产管理规模达约154.6万美元，该ETF的狗狗币资产均在Coinbase Custody托管。
 
 https://www.techflowpost.com/newsletter/detail_106394.html
2025-11-28 20:30:49,139 - INFO - --------------------------------------------------
2025-11-28 20:30:49,193 - INFO - Channel: -1001735732363
2025-11-28 20:30:49,193 - INFO - Time: 2025-11-24T14:03:11+00:00
2025-11-28 20:30:49,193 - INFO - Content: **AVAX One 持有超 1380 万枚 AVAX 代币，价值超 1.1 亿美元**

深潮 TechFlow 消息，11 月 24 日，AVAX One Technology Ltd. (纳斯达克股票代码：AVX) 今日宣布，该公司已于 11 月 5 日至 23 日期间额外收购了 937.7 万枚 AVAX 代币，总价值 1.1 亿美元，平均购买价格约为 11.73 美元。此次收购使公司 AVAX 总持有量超过 1380 万枚。

公司首席执行官 Jolie Kahn 表示，AVAX One 仍有超过 3500 万美元现金可用于进一步收购 AVAX 代币和回购公司股票。董事会已批准一项价值 4000 万美元的股票回购计划，预计将很快开始实施。
 
 https://www.techflowpost.com/newsletter/detail_106393.html
2025-11-28 20:30:49,193 - INFO - --------------------------------------------------
2025-11-28 20:30:49,264 - INFO - Channel: -1001735732363
2025-11-28 20:30:49,264 - INFO - Time: 2025-11-24T13:47:50+00:00
2025-11-28 20:30:49,264 - INFO - Content: **币安将下线PONKE、SWELL和QUICK U本位永续合约**

深潮 TechFlow 消息，11 月 24 日，据官方公告，币安将于 2025 年 11 月 28 日 09：00（UTC）对 USDⓈ-MPONKEUSDT、SWELLUSDT 和 QUICKUSDT 永续合约进行平仓和自动结算，并下架该合约。自 2025 年 11 月 28 日 08：30（UTC）起，用户将无法开立新仓位。建议用户在合约下架前自行平仓以避免自动结算。
 
 https://www.techflowpost.com/newsletter/detail_106392.html
2025-11-28 20:30:49,264 - INFO - --------------------------------------------------
2025-11-28 20:48:03,065 - INFO - Got difference for channel 1735732363 updates
2025-11-28 20:48:04,138 - INFO - Got difference for channel 1469109660 updates
2025-11-28 20:48:04,253 - INFO - Got difference for channel 1605577413 updates
2025-11-28 20:48:05,036 - INFO - Got difference for channel 1387109317 updates
2025-11-28 20:48:05,128 - INFO - Channel: -1001387109317
2025-11-28 20:48:05,129 - INFO - Time: 2025-11-28T12:34:02+00:00
2025-11-28 20:48:05,129 - INFO - Content: **CME数据中心故障影响数万亿美元合约**

BlockBeats 消息，11 月 28 日，CME Group 的期货和期权交易因数据中心故障而暂停，影响范围波及数万亿美元合约的市场，包括 S&P 500 指数期货、美国国债、原油、汽油和棕榈油等。外汇平台 EBS 在停机数小时后于伦敦时间中午 12 点恢复服务。

在新加坡，有石油交易员表示，CME 是全球市场机制的关键组成部分。新加坡 Reed Capital Partners 的副首席投资官 Gerald Gan 指出，此次故障「非常令人烦恼」，并表示替代平台的流动性可能不如 CME 充足。Amundi SA 的投资组合经理 Amelie Derambure 表示，幸好周五是交易清淡的一天，否则这将是一个「相当大的障碍」。

此次故障发生在感恩节次日，美国市场仅有半日交易。Forte Securities 驻伦敦股票销售专家 Emmanuel Valavanis 表示，在一个月和年终交易的最后一天发生这种事，影响了数万亿美元的交易，情况非常糟糕。该故障已超过 2019 年因技术错误导致的长达数小时的停机事件。(彭博社)

原文链接 [https://m.theblockbeats.info/flash/322339](https://m.theblockbeats.info/flash/322339?from=telegram)
2025-11-28 20:48:05,129 - INFO - --------------------------------------------------
2025-11-28 23:02:22,585 - WARNING - Server closed the connection: [Errno 49] Can't assign requested address
2025-11-28 23:02:22,586 - INFO - Connection closed while receiving data: [Errno 49] Can't assign requested address
2025-11-28 23:02:22,586 - INFO - Closing current connection to begin reconnect...
2025-11-28 23:02:22,587 - INFO - Connecting to 91.108.56.117:443/TcpFull...
2025-11-28 23:02:22,587 - INFO - <class 'OSError'> during disconnect: [Errno 49] Can't assign requested address
2025-11-28 23:02:32,589 - WARNING - Attempt 1 at connecting failed: TimeoutError: 
2025-11-28 23:02:44,747 - WARNING - Attempt 2 at connecting failed: TimeoutError: 
2025-11-28 23:02:56,963 - WARNING - Attempt 3 at connecting failed: TimeoutError: 
2025-11-28 23:03:09,168 - WARNING - Attempt 4 at connecting failed: TimeoutError: 
2025-11-28 23:03:21,370 - WARNING - Attempt 5 at connecting failed: TimeoutError: 
2025-11-28 23:03:33,571 - WARNING - Attempt 6 at connecting failed: TimeoutError: 
2025-11-28 23:03:35,600 - INFO - Failed reconnection attempt 1 with ConnectionError
2025-11-28 23:03:37,637 - INFO - Connecting to 91.108.56.117:443/TcpFull...
2025-11-28 23:03:47,808 - WARNING - Attempt 1 at connecting failed: TimeoutError: 
2025-11-28 23:04:00,021 - WARNING - Attempt 2 at connecting failed: TimeoutError: 
2025-11-28 23:04:12,225 - WARNING - Attempt 3 at connecting failed: TimeoutError: 
2025-11-28 23:04:24,435 - WARNING - Attempt 4 at connecting failed: TimeoutError: 
2025-11-28 23:04:36,638 - WARNING - Attempt 5 at connecting failed: TimeoutError: 
2025-11-28 23:04:48,837 - WARNING - Attempt 6 at connecting failed: TimeoutError: 
2025-11-28 23:04:50,869 - INFO - Failed reconnection attempt 2 with ConnectionError
2025-11-28 23:04:52,901 - INFO - Connecting to 91.108.56.117:443/TcpFull...
2025-11-28 23:05:03,073 - WARNING - Attempt 1 at connecting failed: TimeoutError: 
2025-11-28 23:05:15,257 - WARNING - Attempt 2 at connecting failed: TimeoutError: 
2025-11-28 23:05:27,460 - WARNING - Attempt 3 at connecting failed: TimeoutError: 
2025-11-28 23:05:39,664 - WARNING - Attempt 4 at connecting failed: TimeoutError: 
2025-11-28 23:05:51,867 - WARNING - Attempt 5 at connecting failed: TimeoutError: 
2025-11-28 23:06:04,074 - WARNING - Attempt 6 at connecting failed: TimeoutError: 
2025-11-28 23:06:06,108 - INFO - Failed reconnection attempt 3 with ConnectionError
2025-11-28 23:06:08,147 - INFO - Connecting to 91.108.56.117:443/TcpFull...
2025-11-28 23:06:18,307 - WARNING - Attempt 1 at connecting failed: TimeoutError: 
2025-11-28 23:06:30,519 - WARNING - Attempt 2 at connecting failed: TimeoutError: 
2025-11-28 23:06:42,723 - WARNING - Attempt 3 at connecting failed: TimeoutError: 
2025-11-28 23:06:54,932 - WARNING - Attempt 4 at connecting failed: TimeoutError: 
2025-11-28 23:07:07,134 - WARNING - Attempt 5 at connecting failed: TimeoutError: 
2025-11-28 23:07:19,338 - WARNING - Attempt 6 at connecting failed: TimeoutError: 
2025-11-28 23:07:21,368 - INFO - Failed reconnection attempt 4 with ConnectionError
2025-11-28 23:07:23,400 - INFO - Connecting to 91.108.56.117:443/TcpFull...
2025-11-28 23:07:33,576 - WARNING - Attempt 1 at connecting failed: TimeoutError: 
2025-11-28 23:07:45,786 - WARNING - Attempt 2 at connecting failed: TimeoutError: 
2025-11-28 23:07:57,995 - WARNING - Attempt 3 at connecting failed: TimeoutError: 
2025-11-28 23:08:10,197 - WARNING - Attempt 4 at connecting failed: TimeoutError: 
2025-11-28 23:08:22,414 - WARNING - Attempt 5 at connecting failed: TimeoutError: 
2025-11-28 23:08:34,622 - WARNING - Attempt 6 at connecting failed: TimeoutError: 
2025-11-28 23:08:36,655 - INFO - Failed reconnection attempt 5 with ConnectionError
2025-11-28 23:08:38,690 - ERROR - Automatic reconnection failed 5 time(s)
2025-11-28 23:08:38,690 - INFO - Disconnecting from 91.108.56.117:443/TcpFull...
2025-11-28 23:08:38,691 - INFO - Disconnection from 91.108.56.117:443/TcpFull complete!
2025-11-28 23:08:38,691 - INFO - Cannot get difference since the network is down: ConnectionError: Connection to Telegram failed 5 time(s)
2025-11-28 23:08:38,691 - INFO - Not disconnecting (already have no connection)
2025-11-28 23:08:38,691 - ERROR - Unhandled exception from keepalive_handle after cancelling <class '_asyncio.Task'> (<Task finished name='Task-8' coro=<UpdateMethods._keepalive_loop() done, defined at /Users/hk00604ml/cjy/MscProject-NewsAgent2025/.venv/lib/python3.11/site-packages/telethon/client/updates.py:485> exception=OperationalError('database is locked')>)
Traceback (most recent call last):
  File "/Users/hk00604ml/cjy/MscProject-NewsAgent2025/.venv/lib/python3.11/site-packages/telethon/helpers.py", line 176, in _cancel
    await task
  File "/Users/hk00604ml/cjy/MscProject-NewsAgent2025/.venv/lib/python3.11/site-packages/telethon/client/updates.py", line 521, in _keepalive_loop
    await self._save_states_and_entities()
  File "/Users/hk00604ml/cjy/MscProject-NewsAgent2025/.venv/lib/python3.11/site-packages/telethon/client/telegrambaseclient.py", line 701, in _save_states_and_entities
    self.session.process_entities(
  File "/Users/hk00604ml/cjy/MscProject-NewsAgent2025/.venv/lib/python3.11/site-packages/telethon/sessions/sqlite.py", line 301, in process_entities
    c.executemany(
sqlite3.OperationalError: database is locked
2025-11-28 23:08:38,696 - ERROR - 运行过程中出现错误: Connection to Telegram failed 5 time(s)
2025-11-28 23:08:38,696 - INFO - Not disconnecting (already have no connection)
2025-11-28 23:08:38,696 - ERROR - Unhandled exception from keepalive_handle after cancelling <class '_asyncio.Task'> (<Task finished name='Task-8' coro=<UpdateMethods._keepalive_loop() done, defined at /Users/hk00604ml/cjy/MscProject-NewsAgent2025/.venv/lib/python3.11/site-packages/telethon/client/updates.py:485> exception=OperationalError('database is locked')>)
Traceback (most recent call last):
  File "/Users/hk00604ml/cjy/MscProject-NewsAgent2025/.venv/lib/python3.11/site-packages/telethon/helpers.py", line 176, in _cancel
    await task
sqlite3.OperationalError: database is locked
2025-11-28 23:08:38,698 - INFO - Consumer stream cancelled

Mentioned Currencies:  Ethereum,Hyperliquid
Keywords:  [('价为', 0.5505), ('美元', 0.501), ('万美元', 0.4215), ('价值', 0.3462), ('ai', 0.2581), ('分析师', 0.2523), ('eth', 0.2515), ('9684xtpa', 0.229), ('累计', 0.2164), ('持仓', 0.2071)]
Mentioned Currencies:  Bitcoin
Keywords:  [('太难', 0.4407), ('崩溃', 0.4139), ('ai', 0.379), ('挤兑', 0.3779), ('不及', 0.3695), ('矿主', 0.3646), ('坦言', 0.361), ('矿工', 0.3597), ('中国', 0.3528), ('撕开', 0.3511)]
Mentioned Currencies:  
Keywords:  [('美国股市', 0.6803), ('股市', 0.6632), ('证券交易', 0.6237), ('股票', 0.6052), ('类股票', 0.5616), ('波动', 0.4649), ('年底', 0.4551), ('下跌', 0.4491), ('市场', 0.4449), ('抛售', 0.4324)]
Mentioned Currencies:  
Keywords:  [('dao', 0.5248), ('dao2025', 0.4951), ('共识', 0.4534), ('广州', 0.4478), ('大使', 0.4167), ('htx', 0.3996), ('红丹丹', 0.3832), ('公益', 0.3655), ('年报', 0.3454), ('信心', 0.343)]
Mentioned Currencies:  Ethereum,Bitcoin
Keywords:  [('许可证', 0.5008), ('cecabank', 0.4842), ('renta4banco', 0.4835), ('西班牙', 0.4713), ('授权', 0.4442), ('商业银行', 0.3923), ('兴业银行', 0.3823), ('renta4', 0.3816), ('合法', 0.3598), ('criptonoticias', 0.3312)]
Mentioned Currencies:  
Keywords:  [('美元', 0.5035), ('黄金', 0.502), ('盎司', 0.3088), ('日内涨', 0.1496), ('首次', 0.1419), ('数据', 0.1302), ('现货', 0.0935), ('以来', 0.0829), ('站上', 0.0794), ('报道', 0.0413)]
Mentioned Currencies:  
Keywords:  [('股份', 0.525), ('万元', 0.4563), ('投资', 0.4517), ('收购', 0.4456), ('收市价', 0.4418), ('资金', 0.4255), ('亿股', 0.4209), ('认购价', 0.4202), ('集资', 0.3866), ('市场', 0.3583)]
Mentioned Currencies:  Ethereum,Bitcoin
Keywords:  [('etf', 0.4569), ('抛售', 0.3942), ('滞后性', 0.3665), ('coinbase', 0.3119), ('转账', 0.3011), ('发布', 0.2994), ('创始人', 0.2941), ('滞后', 0.2843), ('做市商', 0.2761), ('btc', 0.2722)]
Mentioned Currencies:  
Keywords:  [('俄罗斯', 0.5412), ('圣彼得堡', 0.4954), ('嫌疑人', 0.4733), ('逮捕', 0.4231), ('抢劫罪', 0.4159), ('列宁格勒州', 0.3939), ('khersonskaya', 0.3936), ('抢劫', 0.3847), ('拘留', 0.3696), ('加密', 0.3633)]
Mentioned Currencies:  
Keywords:  [('主网', 0.4732), ('网络', 0.3691), ('layer1', 0.3058), ('交易所', 0.2883), ('兼容', 0.2323), ('monad', 0.1853), ('现有', 0.1723), ('weex', 0.165), ('完全', 0.1525), ('宣布', 0.152)]
Mentioned Currencies:  Ethereum
Keywords:  [('成本', 0.5163), ('花费', 0.4432), ('美元', 0.4324), ('9684xtpa', 0.3935), ('万美元', 0.3546), ('巨鲸', 0.3378), ('波段', 0.2703), ('平均', 0.2671), ('亏损', 0.2611), ('交易', 0.2609)]
Mentioned Currencies:  
Keywords:  [('candybomb', 0.3743), ('bot', 0.357), ('合约', 0.3529), ('同步', 0.3378), ('交易量', 0.3287), ('时间', 0.3228), ('永续', 0.2974), ('奖励', 0.2958), ('交易', 0.2847), ('杠杆', 0.2847)]
Mentioned Currencies:  
Keywords:  [('美联储', 0.4958), ('未来', 0.483), ('决定', 0.4652), ('最终', 0.437), ('决定权', 0.4233), ('降息', 0.3962), ('目前', 0.3945), ('概括', 0.3853), ('进一步', 0.3788), ('盟友', 0.3702)]
Mentioned Currencies:  
Keywords:  [('berachain', 0.4669), ('创始人', 0.3511), ('投资者', 0.3449), ('持有者', 0.3444), ('发布', 0.3393), ('融资', 0.3325), ('消息', 0.3302), ('基金', 0.3176), ('网络', 0.3158), ('协议', 0.2943)]
Mentioned Currencies:  
Keywords:  [('meet48best7', 0.5447), ('meet48', 0.5111), ('meet48app', 0.4947), ('投票', 0.4537), ('排名', 0.4393), ('dapp24h', 0.4161), ('第二届', 0.4034), ('dapp30', 0.3925), ('官网', 0.3864), ('第一阶段', 0.3807)]
Mentioned Currencies:  Sui
Keywords:  [('rcusdp', 0.4787), ('r25', 0.4598), ('协议', 0.3763), ('公链', 0.361), ('货币', 0.3597), ('代币', 0.3587), ('rcusd', 0.3503), ('基金', 0.3407), ('持有者', 0.336), ('资产', 0.3305)]
Mentioned Currencies:  Chainlink,Ethena,World Liberty Financial,TRON,Aave
Keywords:  [('交易所', 0.4625), ('htx', 0.4414), ('9684xtpa', 0.4104), ('wlfi', 0.4055), ('美元', 0.3963), ('均价', 0.3215), ('代币', 0.3153), ('trx', 0.3126), ('万美元', 0.303), ('价值', 0.2957)]
Mentioned Currencies:  
Keywords:  [('价格', 0.6664), ('市值', 0.5036), ('美元', 0.4851), ('亿美元', 0.4416), ('行情', 0.3815), ('涨幅', 0.3651), ('涨至', 0.1993), ('流通', 0.1966), ('monad', 0.1944), ('htx', 0.1438)]
Mentioned Currencies:  
Keywords:  [('通胀', 0.605), ('美联储', 0.5935), ('金融市场', 0.5509), ('美元', 0.5313), ('金价', 0.5102), ('涨幅', 0.482), ('行情', 0.4709), ('期货', 0.4446), ('走势', 0.4201), ('概率', 0.4063)]
Mentioned Currencies:  Bitcoin,Hyperliquid
Keywords:  [('495btc', 0.4201), ('钱包', 0.392), ('lookonchain', 0.3886), ('币空单', 0.3831), ('价格', 0.371), ('美元', 0.3506), ('0xccef', 0.2848), ('hyperliquid', 0.2835), ('万美元', 0.2507), ('usdc', 0.2265)]
Mentioned Currencies:  Ethereum
Keywords:  [('隐私', 0.6562), ('decrypt', 0.5352), ('网络攻击', 0.4925), ('抵押', 0.3402), ('银行', 0.3338), ('泄露', 0.33), ('摩根', 0.2703), ('发表', 0.2619), ('贷款', 0.2497), ('situsamc', 0.2399)]
Mentioned Currencies:  USDC,Ethereum
Keywords:  [('鲸鱼', 0.5548), ('资产', 0.3644), ('万美元', 0.3196), ('价值', 0.312), ('购入', 0.2884), ('falconx', 0.2833), ('onchain', 0.2507), ('加密', 0.2483), ('usdc', 0.1851), ('weeth', 0.1274)]
Mentioned Currencies:  Tether
Keywords:  [('欧洲央行', 0.5358), ('金融市场', 0.516), ('风险', 0.4656), ('金融', 0.433), ('美债', 0.4189), ('威胁', 0.3886), ('稳定性', 0.3865), ('稳定', 0.3424), ('漏洞', 0.339), ('投资者', 0.2892)]
Mentioned Currencies:  Bitcoin,Dogecoin,Ondo
Keywords:  [('美联储', 0.5218), ('纽约证券交易所', 0.4683), ('finance', 0.4488), ('中信证券', 0.4129), ('融资', 0.3809), ('市场', 0.3749), ('行情', 0.365), ('交易所', 0.3631), ('etf', 0.339), ('银行', 0.3383)]
Mentioned Currencies:  
Keywords:  [('恐慌', 0.5254), ('市场', 0.4081), ('贪婪', 0.3647), ('指数', 0.3057), ('货币', 0.2784), ('数据', 0.2174), ('加密', 0.1889), ('状态', 0.1608), ('今日', 0.1593), ('昨日', 0.148)]
Mentioned Currencies:  Aave
Keywords:  [('成本价', 0.5739), ('价格', 0.5668), ('美元', 0.4768), ('投资', 0.4308), ('代币', 0.4064), ('总价值', 0.3979), ('市场', 0.3655), ('购买', 0.3604), ('购入', 0.3482), ('万美元', 0.3454)]
Mentioned Currencies:  Dogecoin
Keywords:  [('效率', 0.5302), ('美国政府', 0.499), ('政府', 0.4953), ('行政', 0.441), ('部门', 0.3561), ('机构', 0.3518), ('万亿美元', 0.3458), ('管理局', 0.3242), ('削减', 0.3175), ('期限', 0.2993)]
Mentioned Currencies:  
Keywords:  [('黑客', 0.4458), ('漏洞', 0.41), ('onefly', 0.3382), ('地址', 0.3104), ('用户', 0.2972), ('劫持', 0.2871), ('钱包', 0.282), ('攻击', 0.2629), ('检查', 0.2502), ('慢雾', 0.2438)]
Mentioned Currencies:  Ethereum,Bitcoin,Hyperliquid
Keywords:  [('投资者', 0.3507), ('lookonchain', 0.3035), ('hyperliquid', 0.2933), ('万美元', 0.228), ('价值', 0.1757), ('杠杆', 0.1501), ('usdc', 0.1278), ('开设', 0.1066), ('早期', 0.1046), ('小时', 0.0965)]
Mentioned Currencies:  
Keywords:  [('加密', 0.4929), ('人工智能', 0.4537), ('美联储', 0.3296), ('实际', 0.326), ('货币', 0.2988), ('应用', 0.2473), ('领域', 0.2117), ('没有', 0.1879), ('确实', 0.1616), ('场景', 0.1481)]
Mentioned Currencies:  
Keywords:  [('巨鲸', 0.5591), ('价格', 0.5561), ('花费', 0.5221), ('美元', 0.522), ('代币', 0.4265), ('均价', 0.3969), ('万美元', 0.376), ('购买', 0.3581), ('万枚', 0.2232), ('mon', 0.1755)]
Mentioned Currencies:  
Keywords:  [('赵长鹏', 0.538), ('辟谣', 0.5091), ('假消息', 0.4813), ('成龙', 0.4718), ('加密', 0.4302), ('饰演', 0.3674), ('纪录片', 0.3411), ('netflix', 0.3056), ('澄清', 0.2933), ('表示', 0.266)]
Mentioned Currencies:  
Keywords:  [('加密', 0.4227), ('日本', 0.3965), ('金融', 0.3531), ('货币', 0.3154), ('交易所', 0.2917), ('责任', 0.2573), ('日经', 0.2428), ('资产', 0.2162), ('准备金', 0.2123), ('计划', 0.2069)]
Mentioned Currencies:  Solana
Keywords:  [('circle', 0.4646), ('亿枚', 0.4131), ('onchainlens', 0.386), ('网络', 0.3644), ('usdc', 0.3199), ('以来', 0.2411), ('solana', 0.2277), ('累计', 0.2208), ('链上', 0.2067), ('今日', 0.1758)]
Mentioned Currencies:  
Keywords:  [('谷歌', 0.5343), ('万亿美元', 0.4367), ('市值', 0.3501), ('企业', 0.3088), ('微软', 0.3003), ('股价', 0.282), ('公司', 0.2502), ('市场', 0.2237), ('亚马逊', 0.2235), ('值得', 0.2135)]
Mentioned Currencies:  Bitcoin
Keywords:  [('目标价', 0.3885), ('溢价', 0.3617), ('2022', 0.3561), ('股价', 0.3318), ('美元', 0.3198), ('加密', 0.3181), ('市场', 0.2912), ('发行', 0.2893), ('股票', 0.2826), ('2021', 0.2807)]
Mentioned Currencies:  
Keywords:  [('能源技术', 0.5916), ('电网', 0.4989), ('电力', 0.4868), ('crypto', 0.4806), ('充电器', 0.4515), ('energy', 0.4464), ('电动汽车', 0.4253), ('技术设备', 0.367), ('dollar', 0.3542), ('太阳能', 0.3408)]
Mentioned Currencies:  Bitcoin
Keywords:  [('亿美元', 0.3752), ('收购', 0.3478), ('资金', 0.3274), ('现金', 0.2936), ('加密', 0.2932), ('钱包', 0.2793), ('w3c', 0.2734), ('融资', 0.2677), ('exodus', 0.2625), ('货币', 0.2564)]
Mentioned Currencies:  Bitcoin
Keywords:  [('btc', 0.4274), ('缩小', 0.2855), ('跌破', 0.2795), ('美元', 0.2708), ('涨幅', 0.2632), ('行情', 0.2612), ('小时', 0.2395), ('htx', 0.1657), ('数据', 0.1498), ('显示', 0.1013)]
Mentioned Currencies:  
Keywords:  [('基金', 0.3934), ('融资', 0.3838), ('berachain', 0.3784), ('现金', 0.3686), ('加密', 0.3585), ('风险投资', 0.3516), ('货币', 0.3368), ('美元', 0.3338), ('投资者', 0.3314), ('价格', 0.3266)]
Mentioned Currencies:  
Keywords:  [('谷歌现', 0.5917), ('谷歌', 0.5729), ('定价权', 0.3749), ('销售额', 0.3677), ('科技', 0.3631), ('销售', 0.3568), ('市场', 0.3546), ('公司', 0.3226), ('股价', 0.3202), ('tpu', 0.2907)]
Mentioned Currencies:  
Keywords:  [('coinbase', 0.4183), ('2025', 0.3891), ('wmtx', 0.3663), ('现货交易', 0.3116), ('mobile', 0.2633), ('宣布', 0.2449), ('world', 0.2448), ('公告', 0.2323), ('交易', 0.2237), ('时间', 0.2214)]
Mentioned Currencies:  
Keywords:  [('利率', 0.5111), ('美联储', 0.4535), ('概率', 0.447), ('明年', 0.308), ('cme', 0.2925), ('数据', 0.2223), ('基点', 0.2204), ('降息', 0.2186), ('报道', 0.194), ('不变', 0.1877)]
Mentioned Currencies:  
Keywords:  [('通胀', 0.4602), ('下个月', 0.4384), ('加息', 0.4238), ('货币政策', 0.3917), ('劳动力', 0.3802), ('2027', 0.368), ('美联储', 0.34), ('就业', 0.3316), ('今年', 0.3236), ('可能', 0.3155)]
Mentioned Currencies:  
Keywords:  [('特朗普', 0.4726), ('人工智能', 0.4343), ('创新', 0.3613), ('总统', 0.35), ('mission', 0.3472), ('美国白宫', 0.3393), ('科研机构', 0.3088), ('使命', 0.3061), ('科技', 0.3041), ('科研', 0.2842)]
Mentioned Currencies:  
Keywords:  [('亚马逊', 0.5226), ('人工智能', 0.3205), ('投资', 0.2728), ('亿美元', 0.268), ('基础设施', 0.245), ('美国政府', 0.2003), ('扩展', 0.1332), ('计算', 0.1038), ('机构', 0.0659), ('ai', 0.0656)]
Mentioned Currencies:  
Keywords:  [('2025', 0.4827), ('第三季度', 0.433), ('三季度', 0.4315), ('日期', 0.4273), ('经济', 0.4244), ('改期', 0.3621), ('更新', 0.3207), ('数据', 0.3079), ('最新', 0.2893), ('报告', 0.2682)]
Mentioned Currencies:  Pump.fun,MemeCore
Keywords:  [('现价', 0.5534), ('美元', 0.4543), ('市值', 0.4369), ('代币', 0.4219), ('货币', 0.4212), ('cc', 0.3985), ('涨幅', 0.3912), ('跌幅', 0.3388), ('加密', 0.3079), ('coinmarketcap', 0.2968)]
Mentioned Currencies:  
Keywords:  [('亿美元', 0.5669), ('主爆', 0.3772), ('全网', 0.3758), ('金额', 0.3736), ('加密', 0.3575), ('万美元', 0.3262), ('最大', 0.3143), ('货币', 0.3047), ('全球', 0.2876), ('市场', 0.258)]
Mentioned Currencies:  
Keywords:  [('coinbase', 0.4594), ('2025', 0.3881), ('时间', 0.3255), ('交易市场', 0.2736), ('合约', 0.2669), ('交易', 0.1966), ('官方消息', 0.1944), ('永续', 0.1906), ('perp', 0.183), ('monad', 0.175)]
Mentioned Currencies:  Ethereum,Hyperliquid
Keywords:  [('onchainlens', 0.3272), ('onchain', 0.3254), ('hyperliquid', 0.3185), ('万美元', 0.2515), ('杠杆', 0.2205), ('亏损', 0.2125), ('增加', 0.2053), ('据链', 0.2025), ('usdc', 0.186), ('分析师', 0.1837)]
Mentioned Currencies:  
Keywords:  [('谷歌', 0.4817), ('市值', 0.3561), ('万亿美元', 0.346), ('行情', 0.2103), ('涨超', 0.2043), ('美元', 0.1937), ('升至', 0.153), ('母公司', 0.0983), ('alphabet', 0.0876), ('现报', 0.0847)]
Mentioned Currencies:  
Keywords:  [('sky', 0.4212), ('总金额', 0.2769), ('回购', 0.2735), ('protocol', 0.2287), ('斥资', 0.2152), ('官方消息', 0.1856), ('以来', 0.1757), ('代币', 0.1729), ('万枚', 0.1709), ('上周', 0.1341)]
Mentioned Currencies:  
Keywords:  [('损失', 0.4884), ('交易', 0.3476), ('用户', 0.3466), ('万美元', 0.3402), ('scam', 0.3116), ('钓鱼', 0.2918), ('pt', 0.2875), ('lp', 0.2184), ('签署', 0.2103), ('批准', 0.2075)]
Mentioned Currencies:  
Keywords:  [('注册', 0.4108), ('foundation', 0.3984), ('门户网站', 0.3553), ('基础设施', 0.3228), ('创新', 0.3199), ('项目', 0.309), ('官方', 0.3066), ('网络', 0.284), ('资格', 0.2807), ('奖励', 0.2653)]
Mentioned Currencies:  
Keywords:  [('bybit', 0.4947), ('代币', 0.2911), ('alpha', 0.2769), ('现货交易', 0.2756), ('mon', 0.2751), ('用户', 0.27), ('钱包', 0.2482), ('需登入', 0.2466), ('行情', 0.2282), ('上线', 0.2189)]
Mentioned Currencies:  
Keywords:  [('2025', 0.4325), ('过渡期', 0.3774), ('期间', 0.3454), ('合约', 0.344), ('交易', 0.3242), ('monusdt', 0.3085), ('永续', 0.3079), ('标准版', 0.2947), ('长达', 0.2916), ('小时', 0.2882)]
Mentioned Currencies:  
Keywords:  [('中美关系', 0.7377), ('美方', 0.5576), ('两国关系', 0.5549), ('中美', 0.5545), ('韩国', 0.5306), ('习近平', 0.5154), ('共识', 0.5148), ('两国', 0.4899), ('中方', 0.4827), ('两国人民', 0.4816)]
Mentioned Currencies:  
Keywords:  [('加密', 0.5301), ('亿美元', 0.4345), ('透明性', 0.367), ('货币', 0.3455), ('洗钱', 0.3381), ('galaxy', 0.3187), ('金融', 0.3152), ('资金', 0.3151), ('犯罪', 0.3058), ('纽约时报', 0.2903)]
Mentioned Currencies:  TRON
Keywords:  [('股普涨', 0.4424), ('gaming', 0.411), ('上涨', 0.3994), ('coinbase', 0.3777), ('指数', 0.3385), ('美元', 0.3356), ('btcs', 0.315), ('coin', 0.3045), ('markets', 0.3015), ('sharplink', 0.277)]
Mentioned Currencies:  Ondo
Keywords:  [('finance', 0.5797), ('基金', 0.5663), ('投资', 0.4608), ('亿美元', 0.3885), ('代币', 0.3855), ('fundbridge', 0.3695), ('收益', 0.3688), ('万美元', 0.2961), ('capital', 0.2923), ('wisdomtree', 0.2778)]
Mentioned Currencies:  Dogecoin
Keywords:  [('dogecoin', 0.6364), ('gdog', 0.5116), ('狗狗', 0.461), ('资产', 0.332), ('代币', 0.3246), ('万美元', 0.2957), ('总量', 0.2635), ('trust', 0.2608), ('coinbase', 0.2382), ('数字', 0.205)]
Mentioned Currencies:  
Keywords:  [('avx', 0.5129), ('avax', 0.3589), ('价格', 0.3481), ('公司股票', 0.3436), ('收购', 0.3428), ('股票', 0.3154), ('购买', 0.283), ('亿美元', 0.2393), ('股票代码', 0.2384), ('现金', 0.2305)]
Mentioned Currencies:  
Keywords:  [('2025', 0.4449), ('合约', 0.4285), ('结算', 0.4186), ('币安', 0.3387), ('永续', 0.3376), ('币安将', 0.3277), ('下线', 0.2785), ('官方', 0.2768), ('usd', 0.273), ('公告', 0.2722)]
Mentioned Currencies:  MemeCore
Keywords:  [('数据中心', 0.4378), ('市场', 0.4366), ('市场机制', 0.4288), ('期货', 0.4282), ('cme', 0.3938), ('美国市场', 0.3838), ('股票', 0.3735), ('新加坡', 0.3704), ('数万亿美元', 0.368), ('外汇', 0.3676)]
